id,customer_id,order_date,product,pack_size,channel,segment,subscription
O00001,C0174,2025-10-01,bar,12-bar box,marketplace,vegetarian,no
O00002,C1929,2025-10-01,bar,12-bar box,marketplace,weight_loss,no
O00003,C2592,2025-10-01,bar,12-bar box,marketplace,beginner,no
O00004,C2600,2025-10-01,bar,12-bar box,d2c,gym_regular,no
O00005,C3193,2025-10-01,bar,12-bar box,d2c,beginner,no
O00006,C3614,2025-10-01,bar,12-bar box,marketplace,weight_loss,no
O00007,C0079,2025-10-02,bar,12-bar box,marketplace,weight_loss,no
O00008,C0603,2025-10-02,bar,12-bar box,marketplace,beginner,no
O00009,C1123,2025-10-02,bar,12-bar box,d2c,gym_regular,no
O00010,C1647,2025-10-02,bar,12-bar box,marketplace,vegetarian,no
O00011,C1743,2025-10-02,bar,12-bar box,d2c,beginner,no
O00012,C2993,2025-10-02,bar,12-bar box,d2c,weight_loss,no
O00013,C3094,2025-10-02,bar,12-bar box,marketplace,endurance,no
O00014,C3119,2025-10-02,bar,12-bar box,marketplace,beginner,no
O00015,C3738,2025-10-02,bar,12-bar box,d2c,endurance,no
O00016,C0445,2025-10-03,bar,12-bar box,marketplace,endurance,no
O00017,C0638,2025-10-03,bar,12-bar box,marketplace,beginner,no
O00018,C0716,2025-10-03,bar,12-bar box,d2c,gym_regular,no
O00019,C1434,2025-10-03,bar,12-bar box,marketplace,beginner,no
O00020,C2213,2025-10-03,bar,12-bar box,d2c,weight_loss,no
O00021,C2686,2025-10-03,bar,12-bar box,marketplace,gym_regular,no
O00022,C3036,2025-10-03,bar,12-bar box,d2c,gym_regular,no
O00023,C0235,2025-10-04,bar,12-bar box,marketplace,weight_loss,no
O00024,C0568,2025-10-04,bar,12-bar box,d2c,gym_regular,no
O00025,C1373,2025-10-04,bar,12-bar box,marketplace,weight_loss,no
O00026,C2200,2025-10-04,bar,12-bar box,marketplace,beginner,no
O00027,C2278,2025-10-04,bar,12-bar box,d2c,gym_regular,no
O00028,C3783,2025-10-04,bar,12-bar box,marketplace,weight_loss,no
O00029,C1382,2025-10-05,bar,12-bar box,marketplace,beginner,no
O00030,C1871,2025-10-05,bar,12-bar box,d2c,weight_loss,no
O00031,C2545,2025-10-05,bar,12-bar box,d2c,beginner,no
O00032,C2876,2025-10-05,bar,12-bar box,marketplace,beginner,no
O00033,C3270,2025-10-05,bar,12-bar box,marketplace,vegetarian,no
O00034,C3785,2025-10-05,bar,12-bar box,marketplace,beginner,no
O00035,C0532,2025-10-06,bar,12-bar box,d2c,beginner,no
O00036,C0970,2025-10-06,bar,12-bar box,d2c,gym_regular,no
O00037,C1848,2025-10-06,bar,12-bar box,marketplace,beginner,no
O00038,C2718,2025-10-06,bar,12-bar box,marketplace,endurance,no
O00039,C2851,2025-10-06,bar,12-bar box,d2c,endurance,no
O00040,C3291,2025-10-06,bar,12-bar box,marketplace,endurance,no
O00041,C3612,2025-10-06,bar,12-bar box,d2c,beginner,no
O00042,C0241,2025-10-07,bar,12-bar box,d2c,weight_loss,no
O00043,C0503,2025-10-07,bar,12-bar box,marketplace,weight_loss,no
O00044,C0825,2025-10-07,bar,12-bar box,d2c,vegetarian,no
O00045,C0918,2025-10-07,bar,12-bar box,d2c,weight_loss,no
O00046,C1351,2025-10-07,bar,12-bar box,d2c,endurance,no
O00047,C2056,2025-10-07,bar,12-bar box,marketplace,gym_regular,no
O00048,C2272,2025-10-07,bar,12-bar box,marketplace,gym_regular,no
O00049,C3017,2025-10-07,bar,12-bar box,d2c,vegetarian,no
O00050,C3981,2025-10-07,bar,12-bar box,d2c,beginner,no
O00051,C0296,2025-10-08,bar,12-bar box,d2c,beginner,no
O00052,C0697,2025-10-08,bar,12-bar box,marketplace,beginner,no
O00053,C1128,2025-10-08,bar,12-bar box,d2c,beginner,no
O00054,C2118,2025-10-08,bar,12-bar box,marketplace,gym_regular,no
O00055,C2352,2025-10-08,bar,12-bar box,d2c,gym_regular,no
O00056,C2366,2025-10-08,bar,12-bar box,d2c,beginner,no
O00057,C2601,2025-10-08,bar,12-bar box,marketplace,beginner,no
O00058,C3319,2025-10-08,bar,12-bar box,d2c,beginner,no
O00059,C1266,2025-10-09,bar,12-bar box,d2c,weight_loss,no
O00060,C1392,2025-10-09,bar,12-bar box,d2c,gym_regular,no
O00061,C3909,2025-10-09,bar,12-bar box,marketplace,beginner,no
O00062,C0129,2025-10-10,bar,12-bar box,d2c,beginner,no
O00063,C0203,2025-10-10,bar,12-bar box,d2c,weight_loss,no
O00064,C1851,2025-10-10,bar,12-bar box,marketplace,gym_regular,no
O00065,C2469,2025-10-10,bar,12-bar box,d2c,beginner,no
O00066,C2619,2025-10-10,bar,12-bar box,d2c,weight_loss,no
O00067,C3316,2025-10-10,bar,12-bar box,marketplace,gym_regular,no
O00068,C3741,2025-10-10,bar,12-bar box,d2c,weight_loss,no
O00069,C3760,2025-10-10,bar,12-bar box,d2c,gym_regular,no
O00070,C0340,2025-10-11,bar,12-bar box,d2c,vegetarian,no
O00071,C0410,2025-10-11,bar,12-bar box,d2c,weight_loss,no
O00072,C1072,2025-10-11,bar,12-bar box,d2c,gym_regular,no
O00073,C3233,2025-10-11,bar,12-bar box,marketplace,beginner,no
O00074,C3299,2025-10-11,bar,12-bar box,marketplace,beginner,no
O00075,C0864,2025-10-12,bar,12-bar box,marketplace,vegetarian,no
O00076,C1182,2025-10-12,bar,12-bar box,d2c,endurance,no
O00077,C1452,2025-10-12,bar,12-bar box,d2c,gym_regular,no
O00078,C2295,2025-10-12,bar,12-bar box,marketplace,gym_regular,no
O00079,C2542,2025-10-12,bar,12-bar box,marketplace,gym_regular,no
O00080,C3231,2025-10-12,bar,12-bar box,d2c,vegetarian,no
O00081,C3478,2025-10-12,bar,12-bar box,d2c,gym_regular,no
O00082,C3998,2025-10-12,bar,12-bar box,d2c,gym_regular,no
O00083,C0051,2025-10-13,bar,12-bar box,d2c,gym_regular,no
O00084,C1864,2025-10-13,bar,12-bar box,d2c,weight_loss,no
O00085,C2644,2025-10-13,bar,12-bar box,d2c,vegetarian,no
O00086,C3577,2025-10-13,bar,12-bar box,d2c,vegetarian,no
O00087,C0754,2025-10-14,bar,12-bar box,d2c,beginner,no
O00088,C0807,2025-10-14,bar,12-bar box,marketplace,beginner,no
O00089,C1798,2025-10-14,bar,12-bar box,marketplace,weight_loss,no
O00090,C2161,2025-10-14,bar,12-bar box,marketplace,beginner,no
O00091,C2818,2025-10-14,bar,12-bar box,marketplace,weight_loss,no
O00092,C3049,2025-10-14,bar,12-bar box,marketplace,endurance,no
O00093,C3135,2025-10-14,bar,12-bar box,marketplace,gym_regular,no
O00094,C3308,2025-10-14,bar,12-bar box,d2c,beginner,no
O00095,C3315,2025-10-14,bar,12-bar box,marketplace,gym_regular,no
O00096,C0349,2025-10-15,bar,12-bar box,marketplace,endurance,no
O00097,C0866,2025-10-15,bar,12-bar box,d2c,endurance,no
O00098,C1281,2025-10-15,bar,12-bar box,marketplace,gym_regular,no
O00099,C1380,2025-10-15,bar,12-bar box,marketplace,weight_loss,no
O00100,C1410,2025-10-15,bar,12-bar box,d2c,beginner,no
O00101,C1500,2025-10-15,bar,12-bar box,d2c,vegetarian,no
O00102,C2120,2025-10-15,bar,12-bar box,d2c,vegetarian,no
O00103,C2443,2025-10-15,bar,12-bar box,marketplace,endurance,no
O00104,C2583,2025-10-15,bar,12-bar box,marketplace,gym_regular,no
O00105,C3471,2025-10-15,bar,12-bar box,marketplace,beginner,no
O00106,C3476,2025-10-15,bar,12-bar box,d2c,beginner,no
O00107,C3682,2025-10-15,bar,12-bar box,marketplace,weight_loss,no
O00108,C0249,2025-10-16,bar,12-bar box,marketplace,vegetarian,no
O00109,C0431,2025-10-16,bar,12-bar box,marketplace,gym_regular,no
O00110,C0465,2025-10-16,bar,12-bar box,d2c,vegetarian,no
O00111,C0676,2025-10-16,bar,12-bar box,d2c,weight_loss,no
O00112,C0819,2025-10-16,bar,12-bar box,marketplace,beginner,no
O00113,C1741,2025-10-16,bar,12-bar box,marketplace,vegetarian,no
O00114,C2468,2025-10-16,bar,12-bar box,marketplace,endurance,no
O00115,C3814,2025-10-16,bar,12-bar box,d2c,weight_loss,no
O00116,C3821,2025-10-16,bar,12-bar box,d2c,beginner,no
O00117,C0318,2025-10-17,bar,12-bar box,d2c,beginner,no
O00118,C0422,2025-10-17,bar,12-bar box,marketplace,endurance,no
O00119,C1046,2025-10-17,bar,12-bar box,d2c,gym_regular,no
O00120,C1786,2025-10-17,bar,12-bar box,marketplace,vegetarian,no
O00121,C2189,2025-10-17,bar,12-bar box,marketplace,vegetarian,no
O00122,C3317,2025-10-17,bar,12-bar box,marketplace,weight_loss,no
O00123,C3730,2025-10-17,bar,12-bar box,d2c,vegetarian,no
O00124,C0123,2025-10-18,bar,12-bar box,d2c,gym_regular,no
O00125,C1095,2025-10-18,bar,12-bar box,marketplace,beginner,no
O00126,C1491,2025-10-18,bar,12-bar box,marketplace,gym_regular,no
O00127,C1953,2025-10-18,bar,12-bar box,marketplace,vegetarian,no
O00128,C2400,2025-10-18,bar,12-bar box,d2c,beginner,no
O00129,C3623,2025-10-18,bar,12-bar box,marketplace,gym_regular,no
O00130,C3791,2025-10-18,bar,12-bar box,d2c,weight_loss,no
O00131,C0372,2025-10-19,bar,12-bar box,d2c,weight_loss,no
O00132,C0640,2025-10-19,bar,12-bar box,d2c,vegetarian,no
O00133,C0800,2025-10-19,bar,12-bar box,marketplace,gym_regular,no
O00134,C1239,2025-10-19,bar,12-bar box,d2c,gym_regular,no
O00135,C1722,2025-10-19,bar,12-bar box,marketplace,weight_loss,no
O00136,C1962,2025-10-19,bar,12-bar box,d2c,beginner,no
O00137,C2031,2025-10-19,bar,12-bar box,marketplace,beginner,no
O00138,C2397,2025-10-19,bar,12-bar box,marketplace,vegetarian,no
O00139,C2791,2025-10-19,bar,12-bar box,d2c,vegetarian,no
O00140,C3178,2025-10-19,bar,12-bar box,d2c,beginner,no
O00141,C3782,2025-10-19,bar,12-bar box,marketplace,weight_loss,no
O00142,C3986,2025-10-19,bar,12-bar box,marketplace,beginner,no
O00143,C0407,2025-10-20,bar,12-bar box,d2c,weight_loss,no
O00144,C1097,2025-10-20,bar,12-bar box,marketplace,weight_loss,no
O00145,C2954,2025-10-20,bar,12-bar box,marketplace,vegetarian,no
O00146,C3054,2025-10-20,bar,12-bar box,marketplace,gym_regular,no
O00147,C3092,2025-10-20,bar,12-bar box,d2c,gym_regular,no
O00148,C0578,2025-10-21,bar,12-bar box,marketplace,beginner,no
O00149,C0839,2025-10-21,bar,12-bar box,marketplace,weight_loss,no
O00150,C0973,2025-10-21,bar,12-bar box,d2c,gym_regular,no
O00151,C1395,2025-10-21,bar,12-bar box,marketplace,weight_loss,no
O00152,C1792,2025-10-21,bar,12-bar box,d2c,beginner,no
O00153,C1890,2025-10-21,bar,12-bar box,marketplace,weight_loss,no
O00154,C2892,2025-10-21,bar,12-bar box,marketplace,weight_loss,no
O00155,C2961,2025-10-21,bar,12-bar box,d2c,beginner,no
O00156,C3576,2025-10-21,bar,12-bar box,marketplace,gym_regular,no
O00157,C3841,2025-10-21,bar,12-bar box,marketplace,gym_regular,no
O00158,C0711,2025-10-22,bar,12-bar box,d2c,weight_loss,no
O00159,C0812,2025-10-22,bar,12-bar box,marketplace,vegetarian,no
O00160,C0981,2025-10-22,bar,12-bar box,marketplace,vegetarian,no
O00161,C1053,2025-10-22,bar,12-bar box,marketplace,weight_loss,no
O00162,C2415,2025-10-22,bar,12-bar box,marketplace,endurance,no
O00163,C2860,2025-10-22,bar,12-bar box,marketplace,gym_regular,no
O00164,C3629,2025-10-22,bar,12-bar box,d2c,weight_loss,no
O00165,C0031,2025-10-23,bar,12-bar box,marketplace,vegetarian,no
O00166,C0851,2025-10-23,bar,12-bar box,d2c,weight_loss,no
O00167,C0912,2025-10-23,bar,12-bar box,marketplace,vegetarian,no
O00168,C0952,2025-10-23,bar,12-bar box,marketplace,gym_regular,no
O00169,C1257,2025-10-23,bar,12-bar box,d2c,beginner,no
O00170,C1340,2025-10-23,bar,12-bar box,marketplace,weight_loss,no
O00171,C2197,2025-10-23,bar,12-bar box,marketplace,beginner,no
O00172,C2421,2025-10-23,bar,12-bar box,marketplace,beginner,no
O00173,C3536,2025-10-23,bar,12-bar box,marketplace,vegetarian,no
O00174,C3793,2025-10-23,bar,12-bar box,d2c,beginner,no
O00175,C0483,2025-10-24,bar,12-bar box,d2c,gym_regular,no
O00176,C1267,2025-10-24,bar,12-bar box,marketplace,gym_regular,no
O00177,C1728,2025-10-24,bar,12-bar box,marketplace,beginner,no
O00178,C2509,2025-10-24,bar,12-bar box,marketplace,weight_loss,no
O00179,C2709,2025-10-24,bar,12-bar box,marketplace,beginner,no
O00180,C0294,2025-10-25,bar,12-bar box,d2c,beginner,no
O00181,C0740,2025-10-25,bar,12-bar box,marketplace,gym_regular,no
O00182,C0822,2025-10-25,bar,12-bar box,d2c,gym_regular,no
O00183,C1730,2025-10-25,bar,12-bar box,marketplace,weight_loss,no
O00184,C1732,2025-10-25,bar,12-bar box,marketplace,weight_loss,no
O00185,C1789,2025-10-25,bar,12-bar box,d2c,weight_loss,no
O00186,C3311,2025-10-25,bar,12-bar box,marketplace,weight_loss,no
O00187,C3795,2025-10-25,bar,12-bar box,d2c,gym_regular,no
O00188,C0001,2025-10-26,bar,12-bar box,d2c,weight_loss,no
O00189,C0257,2025-10-26,bar,12-bar box,marketplace,weight_loss,no
O00190,C0929,2025-10-26,bar,12-bar box,marketplace,gym_regular,no
O00191,C0972,2025-10-26,bar,12-bar box,marketplace,endurance,no
O00192,C1396,2025-10-26,bar,12-bar box,marketplace,vegetarian,no
O00193,C1821,2025-10-26,bar,12-bar box,marketplace,beginner,no
O00194,C1980,2025-10-26,bar,12-bar box,d2c,gym_regular,no
O00195,C2220,2025-10-26,bar,12-bar box,marketplace,gym_regular,no
O00196,C2677,2025-10-26,bar,12-bar box,d2c,weight_loss,no
O00197,C3153,2025-10-26,bar,12-bar box,marketplace,gym_regular,no
O00198,C3572,2025-10-26,bar,12-bar box,d2c,gym_regular,no
O00199,C0099,2025-10-27,bar,12-bar box,marketplace,beginner,no
O00200,C0980,2025-10-27,bar,12-bar box,marketplace,gym_regular,no
O00201,C2854,2025-10-27,bar,12-bar box,d2c,gym_regular,no
O00202,C2887,2025-10-27,bar,12-bar box,marketplace,beginner,no
O00203,C3027,2025-10-27,bar,12-bar box,marketplace,weight_loss,no
O00204,C3349,2025-10-27,bar,12-bar box,d2c,endurance,no
O00205,C3409,2025-10-27,bar,12-bar box,d2c,gym_regular,no
O00206,C3465,2025-10-27,bar,12-bar box,marketplace,gym_regular,no
O00207,C3874,2025-10-27,bar,12-bar box,marketplace,vegetarian,no
O00208,C0177,2025-10-28,bar,12-bar box,marketplace,gym_regular,no
O00209,C0240,2025-10-28,bar,12-bar box,d2c,beginner,no
O00210,C0600,2025-10-28,bar,12-bar box,d2c,vegetarian,no
O00211,C0687,2025-10-28,bar,12-bar box,d2c,vegetarian,no
O00212,C1061,2025-10-28,bar,12-bar box,marketplace,weight_loss,no
O00213,C1891,2025-10-28,bar,12-bar box,marketplace,weight_loss,no
O00214,C2538,2025-10-28,bar,12-bar box,marketplace,beginner,no
O00215,C3585,2025-10-28,bar,12-bar box,d2c,vegetarian,no
O00216,C3659,2025-10-28,bar,12-bar box,marketplace,gym_regular,no
O00217,C3810,2025-10-28,bar,12-bar box,marketplace,gym_regular,no
O00218,C3866,2025-10-28,bar,12-bar box,marketplace,weight_loss,no
O00219,C0533,2025-10-29,bar,12-bar box,marketplace,endurance,no
O00220,C0810,2025-10-29,bar,12-bar box,marketplace,beginner,no
O00221,C0873,2025-10-29,bar,12-bar box,marketplace,endurance,no
O00222,C0876,2025-10-29,bar,12-bar box,marketplace,weight_loss,no
O00223,C1013,2025-10-29,bar,12-bar box,marketplace,gym_regular,no
O00224,C2572,2025-10-29,bar,12-bar box,marketplace,beginner,no
O00225,C2812,2025-10-29,bar,12-bar box,marketplace,gym_regular,no
O00226,C3069,2025-10-29,bar,12-bar box,d2c,beginner,no
O00227,C3667,2025-10-29,bar,12-bar box,marketplace,beginner,no
O00228,C3672,2025-10-29,bar,12-bar box,d2c,endurance,no
O00229,C0880,2025-10-30,bar,12-bar box,marketplace,vegetarian,no
O00230,C1614,2025-10-30,bar,12-bar box,marketplace,vegetarian,no
O00231,C2043,2025-10-30,bar,12-bar box,marketplace,beginner,no
O00232,C3075,2025-10-30,bar,12-bar box,marketplace,beginner,no
O00233,C3213,2025-10-30,bar,12-bar box,marketplace,beginner,no
O00234,C3869,2025-10-30,bar,12-bar box,marketplace,gym_regular,no
O00235,C0920,2025-10-31,bar,12-bar box,marketplace,gym_regular,no
O00236,C1427,2025-10-31,bar,12-bar box,marketplace,gym_regular,no
O00237,C2402,2025-10-31,bar,12-bar box,marketplace,beginner,no
O00238,C2460,2025-10-31,bar,12-bar box,d2c,gym_regular,no
O00239,C0518,2025-11-01,bar,12-bar box,marketplace,beginner,no
O00240,C1544,2025-11-01,bar,12-bar box,marketplace,weight_loss,no
O00241,C2511,2025-11-01,bar,12-bar box,d2c,beginner,no
O00242,C2537,2025-11-01,bar,12-bar box,marketplace,weight_loss,no
O00243,C2908,2025-11-01,bar,12-bar box,marketplace,vegetarian,no
O00244,C2947,2025-11-01,bar,12-bar box,d2c,weight_loss,no
O00245,C0070,2025-11-02,bar,12-bar box,marketplace,weight_loss,no
O00246,C0182,2025-11-02,bar,12-bar box,marketplace,vegetarian,no
O00247,C0492,2025-11-02,bar,12-bar box,d2c,vegetarian,no
O00248,C1569,2025-11-02,bar,12-bar box,marketplace,endurance,no
O00249,C1583,2025-11-02,bar,12-bar box,d2c,gym_regular,no
O00250,C1669,2025-11-02,bar,12-bar box,marketplace,vegetarian,no
O00251,C3531,2025-11-02,bar,12-bar box,d2c,endurance,no
O00252,C0909,2025-11-03,bar,12-bar box,d2c,beginner,no
O00253,C1632,2025-11-03,bar,12-bar box,marketplace,endurance,no
O00254,C2955,2025-11-03,bar,12-bar box,marketplace,gym_regular,no
O00255,C3312,2025-11-03,bar,12-bar box,marketplace,weight_loss,no
O00256,C3690,2025-11-03,bar,12-bar box,marketplace,gym_regular,no
O00257,C3867,2025-11-03,bar,12-bar box,d2c,weight_loss,no
O00258,C0084,2025-11-04,bar,12-bar box,d2c,vegetarian,no
O00259,C0369,2025-11-04,bar,12-bar box,marketplace,gym_regular,no
O00260,C0639,2025-11-04,bar,12-bar box,marketplace,beginner,no
O00261,C1055,2025-11-04,bar,12-bar box,d2c,beginner,no
O00262,C1129,2025-11-04,bar,12-bar box,marketplace,beginner,no
O00263,C1260,2025-11-04,bar,12-bar box,marketplace,beginner,no
O00264,C1516,2025-11-04,bar,12-bar box,d2c,endurance,no
O00265,C2041,2025-11-04,bar,12-bar box,d2c,weight_loss,no
O00266,C2701,2025-11-04,bar,12-bar box,marketplace,beginner,no
O00267,C3065,2025-11-04,bar,12-bar box,marketplace,vegetarian,no
O00268,C3071,2025-11-04,bar,12-bar box,marketplace,gym_regular,no
O00269,C3095,2025-11-04,bar,12-bar box,d2c,beginner,no
O00270,C3150,2025-11-04,bar,12-bar box,d2c,weight_loss,no
O00271,C3692,2025-11-04,bar,12-bar box,marketplace,beginner,no
O00272,C0007,2025-11-05,bar,12-bar box,marketplace,gym_regular,no
O00273,C0225,2025-11-05,bar,12-bar box,marketplace,vegetarian,no
O00274,C0289,2025-11-05,bar,12-bar box,marketplace,beginner,no
O00275,C0477,2025-11-05,bar,12-bar box,d2c,gym_regular,no
O00276,C0998,2025-11-05,bar,12-bar box,marketplace,endurance,no
O00277,C1135,2025-11-05,bar,12-bar box,marketplace,gym_regular,no
O00278,C1206,2025-11-05,bar,12-bar box,marketplace,endurance,no
O00279,C1936,2025-11-05,bar,12-bar box,d2c,vegetarian,no
O00280,C3216,2025-11-05,bar,12-bar box,marketplace,weight_loss,no
O00281,C0367,2025-11-06,bar,12-bar box,d2c,weight_loss,no
O00282,C0563,2025-11-06,bar,12-bar box,d2c,weight_loss,no
O00283,C1325,2025-11-06,bar,12-bar box,marketplace,gym_regular,no
O00284,C1761,2025-11-06,bar,12-bar box,d2c,weight_loss,no
O00285,C2023,2025-11-06,bar,12-bar box,marketplace,weight_loss,no
O00286,C2870,2025-11-06,bar,12-bar box,d2c,beginner,no
O00287,C3025,2025-11-06,bar,12-bar box,marketplace,vegetarian,no
O00288,C3309,2025-11-06,bar,12-bar box,d2c,gym_regular,no
O00289,C3449,2025-11-06,bar,12-bar box,marketplace,gym_regular,no
O00290,C3534,2025-11-06,bar,12-bar box,marketplace,gym_regular,no
O00291,C3535,2025-11-06,bar,12-bar box,marketplace,gym_regular,no
O00292,C3605,2025-11-06,bar,12-bar box,marketplace,gym_regular,no
O00293,C3966,2025-11-06,bar,12-bar box,marketplace,endurance,no
O00294,C0552,2025-11-07,bar,12-bar box,marketplace,weight_loss,no
O00295,C0732,2025-11-07,bar,12-bar box,d2c,gym_regular,no
O00296,C1006,2025-11-07,bar,12-bar box,d2c,beginner,no
O00297,C2428,2025-11-07,bar,12-bar box,marketplace,vegetarian,no
O00298,C3828,2025-11-07,bar,12-bar box,d2c,beginner,no
O00299,C0688,2025-11-08,bar,12-bar box,d2c,gym_regular,no
O00300,C0862,2025-11-08,bar,12-bar box,d2c,weight_loss,no
O00301,C1136,2025-11-08,bar,12-bar box,marketplace,beginner,no
O00302,C1222,2025-11-08,bar,12-bar box,marketplace,beginner,no
O00303,C2085,2025-11-08,bar,12-bar box,marketplace,weight_loss,no
O00304,C2611,2025-11-08,bar,12-bar box,marketplace,vegetarian,no
O00305,C3131,2025-11-08,bar,12-bar box,marketplace,beginner,no
O00306,C3185,2025-11-08,bar,12-bar box,d2c,vegetarian,no
O00307,C3857,2025-11-08,bar,12-bar box,d2c,vegetarian,no
O00308,C0250,2025-11-09,bar,12-bar box,marketplace,gym_regular,no
O00309,C0781,2025-11-09,bar,12-bar box,marketplace,gym_regular,no
O00310,C1170,2025-11-09,bar,12-bar box,d2c,weight_loss,no
O00311,C1299,2025-11-09,bar,12-bar box,marketplace,gym_regular,no
O00312,C1381,2025-11-09,bar,12-bar box,d2c,weight_loss,no
O00313,C2122,2025-11-09,bar,12-bar box,marketplace,beginner,no
O00314,C3764,2025-11-09,bar,12-bar box,d2c,beginner,no
O00315,C1116,2025-11-10,bar,12-bar box,marketplace,weight_loss,no
O00316,C1191,2025-11-10,bar,12-bar box,d2c,beginner,no
O00317,C1498,2025-11-10,bar,12-bar box,d2c,beginner,no
O00318,C2363,2025-11-10,bar,12-bar box,d2c,beginner,no
O00319,C3289,2025-11-10,bar,12-bar box,d2c,gym_regular,no
O00320,C1488,2025-11-11,bar,12-bar box,marketplace,vegetarian,no
O00321,C1532,2025-11-11,bar,12-bar box,marketplace,gym_regular,no
O00322,C1533,2025-11-11,bar,12-bar box,marketplace,gym_regular,no
O00323,C1721,2025-11-11,bar,12-bar box,marketplace,vegetarian,no
O00324,C2257,2025-11-11,bar,12-bar box,marketplace,weight_loss,no
O00325,C3034,2025-11-11,bar,12-bar box,marketplace,beginner,no
O00326,C3687,2025-11-11,bar,12-bar box,marketplace,vegetarian,no
O00327,C3787,2025-11-11,bar,12-bar box,marketplace,weight_loss,no
O00328,C0130,2025-11-12,bar,12-bar box,marketplace,beginner,no
O00329,C0233,2025-11-12,bar,12-bar box,d2c,beginner,no
O00330,C0828,2025-11-12,bar,12-bar box,d2c,endurance,no
O00331,C0899,2025-11-12,bar,12-bar box,d2c,weight_loss,no
O00332,C2174,2025-11-12,bar,12-bar box,d2c,gym_regular,no
O00333,C2431,2025-11-12,bar,12-bar box,d2c,weight_loss,no
O00334,C2562,2025-11-12,bar,12-bar box,marketplace,gym_regular,no
O00335,C2760,2025-11-12,bar,12-bar box,marketplace,beginner,no
O00336,C3650,2025-11-12,bar,12-bar box,marketplace,beginner,no
O00337,C0446,2025-11-13,bar,12-bar box,marketplace,gym_regular,no
O00338,C0923,2025-11-13,bar,12-bar box,marketplace,vegetarian,no
O00339,C1977,2025-11-13,bar,12-bar box,marketplace,beginner,no
O00340,C2802,2025-11-13,bar,12-bar box,marketplace,endurance,no
O00341,C3266,2025-11-13,bar,12-bar box,marketplace,beginner,no
O00342,C3982,2025-11-13,bar,12-bar box,marketplace,beginner,no
O00343,C0229,2025-11-14,bar,12-bar box,d2c,gym_regular,no
O00344,C2236,2025-11-14,bar,12-bar box,marketplace,beginner,no
O00345,C2721,2025-11-14,bar,12-bar box,marketplace,beginner,no
O00346,C2914,2025-11-14,bar,12-bar box,marketplace,beginner,no
O00347,C3261,2025-11-14,bar,12-bar box,d2c,weight_loss,no
O00348,C3797,2025-11-14,bar,12-bar box,marketplace,gym_regular,no
O00349,C0138,2025-11-15,bar,12-bar box,d2c,weight_loss,no
O00350,C0190,2025-11-15,bar,12-bar box,marketplace,endurance,no
O00351,C0619,2025-11-15,bar,12-bar box,marketplace,weight_loss,no
O00352,C0811,2025-11-15,bar,12-bar box,d2c,endurance,no
O00353,C0840,2025-11-15,bar,12-bar box,d2c,gym_regular,no
O00354,C1791,2025-11-15,bar,12-bar box,marketplace,vegetarian,no
O00355,C1839,2025-11-15,bar,12-bar box,marketplace,vegetarian,no
O00356,C3285,2025-11-15,bar,12-bar box,marketplace,beginner,no
O00357,C0026,2025-11-16,bar,12-bar box,d2c,gym_regular,no
O00358,C0587,2025-11-16,bar,12-bar box,marketplace,weight_loss,no
O00359,C0769,2025-11-16,bar,12-bar box,marketplace,gym_regular,no
O00360,C1492,2025-11-16,bar,12-bar box,d2c,weight_loss,no
O00361,C1874,2025-11-16,bar,12-bar box,marketplace,vegetarian,no
O00362,C1273,2025-11-17,bar,12-bar box,marketplace,gym_regular,no
O00363,C1306,2025-11-17,bar,12-bar box,marketplace,endurance,no
O00364,C1799,2025-11-17,bar,12-bar box,d2c,gym_regular,no
O00365,C2073,2025-11-17,bar,12-bar box,marketplace,beginner,no
O00366,C2207,2025-11-17,bar,12-bar box,d2c,beginner,no
O00367,C2680,2025-11-17,bar,12-bar box,marketplace,gym_regular,no
O00368,C2804,2025-11-17,bar,12-bar box,marketplace,weight_loss,no
O00369,C3326,2025-11-17,bar,12-bar box,marketplace,weight_loss,no
O00370,C3883,2025-11-17,bar,12-bar box,d2c,vegetarian,no
O00371,C2563,2025-11-18,bar,12-bar box,d2c,beginner,no
O00372,C2781,2025-11-18,bar,12-bar box,marketplace,gym_regular,no
O00373,C2903,2025-11-18,bar,12-bar box,marketplace,gym_regular,no
O00374,C0015,2025-11-19,bar,12-bar box,marketplace,weight_loss,no
O00375,C0102,2025-11-19,bar,12-bar box,d2c,gym_regular,no
O00376,C0490,2025-11-19,bar,12-bar box,d2c,beginner,no
O00377,C0495,2025-11-19,bar,12-bar box,d2c,beginner,no
O00378,C2578,2025-11-19,bar,12-bar box,marketplace,weight_loss,no
O00379,C2622,2025-11-19,bar,12-bar box,marketplace,gym_regular,no
O00380,C2820,2025-11-19,bar,12-bar box,d2c,endurance,no
O00381,C2880,2025-11-19,bar,12-bar box,marketplace,vegetarian,no
O00382,C3361,2025-11-19,bar,12-bar box,d2c,gym_regular,no
O00383,C0082,2025-11-20,bar,12-bar box,d2c,vegetarian,no
O00384,C0933,2025-11-20,bar,12-bar box,marketplace,beginner,no
O00385,C1050,2025-11-20,bar,12-bar box,d2c,beginner,no
O00386,C1698,2025-11-20,bar,12-bar box,marketplace,weight_loss,no
O00387,C3044,2025-11-20,bar,12-bar box,d2c,endurance,no
O00388,C3488,2025-11-20,bar,12-bar box,marketplace,endurance,no
O00389,C3684,2025-11-20,bar,12-bar box,d2c,weight_loss,no
O00390,C0371,2025-11-21,bar,12-bar box,marketplace,vegetarian,no
O00391,C0613,2025-11-21,bar,12-bar box,marketplace,weight_loss,no
O00392,C2487,2025-11-21,bar,12-bar box,d2c,beginner,no
O00393,C3332,2025-11-21,bar,12-bar box,d2c,gym_regular,no
O00394,C3483,2025-11-21,bar,12-bar box,marketplace,gym_regular,no
O00395,C3914,2025-11-21,bar,12-bar box,marketplace,vegetarian,no
O00396,C0173,2025-11-22,bar,12-bar box,marketplace,beginner,no
O00397,C0782,2025-11-22,bar,12-bar box,d2c,beginner,no
O00398,C0967,2025-11-22,bar,12-bar box,d2c,weight_loss,no
O00399,C2151,2025-11-22,bar,12-bar box,d2c,gym_regular,no
O00400,C2558,2025-11-22,bar,12-bar box,marketplace,weight_loss,no
O00401,C3442,2025-11-22,bar,12-bar box,d2c,endurance,no
O00402,C3473,2025-11-22,bar,12-bar box,d2c,weight_loss,no
O00403,C3903,2025-11-22,bar,12-bar box,marketplace,gym_regular,no
O00404,C0953,2025-11-23,bar,12-bar box,marketplace,gym_regular,no
O00405,C1475,2025-11-23,bar,12-bar box,d2c,vegetarian,no
O00406,C1959,2025-11-23,bar,12-bar box,d2c,weight_loss,no
O00407,C2080,2025-11-23,bar,12-bar box,marketplace,vegetarian,no
O00408,C2292,2025-11-23,bar,12-bar box,d2c,weight_loss,no
O00409,C2480,2025-11-23,bar,12-bar box,d2c,endurance,no
O00410,C2825,2025-11-23,bar,12-bar box,marketplace,weight_loss,no
O00411,C3121,2025-11-23,bar,12-bar box,d2c,beginner,no
O00412,C3408,2025-11-23,bar,12-bar box,marketplace,gym_regular,no
O00413,C3458,2025-11-23,bar,12-bar box,d2c,gym_regular,no
O00414,C3630,2025-11-23,bar,12-bar box,d2c,vegetarian,no
O00415,C3720,2025-11-23,bar,12-bar box,marketplace,beginner,no
O00416,C3798,2025-11-23,bar,12-bar box,d2c,gym_regular,no
O00417,C0761,2025-11-24,bar,12-bar box,d2c,beginner,no
O00418,C1231,2025-11-24,bar,12-bar box,d2c,endurance,no
O00419,C1552,2025-11-24,bar,12-bar box,marketplace,weight_loss,no
O00420,C2169,2025-11-24,bar,12-bar box,d2c,endurance,no
O00421,C2176,2025-11-24,bar,12-bar box,marketplace,vegetarian,no
O00422,C2984,2025-11-24,bar,12-bar box,d2c,beginner,no
O00423,C3184,2025-11-24,bar,12-bar box,marketplace,beginner,no
O00424,C3353,2025-11-24,bar,12-bar box,marketplace,weight_loss,no
O00425,C0006,2025-11-25,bar,12-bar box,marketplace,weight_loss,no
O00426,C0857,2025-11-25,bar,12-bar box,marketplace,gym_regular,no
O00427,C1287,2025-11-25,bar,12-bar box,d2c,beginner,no
O00428,C2364,2025-11-25,bar,12-bar box,marketplace,vegetarian,no
O00429,C1447,2025-11-26,bar,12-bar box,marketplace,vegetarian,no
O00430,C2882,2025-11-26,bar,12-bar box,d2c,gym_regular,no
O00431,C2951,2025-11-26,bar,12-bar box,marketplace,gym_regular,no
O00432,C3043,2025-11-26,bar,12-bar box,d2c,gym_regular,no
O00433,C3190,2025-11-26,bar,12-bar box,d2c,weight_loss,no
O00434,C0047,2025-11-27,bar,12-bar box,d2c,gym_regular,no
O00435,C0122,2025-11-27,bar,12-bar box,marketplace,vegetarian,no
O00436,C0630,2025-11-27,bar,12-bar box,marketplace,gym_regular,no
O00437,C0653,2025-11-27,bar,12-bar box,marketplace,weight_loss,no
O00438,C1115,2025-11-27,bar,12-bar box,marketplace,beginner,no
O00439,C1178,2025-11-27,bar,12-bar box,marketplace,vegetarian,no
O00440,C3358,2025-11-27,bar,12-bar box,d2c,gym_regular,no
O00441,C0044,2025-11-28,bar,12-bar box,d2c,weight_loss,no
O00442,C0062,2025-11-28,bar,12-bar box,marketplace,gym_regular,no
O00443,C0591,2025-11-28,bar,12-bar box,marketplace,gym_regular,no
O00444,C0957,2025-11-28,bar,12-bar box,d2c,endurance,no
O00445,C1853,2025-11-28,bar,12-bar box,d2c,weight_loss,no
O00446,C2258,2025-11-28,bar,12-bar box,marketplace,gym_regular,no
O00447,C2356,2025-11-28,bar,12-bar box,marketplace,gym_regular,no
O00448,C3701,2025-11-28,bar,12-bar box,marketplace,weight_loss,no
O00449,C0120,2025-11-29,bar,12-bar box,marketplace,beginner,no
O00450,C0156,2025-11-29,bar,12-bar box,marketplace,beginner,no
O00451,C0331,2025-11-29,bar,12-bar box,d2c,gym_regular,no
O00452,C1460,2025-11-29,bar,12-bar box,d2c,endurance,no
O00453,C1686,2025-11-29,bar,12-bar box,d2c,vegetarian,no
O00454,C1921,2025-11-29,bar,12-bar box,marketplace,gym_regular,no
O00455,C2275,2025-11-29,bar,12-bar box,d2c,gym_regular,no
O00456,C3013,2025-11-29,bar,12-bar box,marketplace,gym_regular,no
O00457,C3397,2025-11-29,bar,12-bar box,d2c,beginner,no
O00458,C3401,2025-11-29,bar,12-bar box,marketplace,gym_regular,no
O00459,C3571,2025-11-29,bar,12-bar box,d2c,gym_regular,no
O00460,C3825,2025-11-29,bar,12-bar box,d2c,gym_regular,no
O00461,C0258,2025-11-30,bar,12-bar box,marketplace,endurance,no
O00462,C1612,2025-11-30,bar,12-bar box,marketplace,beginner,no
O00463,C2009,2025-11-30,bar,12-bar box,d2c,beginner,no
O00464,C2077,2025-11-30,bar,12-bar box,d2c,weight_loss,no
O00465,C2142,2025-11-30,bar,12-bar box,marketplace,gym_regular,no
O00466,C2862,2025-11-30,bar,12-bar box,d2c,vegetarian,no
O00467,C1666,2025-12-01,bar,12-bar box,d2c,beginner,no
O00468,C1704,2025-12-01,bar,12-bar box,d2c,gym_regular,no
O00469,C1752,2025-12-01,bar,12-bar box,marketplace,gym_regular,no
O00470,C1846,2025-12-01,bar,12-bar box,marketplace,gym_regular,no
O00471,C3061,2025-12-01,bar,12-bar box,marketplace,vegetarian,no
O00472,C3736,2025-12-01,bar,12-bar box,marketplace,beginner,no
O00473,C3806,2025-12-01,bar,12-bar box,marketplace,gym_regular,no
O00474,C0768,2025-12-02,bar,12-bar box,d2c,beginner,no
O00475,C1539,2025-12-02,bar,12-bar box,marketplace,vegetarian,no
O00476,C1796,2025-12-02,bar,12-bar box,d2c,vegetarian,no
O00477,C2313,2025-12-02,bar,12-bar box,marketplace,beginner,no
O00478,C2339,2025-12-02,bar,12-bar box,marketplace,weight_loss,no
O00479,C2455,2025-12-02,bar,12-bar box,d2c,weight_loss,no
O00480,C3836,2025-12-02,bar,12-bar box,marketplace,gym_regular,no
O00481,C0363,2025-12-03,bar,12-bar box,marketplace,vegetarian,no
O00482,C0478,2025-12-03,bar,12-bar box,marketplace,gym_regular,no
O00483,C1127,2025-12-03,bar,12-bar box,d2c,beginner,no
O00484,C1538,2025-12-03,bar,12-bar box,d2c,gym_regular,no
O00485,C3088,2025-12-03,bar,12-bar box,marketplace,gym_regular,no
O00486,C3553,2025-12-03,bar,12-bar box,d2c,vegetarian,no
O00487,C3924,2025-12-03,bar,12-bar box,marketplace,beginner,no
O00488,C0055,2025-12-04,bar,12-bar box,marketplace,gym_regular,no
O00489,C1444,2025-12-04,bar,12-bar box,marketplace,gym_regular,no
O00490,C1815,2025-12-04,bar,12-bar box,marketplace,weight_loss,no
O00491,C1850,2025-12-04,bar,12-bar box,marketplace,gym_regular,no
O00492,C1976,2025-12-04,bar,12-bar box,d2c,vegetarian,no
O00493,C2107,2025-12-04,bar,12-bar box,d2c,beginner,no
O00494,C2308,2025-12-04,bar,12-bar box,marketplace,endurance,no
O00495,C3776,2025-12-04,bar,12-bar box,d2c,endurance,no
O00496,C0095,2025-12-05,bar,12-bar box,d2c,weight_loss,no
O00497,C0534,2025-12-05,bar,12-bar box,marketplace,weight_loss,no
O00498,C0588,2025-12-05,bar,12-bar box,d2c,vegetarian,no
O00499,C1009,2025-12-05,bar,12-bar box,d2c,beginner,no
O00500,C1158,2025-12-05,bar,12-bar box,d2c,beginner,no
O00501,C1269,2025-12-05,bar,12-bar box,marketplace,beginner,no
O00502,C1295,2025-12-05,bar,12-bar box,d2c,weight_loss,no
O00503,C1560,2025-12-05,bar,12-bar box,d2c,gym_regular,no
O00504,C2532,2025-12-05,bar,12-bar box,marketplace,vegetarian,no
O00505,C2741,2025-12-05,bar,12-bar box,marketplace,gym_regular,no
O00506,C3954,2025-12-05,bar,12-bar box,d2c,beginner,no
O00507,C0599,2025-12-06,bar,12-bar box,d2c,beginner,no
O00508,C2075,2025-12-06,bar,12-bar box,marketplace,weight_loss,no
O00509,C2224,2025-12-06,bar,12-bar box,d2c,beginner,no
O00510,C2282,2025-12-06,bar,12-bar box,marketplace,gym_regular,no
O00511,C2973,2025-12-06,bar,12-bar box,d2c,endurance,no
O00512,C3169,2025-12-06,bar,12-bar box,d2c,gym_regular,no
O00513,C3402,2025-12-06,bar,12-bar box,marketplace,vegetarian,no
O00514,C3593,2025-12-06,bar,12-bar box,marketplace,weight_loss,no
O00515,C3844,2025-12-06,bar,12-bar box,marketplace,gym_regular,no
O00516,C0319,2025-12-07,bar,12-bar box,marketplace,weight_loss,no
O00517,C0485,2025-12-07,bar,12-bar box,marketplace,gym_regular,no
O00518,C1587,2025-12-07,bar,12-bar box,marketplace,endurance,no
O00519,C2497,2025-12-07,bar,12-bar box,marketplace,weight_loss,no
O00520,C3520,2025-12-07,bar,12-bar box,marketplace,vegetarian,no
O00521,C3673,2025-12-07,bar,12-bar box,marketplace,beginner,no
O00522,C3838,2025-12-07,bar,12-bar box,d2c,gym_regular,no
O00523,C3843,2025-12-07,bar,12-bar box,marketplace,beginner,no
O00524,C0459,2025-12-08,bar,12-bar box,d2c,weight_loss,no
O00525,C0991,2025-12-08,bar,12-bar box,marketplace,beginner,no
O00526,C1514,2025-12-08,bar,12-bar box,marketplace,beginner,no
O00527,C2110,2025-12-08,bar,12-bar box,marketplace,gym_regular,no
O00528,C2506,2025-12-08,bar,12-bar box,marketplace,vegetarian,no
O00529,C0141,2025-12-09,bar,12-bar box,d2c,vegetarian,no
O00530,C1234,2025-12-09,bar,12-bar box,marketplace,gym_regular,no
O00531,C1323,2025-12-09,bar,12-bar box,marketplace,gym_regular,no
O00532,C2230,2025-12-09,bar,12-bar box,marketplace,gym_regular,no
O00533,C2413,2025-12-09,bar,12-bar box,d2c,vegetarian,no
O00534,C2505,2025-12-09,bar,12-bar box,d2c,weight_loss,no
O00535,C2771,2025-12-09,bar,12-bar box,marketplace,beginner,no
O00536,C2929,2025-12-09,bar,12-bar box,marketplace,vegetarian,no
O00537,C0150,2025-12-10,bar,12-bar box,marketplace,gym_regular,no
O00538,C0282,2025-12-10,bar,12-bar box,d2c,weight_loss,no
O00539,C1139,2025-12-10,bar,12-bar box,marketplace,weight_loss,no
O00540,C1394,2025-12-10,bar,12-bar box,marketplace,gym_regular,no
O00541,C1607,2025-12-10,bar,12-bar box,marketplace,beginner,no
O00542,C2919,2025-12-10,bar,12-bar box,marketplace,weight_loss,no
O00543,C2990,2025-12-10,bar,12-bar box,marketplace,gym_regular,no
O00544,C3302,2025-12-10,bar,12-bar box,marketplace,weight_loss,no
O00545,C0009,2025-12-11,bar,12-bar box,marketplace,beginner,no
O00546,C1192,2025-12-11,bar,12-bar box,marketplace,beginner,no
O00547,C1657,2025-12-11,bar,12-bar box,d2c,gym_regular,no
O00548,C1840,2025-12-11,bar,12-bar box,d2c,vegetarian,no
O00549,C3146,2025-12-11,bar,12-bar box,marketplace,endurance,no
O00550,C0391,2025-12-12,bar,12-bar box,d2c,beginner,no
O00551,C0725,2025-12-12,bar,12-bar box,d2c,beginner,no
O00552,C1389,2025-12-12,bar,12-bar box,d2c,endurance,no
O00553,C1441,2025-12-12,bar,12-bar box,marketplace,beginner,no
O00554,C1602,2025-12-12,bar,12-bar box,marketplace,beginner,no
O00555,C3300,2025-12-12,bar,12-bar box,marketplace,gym_regular,no
O00556,C3391,2025-12-12,bar,12-bar box,marketplace,gym_regular,no
O00557,C3636,2025-12-12,bar,12-bar box,marketplace,beginner,no
O00558,C1762,2025-12-13,bar,12-bar box,marketplace,gym_regular,no
O00559,C3898,2025-12-13,bar,12-bar box,marketplace,endurance,no
O00560,C0985,2025-12-14,bar,12-bar box,marketplace,gym_regular,no
O00561,C1261,2025-12-14,bar,12-bar box,d2c,endurance,no
O00562,C1940,2025-12-14,bar,12-bar box,d2c,beginner,no
O00563,C2447,2025-12-14,bar,12-bar box,marketplace,gym_regular,no
O00564,C2662,2025-12-14,bar,12-bar box,d2c,gym_regular,no
O00565,C3021,2025-12-14,bar,12-bar box,d2c,endurance,no
O00566,C0645,2025-12-15,bar,12-bar box,marketplace,vegetarian,no
O00567,C0837,2025-12-15,bar,12-bar box,d2c,beginner,no
O00568,C1332,2025-12-15,bar,12-bar box,marketplace,weight_loss,no
O00569,C1690,2025-12-15,bar,12-bar box,d2c,beginner,no
O00570,C2373,2025-12-15,bar,12-bar box,d2c,beginner,no
O00571,C2651,2025-12-15,bar,12-bar box,marketplace,gym_regular,no
O00572,C2657,2025-12-15,bar,12-bar box,marketplace,gym_regular,no
O00573,C3848,2025-12-15,bar,12-bar box,marketplace,beginner,no
O00574,C0033,2025-12-16,bar,12-bar box,d2c,vegetarian,no
O00575,C0437,2025-12-16,bar,12-bar box,marketplace,gym_regular,no
O00576,C1540,2025-12-16,bar,12-bar box,marketplace,weight_loss,no
O00577,C2100,2025-12-16,bar,12-bar box,marketplace,beginner,no
O00578,C2910,2025-12-16,bar,12-bar box,d2c,weight_loss,no
O00579,C3550,2025-12-16,bar,12-bar box,marketplace,vegetarian,no
O00580,C3646,2025-12-16,bar,12-bar box,marketplace,gym_regular,no
O00581,C3671,2025-12-16,bar,12-bar box,d2c,vegetarian,no
O00582,C0368,2025-12-17,bar,12-bar box,d2c,beginner,no
O00583,C0882,2025-12-17,bar,12-bar box,d2c,endurance,no
O00584,C1893,2025-12-17,bar,12-bar box,d2c,beginner,no
O00585,C3607,2025-12-17,bar,12-bar box,d2c,gym_regular,no
O00586,C3729,2025-12-17,bar,12-bar box,d2c,beginner,no
O00587,C0081,2025-12-18,bar,12-bar box,marketplace,gym_regular,no
O00588,C0783,2025-12-18,bar,12-bar box,d2c,beginner,no
O00589,C1892,2025-12-18,bar,12-bar box,marketplace,gym_regular,no
O00590,C2314,2025-12-18,bar,12-bar box,d2c,beginner,no
O00591,C2617,2025-12-18,bar,12-bar box,d2c,weight_loss,no
O00592,C2693,2025-12-18,bar,12-bar box,d2c,gym_regular,no
O00593,C3427,2025-12-18,bar,12-bar box,d2c,weight_loss,no
O00594,C1925,2025-12-19,bar,12-bar box,marketplace,beginner,no
O00595,C3284,2025-12-19,bar,12-bar box,d2c,gym_regular,no
O00596,C3662,2025-12-19,bar,12-bar box,marketplace,vegetarian,no
O00597,C3696,2025-12-19,bar,12-bar box,d2c,gym_regular,no
O00598,C0519,2025-12-20,bar,12-bar box,marketplace,beginner,no
O00599,C0704,2025-12-20,bar,12-bar box,marketplace,beginner,no
O00600,C1318,2025-12-20,bar,12-bar box,marketplace,beginner,no
O00601,C1449,2025-12-20,bar,12-bar box,marketplace,beginner,no
O00602,C1963,2025-12-20,bar,12-bar box,marketplace,gym_regular,no
O00603,C2423,2025-12-20,bar,12-bar box,marketplace,gym_regular,no
O00604,C2591,2025-12-20,bar,12-bar box,marketplace,vegetarian,no
O00605,C2763,2025-12-20,bar,12-bar box,marketplace,gym_regular,no
O00606,C2948,2025-12-20,bar,12-bar box,d2c,gym_regular,no
O00607,C3248,2025-12-20,bar,12-bar box,marketplace,beginner,no
O00608,C3282,2025-12-20,bar,12-bar box,marketplace,vegetarian,no
O00609,C3734,2025-12-20,bar,12-bar box,marketplace,beginner,no
O00610,C1542,2025-12-21,bar,12-bar box,d2c,beginner,no
O00611,C1733,2025-12-21,bar,12-bar box,d2c,gym_regular,no
O00612,C2130,2025-12-21,bar,12-bar box,marketplace,vegetarian,no
O00613,C2673,2025-12-21,bar,12-bar box,marketplace,gym_regular,no
O00614,C3294,2025-12-21,bar,12-bar box,marketplace,beginner,no
O00615,C3489,2025-12-21,bar,12-bar box,d2c,vegetarian,no
O00616,C3540,2025-12-21,bar,12-bar box,marketplace,gym_regular,no
O00617,C3726,2025-12-21,bar,12-bar box,marketplace,beginner,no
O00618,C3960,2025-12-21,bar,12-bar box,d2c,gym_regular,no
O00619,C0464,2025-12-22,bar,12-bar box,d2c,beginner,no
O00620,C0606,2025-12-22,bar,12-bar box,d2c,vegetarian,no
O00621,C1221,2025-12-22,bar,12-bar box,marketplace,vegetarian,no
O00622,C2629,2025-12-22,bar,12-bar box,marketplace,weight_loss,no
O00623,C2724,2025-12-22,bar,12-bar box,d2c,beginner,no
O00624,C0191,2025-12-23,bar,12-bar box,marketplace,beginner,no
O00625,C0213,2025-12-23,bar,12-bar box,marketplace,gym_regular,no
O00626,C0222,2025-12-23,bar,12-bar box,marketplace,beginner,no
O00627,C0297,2025-12-23,bar,12-bar box,d2c,beginner,no
O00628,C0877,2025-12-23,bar,12-bar box,marketplace,gym_regular,no
O00629,C1582,2025-12-23,bar,12-bar box,d2c,gym_regular,no
O00630,C1635,2025-12-23,bar,12-bar box,marketplace,vegetarian,no
O00631,C1766,2025-12-23,bar,12-bar box,marketplace,gym_regular,no
O00632,C2747,2025-12-23,bar,12-bar box,marketplace,gym_regular,no
O00633,C3235,2025-12-23,bar,12-bar box,marketplace,vegetarian,no
O00634,C1119,2025-12-24,bar,12-bar box,d2c,beginner,no
O00635,C1198,2025-12-24,bar,12-bar box,d2c,vegetarian,no
O00636,C3681,2025-12-24,bar,12-bar box,marketplace,vegetarian,no
O00637,C0814,2025-12-25,bar,12-bar box,marketplace,gym_regular,no
O00638,C0897,2025-12-25,bar,12-bar box,marketplace,weight_loss,no
O00639,C1674,2025-12-25,bar,12-bar box,marketplace,beginner,no
O00640,C1740,2025-12-25,bar,12-bar box,marketplace,beginner,no
O00641,C2326,2025-12-25,bar,12-bar box,marketplace,weight_loss,no
O00642,C2522,2025-12-25,bar,12-bar box,marketplace,gym_regular,no
O00643,C2580,2025-12-25,bar,12-bar box,marketplace,beginner,no
O00644,C2699,2025-12-25,bar,12-bar box,d2c,vegetarian,no
O00645,C3252,2025-12-25,bar,12-bar box,marketplace,gym_regular,no
O00646,C3893,2025-12-25,bar,12-bar box,d2c,endurance,no
O00647,C0125,2025-12-26,bar,12-bar box,marketplace,beginner,no
O00648,C0216,2025-12-26,bar,12-bar box,marketplace,endurance,no
O00649,C0433,2025-12-26,bar,12-bar box,d2c,weight_loss,no
O00650,C0547,2025-12-26,bar,12-bar box,d2c,weight_loss,no
O00651,C0796,2025-12-26,bar,12-bar box,d2c,gym_regular,no
O00652,C1100,2025-12-26,bar,12-bar box,marketplace,gym_regular,no
O00653,C1509,2025-12-26,bar,12-bar box,d2c,weight_loss,no
O00654,C0624,2025-12-27,bar,12-bar box,d2c,vegetarian,no
O00655,C1515,2025-12-27,bar,12-bar box,d2c,gym_regular,no
O00656,C1566,2025-12-27,bar,12-bar box,marketplace,gym_regular,no
O00657,C2541,2025-12-27,bar,12-bar box,marketplace,beginner,no
O00658,C2639,2025-12-27,bar,12-bar box,marketplace,beginner,no
O00659,C2647,2025-12-27,bar,12-bar box,d2c,vegetarian,no
O00660,C2678,2025-12-27,bar,12-bar box,marketplace,beginner,no
O00661,C3159,2025-12-27,bar,12-bar box,marketplace,beginner,no
O00662,C3491,2025-12-27,bar,12-bar box,marketplace,vegetarian,no
O00663,C0185,2025-12-28,bar,12-bar box,marketplace,weight_loss,no
O00664,C1064,2025-12-28,bar,12-bar box,d2c,gym_regular,no
O00665,C1145,2025-12-28,bar,12-bar box,d2c,vegetarian,no
O00666,C1324,2025-12-28,bar,12-bar box,marketplace,vegetarian,no
O00667,C1387,2025-12-28,bar,12-bar box,d2c,beginner,no
O00668,C1409,2025-12-28,bar,12-bar box,marketplace,gym_regular,no
O00669,C1431,2025-12-28,bar,12-bar box,d2c,vegetarian,no
O00670,C2132,2025-12-28,bar,12-bar box,d2c,beginner,no
O00671,C2618,2025-12-28,bar,12-bar box,d2c,weight_loss,no
O00672,C2799,2025-12-28,bar,12-bar box,marketplace,gym_regular,no
O00673,C3906,2025-12-28,bar,12-bar box,marketplace,beginner,no
O00674,C1484,2025-12-29,bar,12-bar box,d2c,beginner,no
O00675,C1749,2025-12-29,bar,12-bar box,d2c,weight_loss,no
O00676,C1870,2025-12-29,bar,12-bar box,marketplace,gym_regular,no
O00677,C1911,2025-12-29,bar,12-bar box,marketplace,vegetarian,no
O00678,C2131,2025-12-29,bar,12-bar box,marketplace,gym_regular,no
O00679,C2198,2025-12-29,bar,12-bar box,marketplace,beginner,no
O00680,C2205,2025-12-29,bar,12-bar box,marketplace,gym_regular,no
O00681,C2266,2025-12-29,bar,12-bar box,marketplace,beginner,no
O00682,C2554,2025-12-29,bar,12-bar box,d2c,gym_regular,no
O00683,C3181,2025-12-29,bar,12-bar box,marketplace,beginner,no
O00684,C3444,2025-12-29,bar,12-bar box,marketplace,endurance,no
O00685,C3777,2025-12-29,bar,12-bar box,marketplace,vegetarian,no
O00686,C2299,2025-12-30,bar,12-bar box,marketplace,beginner,no
O00687,C2434,2025-12-30,bar,12-bar box,marketplace,gym_regular,no
O00688,C2478,2025-12-30,bar,12-bar box,marketplace,gym_regular,no
O00689,C3717,2025-12-30,bar,12-bar box,d2c,beginner,no
O00690,C3846,2025-12-30,bar,12-bar box,d2c,gym_regular,no
O00691,C0327,2025-12-31,bar,12-bar box,marketplace,endurance,no
O00692,C0341,2025-12-31,bar,12-bar box,d2c,beginner,no
O00693,C0412,2025-12-31,bar,12-bar box,d2c,gym_regular,no
O00694,C1820,2025-12-31,bar,12-bar box,d2c,beginner,no
O00695,C1841,2025-12-31,bar,12-bar box,marketplace,weight_loss,no
O00696,C2025,2025-12-31,bar,12-bar box,d2c,beginner,no
O00697,C2204,2025-12-31,bar,12-bar box,marketplace,weight_loss,no
O00698,C3264,2025-12-31,bar,12-bar box,marketplace,vegetarian,no
O00699,C3494,2025-12-31,bar,12-bar box,marketplace,vegetarian,no
O00700,C3708,2025-12-31,bar,12-bar box,marketplace,gym_regular,no
O00701,C0060,2026-01-01,bar,12-bar box,marketplace,gym_regular,no
O00702,C1697,2026-01-01,bar,12-bar box,d2c,vegetarian,no
O00703,C2464,2026-01-01,bar,12-bar box,d2c,vegetarian,no
O00704,C2943,2026-01-01,bar,12-bar box,d2c,gym_regular,no
O00705,C3177,2026-01-01,bar,12-bar box,marketplace,beginner,no
O00706,C3523,2026-01-01,bar,12-bar box,marketplace,beginner,no
O00707,C3591,2026-01-01,bar,12-bar box,marketplace,gym_regular,no
O00708,C0224,2026-01-02,bar,12-bar box,d2c,weight_loss,no
O00709,C0947,2026-01-02,bar,12-bar box,marketplace,beginner,no
O00710,C1513,2026-01-02,bar,12-bar box,marketplace,endurance,no
O00711,C1937,2026-01-02,bar,12-bar box,d2c,gym_regular,no
O00712,C2864,2026-01-02,bar,12-bar box,marketplace,weight_loss,no
O00713,C3532,2026-01-02,bar,12-bar box,marketplace,beginner,no
O00714,C1066,2026-01-03,bar,12-bar box,d2c,gym_regular,no
O00715,C1510,2026-01-03,bar,12-bar box,d2c,weight_loss,no
O00716,C1617,2026-01-03,bar,12-bar box,d2c,beginner,no
O00717,C2006,2026-01-03,bar,12-bar box,d2c,gym_regular,no
O00718,C2012,2026-01-03,bar,12-bar box,marketplace,beginner,no
O00719,C2571,2026-01-03,bar,12-bar box,marketplace,beginner,no
O00720,C2608,2026-01-03,bar,12-bar box,marketplace,gym_regular,no
O00721,C2641,2026-01-03,bar,12-bar box,d2c,vegetarian,no
O00722,C2884,2026-01-03,bar,12-bar box,d2c,beginner,no
O00723,C3503,2026-01-03,bar,12-bar box,marketplace,beginner,no
O00724,C0034,2026-01-04,bar,12-bar box,d2c,vegetarian,no
O00725,C0582,2026-01-04,bar,12-bar box,d2c,beginner,no
O00726,C0646,2026-01-04,bar,12-bar box,marketplace,gym_regular,no
O00727,C0658,2026-01-04,bar,12-bar box,d2c,vegetarian,no
O00728,C0982,2026-01-04,bar,12-bar box,marketplace,weight_loss,no
O00729,C1828,2026-01-04,bar,12-bar box,marketplace,weight_loss,no
O00730,C2274,2026-01-04,bar,12-bar box,marketplace,weight_loss,no
O00731,C2923,2026-01-04,bar,12-bar box,marketplace,beginner,no
O00732,C3920,2026-01-04,bar,12-bar box,marketplace,beginner,no
O00733,C0186,2026-01-05,bar,12-bar box,marketplace,beginner,no
O00734,C0443,2026-01-05,bar,12-bar box,marketplace,vegetarian,no
O00735,C0966,2026-01-05,bar,12-bar box,marketplace,beginner,no
O00736,C0984,2026-01-05,bar,12-bar box,d2c,weight_loss,no
O00737,C2857,2026-01-05,bar,12-bar box,marketplace,endurance,no
O00738,C0187,2026-01-06,bar,12-bar box,d2c,beginner,no
O00739,C0286,2026-01-06,bar,12-bar box,d2c,beginner,no
O00740,C0844,2026-01-06,bar,12-bar box,marketplace,endurance,no
O00741,C1676,2026-01-06,bar,12-bar box,marketplace,gym_regular,no
O00742,C1737,2026-01-06,bar,12-bar box,d2c,gym_regular,no
O00743,C1898,2026-01-06,bar,12-bar box,marketplace,gym_regular,no
O00744,C1909,2026-01-06,bar,12-bar box,d2c,beginner,no
O00745,C1978,2026-01-06,bar,12-bar box,d2c,gym_regular,no
O00746,C2848,2026-01-06,bar,12-bar box,d2c,beginner,no
O00747,C3085,2026-01-06,bar,12-bar box,d2c,beginner,no
O00748,C3548,2026-01-06,bar,12-bar box,d2c,gym_regular,no
O00749,C3876,2026-01-06,bar,12-bar box,marketplace,beginner,no
O00750,C3927,2026-01-06,bar,12-bar box,marketplace,beginner,no
O00751,C0045,2026-01-07,bar,12-bar box,marketplace,beginner,no
O00752,C0293,2026-01-07,bar,12-bar box,marketplace,beginner,no
O00753,C0868,2026-01-07,bar,12-bar box,d2c,endurance,no
O00754,C0964,2026-01-07,bar,12-bar box,d2c,beginner,no
O00755,C1992,2026-01-07,bar,12-bar box,marketplace,gym_regular,no
O00756,C3485,2026-01-07,bar,12-bar box,marketplace,gym_regular,no
O00757,C3804,2026-01-07,bar,12-bar box,d2c,gym_regular,no
O00758,C0196,2026-01-08,bar,12-bar box,d2c,beginner,no
O00759,C1352,2026-01-08,bar,12-bar box,d2c,gym_regular,no
O00760,C1773,2026-01-08,bar,12-bar box,marketplace,gym_regular,no
O00761,C2054,2026-01-08,bar,12-bar box,d2c,vegetarian,no
O00762,C2652,2026-01-08,bar,12-bar box,marketplace,beginner,no
O00763,C2822,2026-01-08,bar,12-bar box,marketplace,gym_regular,no
O00764,C3394,2026-01-08,bar,12-bar box,d2c,weight_loss,no
O00765,C3461,2026-01-08,bar,12-bar box,d2c,weight_loss,no
O00766,C3711,2026-01-08,bar,12-bar box,d2c,gym_regular,no
O00767,C3970,2026-01-08,bar,12-bar box,d2c,gym_regular,no
O00768,C1002,2026-01-09,bar,12-bar box,marketplace,gym_regular,no
O00769,C1043,2026-01-09,bar,12-bar box,marketplace,weight_loss,no
O00770,C1551,2026-01-09,bar,12-bar box,d2c,endurance,no
O00771,C1836,2026-01-09,bar,12-bar box,marketplace,weight_loss,no
O00772,C2333,2026-01-09,bar,12-bar box,d2c,vegetarian,no
O00773,C2495,2026-01-09,bar,12-bar box,marketplace,weight_loss,no
O00774,C2586,2026-01-09,bar,12-bar box,marketplace,gym_regular,no
O00775,C2624,2026-01-09,bar,12-bar box,marketplace,endurance,no
O00776,C2886,2026-01-09,bar,12-bar box,marketplace,endurance,no
O00777,C0189,2026-01-10,bar,12-bar box,marketplace,gym_regular,no
O00778,C0498,2026-01-10,bar,12-bar box,d2c,weight_loss,no
O00779,C0667,2026-01-10,bar,12-bar box,marketplace,beginner,no
O00780,C0678,2026-01-10,bar,12-bar box,marketplace,beginner,no
O00781,C1214,2026-01-10,bar,12-bar box,d2c,gym_regular,no
O00782,C1246,2026-01-10,bar,12-bar box,d2c,vegetarian,no
O00783,C1778,2026-01-10,bar,12-bar box,marketplace,beginner,no
O00784,C2222,2026-01-10,bar,12-bar box,marketplace,weight_loss,no
O00785,C2382,2026-01-10,bar,12-bar box,marketplace,endurance,no
O00786,C2786,2026-01-10,bar,12-bar box,marketplace,beginner,no
O00787,C2803,2026-01-10,bar,12-bar box,marketplace,beginner,no
O00788,C3517,2026-01-10,bar,12-bar box,marketplace,endurance,no
O00789,C3709,2026-01-10,bar,12-bar box,marketplace,endurance,no
O00790,C1300,2026-01-11,bar,12-bar box,marketplace,endurance,no
O00791,C1490,2026-01-11,bar,12-bar box,marketplace,weight_loss,no
O00792,C1522,2026-01-11,bar,12-bar box,d2c,beginner,no
O00793,C2658,2026-01-11,bar,12-bar box,d2c,gym_regular,no
O00794,C0087,2026-01-12,bar,12-bar box,d2c,gym_regular,no
O00795,C0298,2026-01-12,bar,12-bar box,d2c,gym_regular,no
O00796,C1193,2026-01-12,bar,12-bar box,marketplace,vegetarian,no
O00797,C1200,2026-01-12,bar,12-bar box,marketplace,endurance,no
O00798,C2779,2026-01-12,bar,12-bar box,marketplace,beginner,no
O00799,C2924,2026-01-12,bar,12-bar box,marketplace,vegetarian,no
O00800,C2953,2026-01-12,bar,12-bar box,d2c,endurance,no
O00801,C3014,2026-01-12,bar,12-bar box,marketplace,weight_loss,no
O00802,C3417,2026-01-12,bar,12-bar box,marketplace,endurance,no
O00803,C3888,2026-01-12,bar,12-bar box,marketplace,gym_regular,no
O00804,C0003,2026-01-13,bar,12-bar box,marketplace,weight_loss,no
O00805,C0580,2026-01-13,bar,12-bar box,marketplace,gym_regular,no
O00806,C0629,2026-01-13,bar,12-bar box,d2c,gym_regular,no
O00807,C0686,2026-01-13,bar,12-bar box,marketplace,weight_loss,no
O00808,C1042,2026-01-13,bar,12-bar box,d2c,gym_regular,no
O00809,C1523,2026-01-13,bar,12-bar box,marketplace,endurance,no
O00810,C1827,2026-01-13,bar,12-bar box,marketplace,beginner,no
O00811,C1877,2026-01-13,bar,12-bar box,marketplace,endurance,no
O00812,C1942,2026-01-13,bar,12-bar box,d2c,endurance,no
O00813,C2334,2026-01-13,bar,12-bar box,d2c,weight_loss,no
O00814,C3385,2026-01-13,bar,12-bar box,marketplace,endurance,no
O00815,C3404,2026-01-13,bar,12-bar box,d2c,beginner,no
O00816,C0878,2026-01-14,bar,12-bar box,marketplace,endurance,no
O00817,C1199,2026-01-14,bar,12-bar box,marketplace,beginner,no
O00818,C2714,2026-01-14,bar,12-bar box,marketplace,weight_loss,no
O00819,C3628,2026-01-14,bar,12-bar box,marketplace,gym_regular,no
O00820,C0052,2026-01-15,bar,12-bar box,d2c,beginner,no
O00821,C1244,2026-01-15,bar,12-bar box,d2c,beginner,no
O00822,C1466,2026-01-15,bar,12-bar box,marketplace,beginner,no
O00823,C2609,2026-01-15,bar,12-bar box,marketplace,gym_regular,no
O00824,C3124,2026-01-15,bar,12-bar box,marketplace,beginner,no
O00825,C3539,2026-01-15,bar,12-bar box,d2c,weight_loss,no
O00826,C3811,2026-01-15,bar,12-bar box,marketplace,gym_regular,no
O00827,C0311,2026-01-16,bar,12-bar box,d2c,weight_loss,no
O00828,C0442,2026-01-16,bar,12-bar box,marketplace,weight_loss,no
O00829,C1212,2026-01-16,bar,12-bar box,d2c,weight_loss,no
O00830,C2147,2026-01-16,bar,12-bar box,marketplace,gym_regular,no
O00831,C2731,2026-01-16,bar,12-bar box,marketplace,weight_loss,no
O00832,C1036,2026-01-17,bar,12-bar box,d2c,gym_regular,no
O00833,C1327,2026-01-17,bar,12-bar box,d2c,beginner,no
O00834,C1397,2026-01-17,bar,12-bar box,marketplace,beginner,no
O00835,C1736,2026-01-17,bar,12-bar box,marketplace,gym_regular,no
O00836,C1843,2026-01-17,bar,12-bar box,d2c,weight_loss,no
O00837,C2667,2026-01-17,bar,12-bar box,marketplace,beginner,no
O00838,C3304,2026-01-17,bar,12-bar box,marketplace,endurance,no
O00839,C3538,2026-01-17,bar,12-bar box,marketplace,endurance,no
O00840,C3665,2026-01-17,bar,12-bar box,d2c,endurance,no
O00841,C3922,2026-01-17,bar,12-bar box,marketplace,endurance,no
O00842,C0925,2026-01-18,bar,12-bar box,d2c,gym_regular,no
O00843,C1230,2026-01-18,bar,12-bar box,marketplace,vegetarian,no
O00844,C1390,2026-01-18,bar,12-bar box,d2c,weight_loss,no
O00845,C2206,2026-01-18,bar,12-bar box,marketplace,beginner,no
O00846,C2476,2026-01-18,bar,12-bar box,d2c,beginner,no
O00847,C2865,2026-01-18,bar,12-bar box,d2c,beginner,no
O00848,C3884,2026-01-18,bar,12-bar box,d2c,vegetarian,no
O00849,C1718,2026-01-19,bar,12-bar box,marketplace,beginner,no
O00850,C2173,2026-01-19,bar,12-bar box,marketplace,endurance,no
O00851,C2229,2026-01-19,bar,12-bar box,marketplace,endurance,no
O00852,C2296,2026-01-19,bar,12-bar box,d2c,gym_regular,no
O00853,C2467,2026-01-19,bar,12-bar box,marketplace,beginner,no
O00854,C3022,2026-01-19,bar,12-bar box,marketplace,weight_loss,no
O00855,C3343,2026-01-19,bar,12-bar box,marketplace,gym_regular,no
O00856,C3941,2026-01-19,bar,12-bar box,d2c,weight_loss,no
O00857,C0281,2026-01-20,bar,12-bar box,d2c,gym_regular,no
O00858,C0710,2026-01-20,bar,12-bar box,marketplace,weight_loss,no
O00859,C0727,2026-01-20,bar,12-bar box,d2c,gym_regular,no
O00860,C0815,2026-01-20,bar,12-bar box,d2c,beginner,no
O00861,C2126,2026-01-20,bar,12-bar box,marketplace,weight_loss,no
O00862,C2218,2026-01-20,bar,12-bar box,marketplace,weight_loss,no
O00863,C2868,2026-01-20,bar,12-bar box,d2c,vegetarian,no
O00864,C3438,2026-01-20,bar,12-bar box,marketplace,gym_regular,no
O00865,C3697,2026-01-20,bar,12-bar box,d2c,vegetarian,no
O00866,C3827,2026-01-20,bar,12-bar box,d2c,beginner,no
O00867,C3915,2026-01-20,bar,12-bar box,marketplace,weight_loss,no
O00868,C0255,2026-01-21,bar,12-bar box,marketplace,weight_loss,no
O00869,C0292,2026-01-21,bar,12-bar box,marketplace,beginner,no
O00870,C1764,2026-01-21,bar,12-bar box,d2c,weight_loss,no
O00871,C2809,2026-01-21,bar,12-bar box,d2c,gym_regular,no
O00872,C2815,2026-01-21,bar,12-bar box,marketplace,gym_regular,no
O00873,C3055,2026-01-21,bar,12-bar box,marketplace,vegetarian,no
O00874,C1209,2026-01-22,bar,12-bar box,marketplace,beginner,no
O00875,C2239,2026-01-22,bar,12-bar box,marketplace,gym_regular,no
O00876,C2568,2026-01-22,bar,12-bar box,d2c,gym_regular,no
O00877,C2635,2026-01-22,bar,12-bar box,marketplace,vegetarian,no
O00878,C2808,2026-01-22,bar,12-bar box,d2c,endurance,no
O00879,C3260,2026-01-22,bar,12-bar box,marketplace,gym_regular,no
O00880,C3916,2026-01-22,bar,12-bar box,d2c,gym_regular,no
O00881,C0127,2026-01-23,bar,12-bar box,marketplace,weight_loss,no
O00882,C0536,2026-01-23,bar,12-bar box,marketplace,gym_regular,no
O00883,C1057,2026-01-23,bar,12-bar box,marketplace,beginner,no
O00884,C1256,2026-01-23,bar,12-bar box,marketplace,beginner,no
O00885,C2125,2026-01-23,bar,12-bar box,marketplace,vegetarian,no
O00886,C2565,2026-01-23,bar,12-bar box,marketplace,gym_regular,no
O00887,C3511,2026-01-23,bar,12-bar box,marketplace,vegetarian,no
O00888,C0323,2026-01-24,bar,12-bar box,marketplace,gym_regular,no
O00889,C0418,2026-01-24,bar,12-bar box,marketplace,weight_loss,no
O00890,C1203,2026-01-24,bar,12-bar box,marketplace,vegetarian,no
O00891,C1345,2026-01-24,bar,12-bar box,marketplace,beginner,no
O00892,C1665,2026-01-24,bar,12-bar box,d2c,gym_regular,no
O00893,C2076,2026-01-24,bar,12-bar box,marketplace,beginner,no
O00894,C2512,2026-01-24,bar,12-bar box,d2c,weight_loss,no
O00895,C2909,2026-01-24,bar,12-bar box,marketplace,beginner,no
O00896,C3023,2026-01-24,bar,12-bar box,marketplace,gym_regular,no
O00897,C3340,2026-01-24,bar,12-bar box,marketplace,vegetarian,no
O00898,C0708,2026-01-25,bar,12-bar box,marketplace,weight_loss,no
O00899,C0944,2026-01-25,bar,12-bar box,marketplace,gym_regular,no
O00900,C1439,2026-01-25,bar,12-bar box,d2c,beginner,no
O00901,C1990,2026-01-25,bar,12-bar box,marketplace,vegetarian,no
O00902,C2470,2026-01-25,bar,12-bar box,marketplace,gym_regular,no
O00903,C2570,2026-01-25,bar,12-bar box,marketplace,vegetarian,no
O00904,C0068,2026-01-26,bar,12-bar box,marketplace,weight_loss,no
O00905,C0146,2026-01-26,bar,12-bar box,marketplace,gym_regular,no
O00906,C0171,2026-01-26,bar,12-bar box,d2c,weight_loss,no
O00907,C0272,2026-01-26,bar,12-bar box,marketplace,vegetarian,no
O00908,C1469,2026-01-26,bar,12-bar box,marketplace,beginner,no
O00909,C1725,2026-01-26,bar,12-bar box,marketplace,weight_loss,no
O00910,C2166,2026-01-26,bar,12-bar box,marketplace,weight_loss,no
O00911,C2582,2026-01-26,bar,12-bar box,marketplace,endurance,no
O00912,C2761,2026-01-26,bar,12-bar box,marketplace,vegetarian,no
O00913,C3318,2026-01-26,bar,12-bar box,d2c,beginner,no
O00914,C3501,2026-01-26,bar,12-bar box,d2c,weight_loss,no
O00915,C3634,2026-01-26,bar,12-bar box,d2c,beginner,no
O00916,C3860,2026-01-26,bar,12-bar box,d2c,weight_loss,no
O00917,C0170,2026-01-27,bar,12-bar box,d2c,beginner,no
O00918,C0907,2026-01-27,bar,12-bar box,d2c,beginner,no
O00919,C1208,2026-01-27,bar,12-bar box,marketplace,weight_loss,no
O00920,C1284,2026-01-27,bar,12-bar box,marketplace,beginner,no
O00921,C1401,2026-01-27,bar,12-bar box,marketplace,weight_loss,no
O00922,C1938,2026-01-27,bar,12-bar box,d2c,gym_regular,no
O00923,C3359,2026-01-27,bar,12-bar box,marketplace,vegetarian,no
O00924,C3675,2026-01-27,bar,12-bar box,d2c,gym_regular,no
O00925,C3881,2026-01-27,bar,12-bar box,marketplace,beginner,no
O00926,C0694,2026-01-28,bar,12-bar box,marketplace,gym_regular,no
O00927,C0865,2026-01-28,bar,12-bar box,marketplace,beginner,no
O00928,C1114,2026-01-28,bar,12-bar box,marketplace,weight_loss,no
O00929,C1956,2026-01-28,bar,12-bar box,marketplace,vegetarian,no
O00930,C3292,2026-01-28,bar,12-bar box,marketplace,weight_loss,no
O00931,C0426,2026-01-29,bar,12-bar box,d2c,weight_loss,no
O00932,C0997,2026-01-29,bar,12-bar box,marketplace,gym_regular,no
O00933,C1931,2026-01-29,bar,12-bar box,d2c,gym_regular,no
O00934,C2710,2026-01-29,bar,12-bar box,d2c,beginner,no
O00935,C3425,2026-01-29,bar,12-bar box,d2c,beginner,no
O00936,C3946,2026-01-29,bar,12-bar box,d2c,weight_loss,no
O00937,C1262,2026-01-30,bar,12-bar box,d2c,beginner,no
O00938,C1472,2026-01-30,bar,12-bar box,marketplace,gym_regular,no
O00939,C1501,2026-01-30,bar,12-bar box,marketplace,weight_loss,no
O00940,C1779,2026-01-30,bar,12-bar box,marketplace,vegetarian,no
O00941,C1951,2026-01-30,bar,12-bar box,d2c,weight_loss,no
O00942,C2577,2026-01-30,bar,12-bar box,d2c,vegetarian,no
O00943,C2634,2026-01-30,bar,12-bar box,marketplace,gym_regular,no
O00944,C2897,2026-01-30,bar,12-bar box,d2c,weight_loss,no
O00945,C3399,2026-01-30,bar,12-bar box,d2c,gym_regular,no
O00946,C3627,2026-01-30,bar,12-bar box,marketplace,beginner,no
O00947,C3749,2026-01-30,bar,12-bar box,d2c,beginner,no
O00948,C3773,2026-01-30,bar,12-bar box,d2c,vegetarian,no
O00949,C0474,2026-01-31,bar,12-bar box,d2c,gym_regular,no
O00950,C0511,2026-01-31,bar,12-bar box,d2c,weight_loss,no
O00951,C0888,2026-01-31,bar,12-bar box,marketplace,beginner,no
O00952,C1223,2026-01-31,bar,12-bar box,marketplace,endurance,no
O00953,C1236,2026-01-31,bar,12-bar box,d2c,vegetarian,no
O00954,C2288,2026-01-31,bar,12-bar box,marketplace,gym_regular,no
O00955,C2395,2026-01-31,bar,12-bar box,d2c,beginner,no
O00956,C2585,2026-01-31,bar,12-bar box,marketplace,beginner,no
O00957,C3660,2026-01-31,bar,12-bar box,d2c,beginner,no
O00958,C0245,2026-02-01,bar,12-bar box,marketplace,gym_regular,no
O00959,C1054,2026-02-01,bar,12-bar box,d2c,gym_regular,no
O00960,C1077,2026-02-01,bar,12-bar box,marketplace,gym_regular,no
O00961,C1172,2026-02-01,bar,12-bar box,d2c,weight_loss,no
O00962,C1249,2026-02-01,bar,12-bar box,d2c,gym_regular,no
O00963,C1288,2026-02-01,bar,12-bar box,d2c,weight_loss,no
O00964,C1353,2026-02-01,bar,12-bar box,d2c,weight_loss,no
O00965,C1376,2026-02-01,bar,12-bar box,marketplace,endurance,no
O00966,C1771,2026-02-01,bar,12-bar box,d2c,weight_loss,no
O00967,C3379,2026-02-01,bar,12-bar box,d2c,gym_regular,no
O00968,C3905,2026-02-01,bar,12-bar box,marketplace,weight_loss,no
O00969,C0197,2026-02-02,bar,12-bar box,marketplace,weight_loss,no
O00970,C0303,2026-02-02,bar,12-bar box,d2c,vegetarian,no
O00971,C0635,2026-02-02,bar,12-bar box,marketplace,beginner,no
O00972,C0803,2026-02-02,bar,12-bar box,marketplace,beginner,no
O00973,C1601,2026-02-02,bar,12-bar box,marketplace,weight_loss,no
O00974,C2007,2026-02-02,bar,12-bar box,marketplace,endurance,no
O00975,C2011,2026-02-02,bar,12-bar box,d2c,gym_regular,no
O00976,C2064,2026-02-02,bar,12-bar box,d2c,beginner,no
O00977,C2290,2026-02-02,bar,12-bar box,marketplace,vegetarian,no
O00978,C2345,2026-02-02,bar,12-bar box,d2c,vegetarian,no
O00979,C3203,2026-02-02,bar,12-bar box,d2c,endurance,no
O00980,C0315,2026-02-03,bar,12-bar box,marketplace,vegetarian,no
O00981,C0601,2026-02-03,bar,12-bar box,d2c,gym_regular,no
O00982,C0842,2026-02-03,bar,12-bar box,d2c,gym_regular,no
O00983,C0960,2026-02-03,bar,12-bar box,marketplace,beginner,no
O00984,C1359,2026-02-03,bar,12-bar box,d2c,weight_loss,no
O00985,C1368,2026-02-03,bar,12-bar box,marketplace,weight_loss,no
O00986,C1640,2026-02-03,bar,12-bar box,marketplace,gym_regular,no
O00987,C1807,2026-02-03,bar,12-bar box,d2c,weight_loss,no
O00988,C2070,2026-02-03,bar,12-bar box,marketplace,weight_loss,no
O00989,C2353,2026-02-03,bar,12-bar box,marketplace,gym_regular,no
O00990,C2416,2026-02-03,bar,12-bar box,d2c,gym_regular,no
O00991,C2974,2026-02-03,bar,12-bar box,d2c,endurance,no
O00992,C3377,2026-02-03,bar,12-bar box,marketplace,weight_loss,no
O00993,C0362,2026-02-04,bar,12-bar box,d2c,gym_regular,no
O00994,C1151,2026-02-04,bar,12-bar box,d2c,vegetarian,no
O00995,C1556,2026-02-04,bar,12-bar box,marketplace,beginner,no
O00996,C1859,2026-02-04,bar,12-bar box,d2c,beginner,no
O00997,C2437,2026-02-04,bar,12-bar box,d2c,gym_regular,no
O00998,C2510,2026-02-04,bar,12-bar box,marketplace,gym_regular,no
O00999,C3331,2026-02-04,bar,12-bar box,marketplace,beginner,no
O01000,C3739,2026-02-04,bar,12-bar box,marketplace,gym_regular,no
O01001,C3911,2026-02-04,bar,12-bar box,marketplace,weight_loss,no
O01002,C0398,2026-02-05,bar,12-bar box,d2c,beginner,no
O01003,C2904,2026-02-05,bar,12-bar box,marketplace,endurance,no
O01004,C3165,2026-02-05,bar,12-bar box,marketplace,endurance,no
O01005,C0242,2026-02-06,bar,12-bar box,marketplace,gym_regular,no
O01006,C1403,2026-02-06,bar,12-bar box,marketplace,gym_regular,no
O01007,C1436,2026-02-06,bar,12-bar box,d2c,weight_loss,no
O01008,C2748,2026-02-06,bar,12-bar box,d2c,endurance,no
O01009,C3050,2026-02-06,bar,12-bar box,marketplace,beginner,no
O01010,C3076,2026-02-06,bar,12-bar box,marketplace,weight_loss,no
O01011,C3727,2026-02-06,bar,12-bar box,marketplace,beginner,no
O01012,C3807,2026-02-06,bar,12-bar box,marketplace,gym_regular,no
O01013,C3999,2026-02-06,bar,12-bar box,d2c,endurance,no
O01014,C1003,2026-02-07,bar,12-bar box,marketplace,beginner,no
O01015,C1068,2026-02-07,bar,12-bar box,marketplace,weight_loss,no
O01016,C1276,2026-02-07,bar,12-bar box,marketplace,beginner,no
O01017,C1464,2026-02-07,bar,12-bar box,marketplace,gym_regular,no
O01018,C1715,2026-02-07,bar,12-bar box,d2c,beginner,no
O01019,C2201,2026-02-07,bar,12-bar box,marketplace,beginner,no
O01020,C0683,2026-02-08,bar,12-bar box,marketplace,gym_regular,no
O01021,C1021,2026-02-08,bar,12-bar box,marketplace,beginner,no
O01022,C1889,2026-02-08,bar,12-bar box,marketplace,weight_loss,no
O01023,C2632,2026-02-08,bar,12-bar box,marketplace,vegetarian,no
O01024,C2871,2026-02-08,bar,12-bar box,marketplace,beginner,no
O01025,C3761,2026-02-08,bar,12-bar box,marketplace,gym_regular,no
O01026,C0621,2026-02-09,bar,12-bar box,marketplace,weight_loss,no
O01027,C1954,2026-02-09,bar,12-bar box,marketplace,weight_loss,no
O01028,C2244,2026-02-09,bar,12-bar box,d2c,weight_loss,no
O01029,C2519,2026-02-09,bar,12-bar box,d2c,weight_loss,no
O01030,C2625,2026-02-09,bar,12-bar box,d2c,vegetarian,no
O01031,C2944,2026-02-09,bar,12-bar box,marketplace,weight_loss,no
O01032,C3063,2026-02-09,bar,12-bar box,marketplace,beginner,no
O01033,C1169,2026-02-10,bar,12-bar box,d2c,endurance,no
O01034,C1451,2026-02-10,bar,12-bar box,d2c,vegetarian,no
O01035,C1867,2026-02-10,bar,12-bar box,d2c,beginner,no
O01036,C2566,2026-02-10,bar,12-bar box,marketplace,beginner,no
O01037,C3892,2026-02-10,bar,12-bar box,marketplace,beginner,no
O01038,C0166,2026-02-11,bar,12-bar box,marketplace,beginner,no
O01039,C0527,2026-02-11,bar,12-bar box,d2c,weight_loss,no
O01040,C0544,2026-02-11,bar,12-bar box,marketplace,weight_loss,no
O01041,C0760,2026-02-11,bar,12-bar box,marketplace,gym_regular,no
O01042,C0829,2026-02-11,bar,12-bar box,marketplace,gym_regular,no
O01043,C0846,2026-02-11,bar,12-bar box,d2c,weight_loss,no
O01044,C0939,2026-02-11,bar,12-bar box,d2c,gym_regular,no
O01045,C1413,2026-02-11,bar,12-bar box,marketplace,gym_regular,no
O01046,C2599,2026-02-11,bar,12-bar box,marketplace,weight_loss,no
O01047,C2616,2026-02-11,bar,12-bar box,marketplace,beginner,no
O01048,C2750,2026-02-11,bar,12-bar box,marketplace,beginner,no
O01049,C2856,2026-02-11,bar,12-bar box,marketplace,beginner,no
O01050,C3274,2026-02-11,bar,12-bar box,marketplace,gym_regular,no
O01051,C3288,2026-02-11,bar,12-bar box,marketplace,vegetarian,no
O01052,C0402,2026-02-12,bar,12-bar box,marketplace,weight_loss,no
O01053,C0501,2026-02-12,bar,12-bar box,d2c,endurance,no
O01054,C0719,2026-02-12,bar,12-bar box,marketplace,beginner,no
O01055,C0751,2026-02-12,bar,12-bar box,marketplace,beginner,no
O01056,C1445,2026-02-12,bar,12-bar box,marketplace,gym_regular,no
O01057,C1597,2026-02-12,bar,12-bar box,marketplace,beginner,no
O01058,C2518,2026-02-12,bar,12-bar box,marketplace,gym_regular,no
O01059,C2598,2026-02-12,bar,12-bar box,marketplace,vegetarian,no
O01060,C0343,2026-02-13,bar,12-bar box,marketplace,beginner,no
O01061,C0365,2026-02-13,bar,12-bar box,marketplace,gym_regular,no
O01062,C0652,2026-02-13,bar,12-bar box,marketplace,beginner,no
O01063,C1477,2026-02-13,bar,12-bar box,marketplace,gym_regular,no
O01064,C1592,2026-02-13,bar,12-bar box,d2c,gym_regular,no
O01065,C1955,2026-02-13,bar,12-bar box,marketplace,gym_regular,no
O01066,C2684,2026-02-13,bar,12-bar box,d2c,beginner,no
O01067,C2855,2026-02-13,bar,12-bar box,d2c,gym_regular,no
O01068,C3020,2026-02-13,bar,12-bar box,marketplace,gym_regular,no
O01069,C3341,2026-02-13,bar,12-bar box,marketplace,vegetarian,no
O01070,C3676,2026-02-13,bar,12-bar box,marketplace,vegetarian,no
O01071,C0193,2026-02-14,bar,12-bar box,marketplace,weight_loss,no
O01072,C0870,2026-02-14,bar,12-bar box,marketplace,vegetarian,no
O01073,C0996,2026-02-14,bar,12-bar box,marketplace,beginner,no
O01074,C1880,2026-02-14,bar,12-bar box,d2c,endurance,no
O01075,C2553,2026-02-14,bar,12-bar box,d2c,gym_regular,no
O01076,C3552,2026-02-14,bar,12-bar box,marketplace,beginner,no
O01077,C0284,2026-02-15,bar,12-bar box,marketplace,endurance,no
O01078,C1808,2026-02-15,bar,12-bar box,marketplace,vegetarian,no
O01079,C2186,2026-02-15,bar,12-bar box,marketplace,endurance,no
O01080,C2742,2026-02-15,bar,12-bar box,marketplace,beginner,no
O01081,C2975,2026-02-15,bar,12-bar box,marketplace,gym_regular,no
O01082,C3048,2026-02-15,bar,12-bar box,marketplace,gym_regular,no
O01083,C3710,2026-02-15,bar,12-bar box,marketplace,beginner,no
O01084,C3731,2026-02-15,bar,12-bar box,marketplace,gym_regular,no
O01085,C0128,2026-02-16,bar,12-bar box,marketplace,gym_regular,no
O01086,C0517,2026-02-16,bar,12-bar box,marketplace,weight_loss,no
O01087,C0702,2026-02-16,bar,12-bar box,marketplace,gym_regular,no
O01088,C0904,2026-02-16,bar,12-bar box,d2c,gym_regular,no
O01089,C1326,2026-02-16,bar,12-bar box,marketplace,vegetarian,no
O01090,C2235,2026-02-16,bar,12-bar box,marketplace,vegetarian,no
O01091,C2435,2026-02-16,bar,12-bar box,d2c,gym_regular,no
O01092,C2956,2026-02-16,bar,12-bar box,marketplace,beginner,no
O01093,C3079,2026-02-16,bar,12-bar box,marketplace,gym_regular,no
O01094,C3148,2026-02-16,bar,12-bar box,d2c,weight_loss,no
O01095,C3463,2026-02-16,bar,12-bar box,d2c,gym_regular,no
O01096,C3689,2026-02-16,bar,12-bar box,marketplace,beginner,no
O01097,C3845,2026-02-16,bar,12-bar box,d2c,weight_loss,no
O01098,C0244,2026-02-17,bar,12-bar box,d2c,gym_regular,no
O01099,C0575,2026-02-17,bar,12-bar box,d2c,weight_loss,no
O01100,C1091,2026-02-17,bar,12-bar box,marketplace,gym_regular,no
O01101,C1147,2026-02-17,bar,12-bar box,marketplace,beginner,no
O01102,C1914,2026-02-17,bar,12-bar box,marketplace,weight_loss,no
O01103,C3367,2026-02-17,bar,12-bar box,marketplace,gym_regular,no
O01104,C0013,2026-02-18,bar,12-bar box,d2c,gym_regular,no
O01105,C0650,2026-02-18,bar,12-bar box,marketplace,gym_regular,no
O01106,C0661,2026-02-18,bar,12-bar box,d2c,beginner,no
O01107,C0757,2026-02-18,bar,12-bar box,marketplace,vegetarian,no
O01108,C1165,2026-02-18,bar,12-bar box,marketplace,vegetarian,no
O01109,C1590,2026-02-18,bar,12-bar box,marketplace,gym_regular,no
O01110,C2008,2026-02-18,bar,12-bar box,marketplace,beginner,no
O01111,C2261,2026-02-18,bar,12-bar box,marketplace,beginner,no
O01112,C2454,2026-02-18,bar,12-bar box,marketplace,beginner,no
O01113,C2719,2026-02-18,bar,12-bar box,d2c,endurance,no
O01114,C2813,2026-02-18,bar,12-bar box,marketplace,vegetarian,no
O01115,C3006,2026-02-18,bar,12-bar box,d2c,beginner,no
O01116,C0502,2026-02-19,bar,12-bar box,marketplace,endurance,no
O01117,C0513,2026-02-19,bar,12-bar box,d2c,gym_regular,no
O01118,C0531,2026-02-19,bar,12-bar box,marketplace,vegetarian,no
O01119,C0934,2026-02-19,bar,12-bar box,marketplace,gym_regular,no
O01120,C1202,2026-02-19,bar,12-bar box,marketplace,beginner,no
O01121,C1226,2026-02-19,bar,12-bar box,marketplace,vegetarian,no
O01122,C1290,2026-02-19,bar,12-bar box,d2c,vegetarian,no
O01123,C1311,2026-02-19,bar,12-bar box,d2c,gym_regular,no
O01124,C2000,2026-02-19,bar,12-bar box,d2c,weight_loss,no
O01125,C0330,2026-02-20,bar,12-bar box,marketplace,weight_loss,no
O01126,C0393,2026-02-20,bar,12-bar box,marketplace,beginner,no
O01127,C1015,2026-02-20,bar,12-bar box,d2c,beginner,no
O01128,C1471,2026-02-20,bar,12-bar box,marketplace,gym_regular,no
O01129,C1829,2026-02-20,bar,12-bar box,d2c,gym_regular,no
O01130,C2315,2026-02-20,bar,12-bar box,marketplace,beginner,no
O01131,C2666,2026-02-20,bar,12-bar box,marketplace,vegetarian,no
O01132,C2773,2026-02-20,bar,12-bar box,marketplace,vegetarian,no
O01133,C3678,2026-02-20,bar,12-bar box,d2c,vegetarian,no
O01134,C3822,2026-02-20,bar,12-bar box,d2c,vegetarian,no
O01135,C0337,2026-02-21,bar,12-bar box,marketplace,gym_regular,no
O01136,C1247,2026-02-21,bar,12-bar box,marketplace,weight_loss,no
O01137,C1293,2026-02-21,bar,12-bar box,marketplace,gym_regular,no
O01138,C1495,2026-02-21,bar,12-bar box,d2c,weight_loss,no
O01139,C1579,2026-02-21,bar,12-bar box,marketplace,endurance,no
O01140,C1691,2026-02-21,bar,12-bar box,marketplace,beginner,no
O01141,C2143,2026-02-21,bar,12-bar box,marketplace,beginner,no
O01142,C2285,2026-02-21,bar,12-bar box,d2c,vegetarian,no
O01143,C2514,2026-02-21,bar,12-bar box,marketplace,endurance,no
O01144,C0773,2026-02-22,bar,12-bar box,marketplace,endurance,no
O01145,C0975,2026-02-22,bar,12-bar box,marketplace,vegetarian,no
O01146,C1346,2026-02-22,bar,12-bar box,d2c,weight_loss,no
O01147,C1878,2026-02-22,bar,12-bar box,marketplace,vegetarian,no
O01148,C2121,2026-02-22,bar,12-bar box,d2c,gym_regular,no
O01149,C2316,2026-02-22,bar,12-bar box,d2c,gym_regular,no
O01150,C3104,2026-02-22,bar,12-bar box,d2c,vegetarian,no
O01151,C3832,2026-02-22,bar,12-bar box,marketplace,vegetarian,no
O01152,C0385,2026-02-23,bar,12-bar box,d2c,gym_regular,no
O01153,C0622,2026-02-23,bar,12-bar box,d2c,endurance,no
O01154,C1896,2026-02-23,bar,12-bar box,marketplace,vegetarian,no
O01155,C2462,2026-02-23,bar,12-bar box,marketplace,vegetarian,no
O01156,C2778,2026-02-23,bar,12-bar box,d2c,beginner,no
O01157,C2838,2026-02-23,bar,12-bar box,d2c,vegetarian,no
O01158,C2900,2026-02-23,bar,12-bar box,marketplace,weight_loss,no
O01159,C3232,2026-02-23,bar,12-bar box,d2c,vegetarian,no
O01160,C3766,2026-02-23,bar,12-bar box,d2c,beginner,no
O01161,C3887,2026-02-23,bar,12-bar box,marketplace,vegetarian,no
O01162,C2212,2026-02-24,bar,12-bar box,d2c,gym_regular,no
O01163,C3005,2026-02-24,bar,12-bar box,marketplace,beginner,no
O01164,C3108,2026-02-24,bar,12-bar box,marketplace,beginner,no
O01165,C3365,2026-02-24,bar,12-bar box,marketplace,endurance,no
O01166,C3971,2026-02-24,bar,12-bar box,d2c,endurance,no
O01167,C0090,2026-02-25,bar,12-bar box,d2c,gym_regular,no
O01168,C0092,2026-02-25,bar,12-bar box,marketplace,endurance,no
O01169,C0669,2026-02-25,bar,12-bar box,marketplace,endurance,no
O01170,C0890,2026-02-25,bar,12-bar box,marketplace,gym_regular,no
O01171,C1322,2026-02-25,bar,12-bar box,marketplace,weight_loss,no
O01172,C1468,2026-02-25,bar,12-bar box,marketplace,vegetarian,no
O01173,C1526,2026-02-25,bar,12-bar box,marketplace,weight_loss,no
O01174,C1966,2026-02-25,bar,12-bar box,marketplace,weight_loss,no
O01175,C2134,2026-02-25,bar,12-bar box,d2c,gym_regular,no
O01176,C2726,2026-02-25,bar,12-bar box,marketplace,weight_loss,no
O01177,C2977,2026-02-25,bar,12-bar box,d2c,gym_regular,no
O01178,C3226,2026-02-25,bar,12-bar box,marketplace,weight_loss,no
O01179,C3448,2026-02-25,bar,12-bar box,marketplace,weight_loss,no
O01180,C3938,2026-02-25,bar,12-bar box,marketplace,gym_regular,no
O01181,C0347,2026-02-26,bar,12-bar box,marketplace,gym_regular,no
O01182,C0458,2026-02-26,bar,12-bar box,d2c,vegetarian,no
O01183,C1027,2026-02-26,bar,12-bar box,marketplace,beginner,no
O01184,C1702,2026-02-26,bar,12-bar box,marketplace,beginner,no
O01185,C2015,2026-02-26,bar,12-bar box,marketplace,vegetarian,no
O01186,C2795,2026-02-26,bar,12-bar box,marketplace,weight_loss,no
O01187,C3047,2026-02-26,bar,12-bar box,marketplace,vegetarian,no
O01188,C3763,2026-02-26,bar,12-bar box,marketplace,gym_regular,no
O01189,C0572,2026-02-27,bar,12-bar box,marketplace,gym_regular,no
O01190,C1309,2026-02-27,bar,12-bar box,marketplace,gym_regular,no
O01191,C1446,2026-02-27,bar,12-bar box,marketplace,weight_loss,no
O01192,C1842,2026-02-27,bar,12-bar box,d2c,gym_regular,no
O01193,C2154,2026-02-27,bar,12-bar box,marketplace,weight_loss,no
O01194,C2419,2026-02-27,bar,12-bar box,d2c,gym_regular,no
O01195,C3406,2026-02-27,bar,12-bar box,marketplace,gym_regular,no
O01196,C3428,2026-02-27,bar,12-bar box,d2c,endurance,no
O01197,C0223,2026-02-28,bar,12-bar box,d2c,beginner,no
O01198,C0434,2026-02-28,bar,12-bar box,marketplace,beginner,no
O01199,C0717,2026-02-28,bar,12-bar box,d2c,weight_loss,no
O01200,C1709,2026-02-28,bar,12-bar box,d2c,gym_regular,no
O01201,C2638,2026-02-28,bar,12-bar box,marketplace,endurance,no
O01202,C1041,2026-03-01,bar,12-bar box,d2c,gym_regular,no
O01203,C1243,2026-03-01,bar,12-bar box,d2c,weight_loss,no
O01204,C1774,2026-03-01,bar,12-bar box,marketplace,beginner,no
O01205,C1920,2026-03-01,bar,12-bar box,marketplace,beginner,no
O01206,C2152,2026-03-01,bar,12-bar box,marketplace,vegetarian,no
O01207,C2521,2026-03-01,bar,12-bar box,marketplace,gym_regular,no
O01208,C2913,2026-03-01,bar,12-bar box,marketplace,endurance,no
O01209,C2995,2026-03-01,bar,12-bar box,marketplace,beginner,no
O01210,C3197,2026-03-01,bar,12-bar box,marketplace,weight_loss,no
O01211,C3376,2026-03-01,bar,12-bar box,marketplace,gym_regular,no
O01212,C3618,2026-03-01,bar,12-bar box,marketplace,weight_loss,no
O01213,C3835,2026-03-01,bar,12-bar box,marketplace,beginner,no
O01214,C0948,2026-03-02,bar,12-bar box,marketplace,weight_loss,no
O01215,C2133,2026-03-02,bar,12-bar box,marketplace,beginner,no
O01216,C2182,2026-03-02,bar,12-bar box,marketplace,gym_regular,no
O01217,C2438,2026-03-02,bar,12-bar box,marketplace,endurance,no
O01218,C3253,2026-03-02,bar,12-bar box,marketplace,gym_regular,no
O01219,C3633,2026-03-02,bar,12-bar box,d2c,vegetarian,no
O01220,C0353,2026-03-03,bar,12-bar box,d2c,vegetarian,no
O01221,C0701,2026-03-03,bar,12-bar box,marketplace,beginner,no
O01222,C2128,2026-03-03,bar,12-bar box,d2c,gym_regular,no
O01223,C2274,2026-03-03,bar,12-bar box,marketplace,weight_loss,no
O01224,C3386,2026-03-03,bar,12-bar box,d2c,beginner,no
O01225,C0168,2026-03-04,bar,12-bar box,d2c,vegetarian,no
O01226,C0479,2026-03-04,bar,12-bar box,marketplace,gym_regular,no
O01227,C2106,2026-03-04,bar,12-bar box,d2c,gym_regular,no
O01228,C2410,2026-03-04,bar,12-bar box,d2c,weight_loss,no
O01229,C2926,2026-03-04,bar,12-bar box,marketplace,beginner,no
O01230,C2994,2026-03-04,bar,12-bar box,marketplace,weight_loss,no
O01231,C3206,2026-03-04,bar,12-bar box,d2c,weight_loss,no
O01232,C3499,2026-03-04,bar,12-bar box,marketplace,weight_loss,no
O01233,C3770,2026-03-04,bar,12-bar box,marketplace,beginner,no
O01234,C1210,2026-03-05,bar,12-bar box,marketplace,gym_regular,no
O01235,C2391,2026-03-05,bar,12-bar box,d2c,gym_regular,no
O01236,C2393,2026-03-05,bar,12-bar box,marketplace,beginner,no
O01237,C3447,2026-03-05,bar,12-bar box,marketplace,vegetarian,no
O01238,C3686,2026-03-05,bar,12-bar box,marketplace,beginner,no
O01239,C0075,2026-03-06,bar,12-bar box,marketplace,gym_regular,no
O01240,C0550,2026-03-06,bar,12-bar box,d2c,endurance,no
O01241,C0995,2026-03-06,bar,12-bar box,d2c,beginner,no
O01242,C1109,2026-03-06,bar,12-bar box,marketplace,gym_regular,no
O01243,C1511,2026-03-06,bar,12-bar box,d2c,beginner,no
O01244,C1534,2026-03-06,bar,12-bar box,marketplace,beginner,no
O01245,C2117,2026-03-06,bar,12-bar box,d2c,vegetarian,no
O01246,C2412,2026-03-06,bar,12-bar box,d2c,gym_regular,no
O01247,C2832,2026-03-06,bar,12-bar box,d2c,gym_regular,no
O01248,C3029,2026-03-06,bar,12-bar box,marketplace,beginner,no
O01249,C3422,2026-03-06,bar,12-bar box,d2c,weight_loss,no
O01250,C3606,2026-03-06,bar,12-bar box,marketplace,gym_regular,no
O01251,C3780,2026-03-06,bar,12-bar box,marketplace,gym_regular,no
O01252,C0027,2026-03-07,bar,12-bar box,marketplace,beginner,no
O01253,C0455,2026-03-07,bar,12-bar box,marketplace,weight_loss,no
O01254,C0911,2026-03-07,bar,12-bar box,d2c,gym_regular,no
O01255,C1946,2026-03-07,bar,12-bar box,d2c,vegetarian,no
O01256,C2259,2026-03-07,bar,12-bar box,marketplace,vegetarian,no
O01257,C2901,2026-03-07,bar,12-bar box,d2c,endurance,no
O01258,C3117,2026-03-07,bar,12-bar box,d2c,beginner,no
O01259,C3278,2026-03-07,bar,12-bar box,marketplace,endurance,no
O01260,C3853,2026-03-07,bar,12-bar box,d2c,beginner,no
O01261,C3997,2026-03-07,bar,12-bar box,d2c,beginner,no
O01262,C0046,2026-03-08,bar,12-bar box,marketplace,vegetarian,no
O01263,C0978,2026-03-08,bar,12-bar box,d2c,gym_regular,no
O01264,C1141,2026-03-08,bar,12-bar box,marketplace,vegetarian,no
O01265,C1520,2026-03-08,bar,12-bar box,d2c,gym_regular,no
O01266,C2429,2026-03-08,bar,12-bar box,d2c,endurance,no
O01267,C2444,2026-03-08,bar,12-bar box,d2c,gym_regular,no
O01268,C2543,2026-03-08,bar,12-bar box,marketplace,gym_regular,no
O01269,C0073,2026-03-09,bar,12-bar box,d2c,beginner,no
O01270,C0121,2026-03-09,bar,12-bar box,marketplace,gym_regular,no
O01271,C0151,2026-03-09,bar,12-bar box,marketplace,beginner,no
O01272,C0878,2026-03-09,bar,12-bar box,marketplace,endurance,no
O01273,C0931,2026-03-09,bar,12-bar box,d2c,gym_regular,no
O01274,C0983,2026-03-09,bar,12-bar box,d2c,beginner,no
O01275,C1130,2026-03-09,bar,12-bar box,marketplace,beginner,no
O01276,C1180,2026-03-09,bar,12-bar box,d2c,beginner,no
O01277,C1411,2026-03-09,bar,12-bar box,marketplace,vegetarian,no
O01278,C1494,2026-03-09,bar,12-bar box,d2c,gym_regular,no
O01279,C1508,2026-03-09,bar,12-bar box,marketplace,weight_loss,no
O01280,C1847,2026-03-09,bar,12-bar box,marketplace,gym_regular,no
O01281,C2504,2026-03-09,bar,12-bar box,marketplace,weight_loss,no
O01282,C2829,2026-03-09,bar,12-bar box,marketplace,gym_regular,no
O01283,C3020,2026-03-09,bar,12-bar box,marketplace,gym_regular,no
O01284,C3851,2026-03-09,bar,12-bar box,marketplace,weight_loss,no
O01285,C0244,2026-03-10,bar,12-bar box,d2c,gym_regular,no
O01286,C0896,2026-03-10,bar,12-bar box,marketplace,weight_loss,no
O01287,C1413,2026-03-10,bar,12-bar box,marketplace,gym_regular,no
O01288,C1600,2026-03-10,bar,12-bar box,d2c,vegetarian,no
O01289,C2188,2026-03-10,bar,12-bar box,marketplace,weight_loss,no
O01290,C2498,2026-03-10,bar,12-bar box,marketplace,beginner,no
O01291,C2768,2026-03-10,bar,12-bar box,d2c,vegetarian,no
O01292,C2789,2026-03-10,bar,12-bar box,marketplace,beginner,no
O01293,C2979,2026-03-10,bar,12-bar box,marketplace,beginner,no
O01294,C3032,2026-03-10,bar,12-bar box,marketplace,beginner,no
O01295,C3475,2026-03-10,bar,12-bar box,marketplace,beginner,no
O01296,C3511,2026-03-10,bar,12-bar box,marketplace,vegetarian,no
O01297,C3888,2026-03-10,bar,12-bar box,marketplace,gym_regular,no
O01298,C0067,2026-03-11,bar,12-bar box,d2c,beginner,no
O01299,C0324,2026-03-11,bar,12-bar box,marketplace,gym_regular,no
O01300,C0439,2026-03-11,bar,12-bar box,marketplace,weight_loss,no
O01301,C0562,2026-03-11,bar,12-bar box,marketplace,gym_regular,no
O01302,C0652,2026-03-11,bar,12-bar box,marketplace,beginner,no
O01303,C2405,2026-03-11,bar,12-bar box,marketplace,vegetarian,no
O01304,C2794,2026-03-11,bar,12-bar box,marketplace,beginner,no
O01305,C3569,2026-03-11,bar,12-bar box,marketplace,beginner,no
O01306,C3624,2026-03-11,bar,12-bar box,marketplace,vegetarian,no
O01307,C3732,2026-03-11,bar,12-bar box,marketplace,gym_regular,no
O01308,C3774,2026-03-11,bar,12-bar box,marketplace,weight_loss,no
O01309,C0063,2026-03-12,bar,12-bar box,d2c,weight_loss,no
O01310,C0154,2026-03-12,bar,12-bar box,marketplace,beginner,no
O01311,C0270,2026-03-12,bar,12-bar box,d2c,vegetarian,no
O01312,C0707,2026-03-12,bar,12-bar box,d2c,endurance,no
O01313,C0790,2026-03-12,bar,12-bar box,marketplace,weight_loss,no
O01314,C0926,2026-03-12,bar,12-bar box,marketplace,beginner,no
O01315,C1086,2026-03-12,bar,12-bar box,d2c,weight_loss,no
O01316,C1596,2026-03-12,bar,12-bar box,d2c,beginner,no
O01317,C1608,2026-03-12,bar,12-bar box,marketplace,vegetarian,no
O01318,C2492,2026-03-12,bar,12-bar box,marketplace,beginner,no
O01319,C2844,2026-03-12,bar,12-bar box,d2c,beginner,no
O01320,C3090,2026-03-12,bar,12-bar box,d2c,weight_loss,no
O01321,C3227,2026-03-12,bar,12-bar box,d2c,gym_regular,no
O01322,C3417,2026-03-12,bar,12-bar box,marketplace,endurance,no
O01323,C3525,2026-03-12,bar,12-bar box,d2c,weight_loss,no
O01324,C3842,2026-03-12,bar,12-bar box,d2c,gym_regular,no
O01325,C0517,2026-03-13,bar,12-bar box,marketplace,weight_loss,no
O01326,C1063,2026-03-13,bar,12-bar box,d2c,beginner,no
O01327,C1165,2026-03-13,bar,12-bar box,marketplace,vegetarian,no
O01328,C1337,2026-03-13,bar,12-bar box,marketplace,beginner,no
O01329,C3407,2026-03-13,bar,12-bar box,marketplace,vegetarian,no
O01330,C3932,2026-03-13,bar,12-bar box,marketplace,weight_loss,no
O01331,C3933,2026-03-13,bar,12-bar box,d2c,gym_regular,no
O01332,C0199,2026-03-14,bar,12-bar box,d2c,vegetarian,no
O01333,C0355,2026-03-14,bar,12-bar box,d2c,vegetarian,no
O01334,C0779,2026-03-14,bar,12-bar box,marketplace,beginner,no
O01335,C1106,2026-03-14,bar,12-bar box,d2c,weight_loss,yes
O01336,C1630,2026-03-14,bar,12-bar box,d2c,endurance,yes
O01337,C2137,2026-03-14,bar,12-bar box,d2c,beginner,no
O01338,C3105,2026-03-14,bar,12-bar box,d2c,beginner,no
O01339,C3246,2026-03-14,bar,12-bar box,marketplace,endurance,no
O01340,C3420,2026-03-14,bar,12-bar box,marketplace,beginner,no
O01341,C3509,2026-03-14,bar,12-bar box,marketplace,beginner,no
O01342,C3654,2026-03-14,bar,12-bar box,d2c,beginner,no
O01343,C3705,2026-03-14,bar,12-bar box,d2c,gym_regular,yes
O01344,C3737,2026-03-14,bar,12-bar box,marketplace,gym_regular,no
O01345,C3823,2026-03-14,bar,12-bar box,d2c,gym_regular,no
O01346,C0476,2026-03-15,bar,12-bar box,marketplace,gym_regular,no
O01347,C0510,2026-03-15,bar,12-bar box,d2c,weight_loss,no
O01348,C0581,2026-03-15,bar,12-bar box,marketplace,weight_loss,no
O01349,C0742,2026-03-15,bar,12-bar box,d2c,weight_loss,no
O01350,C1008,2026-03-15,bar,12-bar box,marketplace,vegetarian,no
O01351,C1154,2026-03-15,bar,12-bar box,d2c,endurance,yes
O01352,C1161,2026-03-15,bar,12-bar box,marketplace,weight_loss,no
O01353,C1684,2026-03-15,bar,12-bar box,marketplace,gym_regular,no
O01354,C1833,2026-03-15,bar,12-bar box,d2c,vegetarian,no
O01355,C1948,2026-03-15,bar,12-bar box,d2c,vegetarian,yes
O01356,C2243,2026-03-15,bar,12-bar box,marketplace,gym_regular,no
O01357,C2277,2026-03-15,bar,12-bar box,marketplace,weight_loss,no
O01358,C2418,2026-03-15,bar,12-bar box,d2c,vegetarian,yes
O01359,C2442,2026-03-15,bar,12-bar box,marketplace,gym_regular,no
O01360,C2661,2026-03-15,bar,12-bar box,marketplace,gym_regular,no
O01361,C3024,2026-03-15,bar,12-bar box,marketplace,vegetarian,no
O01362,C3467,2026-03-15,bar,12-bar box,d2c,beginner,yes
O01363,C3581,2026-03-15,bar,12-bar box,marketplace,beginner,no
O01364,C3588,2026-03-15,bar,12-bar box,marketplace,gym_regular,no
O01365,C3613,2026-03-15,bar,12-bar box,marketplace,beginner,no
O01366,C0283,2026-03-16,bar,12-bar box,marketplace,beginner,no
O01367,C0338,2026-03-16,bar,12-bar box,d2c,beginner,no
O01368,C0549,2026-03-16,bar,12-bar box,marketplace,beginner,no
O01369,C0608,2026-03-16,bar,12-bar box,d2c,gym_regular,no
O01370,C0747,2026-03-16,bar,12-bar box,d2c,weight_loss,no
O01371,C0776,2026-03-16,bar,12-bar box,marketplace,gym_regular,no
O01372,C1615,2026-03-16,bar,12-bar box,d2c,vegetarian,no
O01373,C1715,2026-03-16,bar,12-bar box,d2c,beginner,no
O01374,C1900,2026-03-16,bar,12-bar box,marketplace,weight_loss,no
O01375,C2276,2026-03-16,bar,12-bar box,d2c,weight_loss,no
O01376,C2388,2026-03-16,bar,12-bar box,marketplace,beginner,no
O01377,C2753,2026-03-16,bar,12-bar box,marketplace,gym_regular,no
O01378,C3434,2026-03-16,bar,12-bar box,marketplace,weight_loss,no
O01379,C3694,2026-03-16,bar,12-bar box,marketplace,beginner,no
O01380,C3761,2026-03-16,bar,12-bar box,marketplace,gym_regular,no
O01381,C3887,2026-03-16,bar,12-bar box,marketplace,vegetarian,no
O01382,C0310,2026-03-17,bar,12-bar box,marketplace,weight_loss,no
O01383,C0575,2026-03-17,bar,12-bar box,d2c,weight_loss,no
O01384,C0733,2026-03-17,bar,12-bar box,marketplace,vegetarian,no
O01385,C0804,2026-03-17,bar,12-bar box,d2c,vegetarian,no
O01386,C1038,2026-03-17,bar,12-bar box,d2c,gym_regular,no
O01387,C1120,2026-03-17,bar,12-bar box,d2c,beginner,no
O01388,C1322,2026-03-17,bar,12-bar box,marketplace,weight_loss,no
O01389,C1695,2026-03-17,bar,12-bar box,d2c,beginner,no
O01390,C1801,2026-03-17,bar,12-bar box,marketplace,weight_loss,no
O01391,C1804,2026-03-17,bar,12-bar box,marketplace,beginner,no
O01392,C1806,2026-03-17,bar,12-bar box,d2c,vegetarian,no
O01393,C1863,2026-03-17,bar,12-bar box,d2c,beginner,no
O01394,C2515,2026-03-17,bar,12-bar box,d2c,weight_loss,no
O01395,C2997,2026-03-17,bar,12-bar box,marketplace,gym_regular,no
O01396,C3157,2026-03-17,bar,12-bar box,d2c,beginner,no
O01397,C3203,2026-03-17,bar,12-bar box,d2c,endurance,no
O01398,C3656,2026-03-17,bar,12-bar box,marketplace,weight_loss,no
O01399,C3833,2026-03-17,bar,12-bar box,marketplace,endurance,no
O01400,C3886,2026-03-17,bar,12-bar box,marketplace,weight_loss,no
O01401,C1272,2026-03-18,bar,12-bar box,marketplace,beginner,no
O01402,C1800,2026-03-18,bar,12-bar box,d2c,gym_regular,no
O01403,C1961,2026-03-18,bar,12-bar box,marketplace,gym_regular,no
O01404,C2001,2026-03-18,bar,12-bar box,d2c,vegetarian,no
O01405,C2008,2026-03-18,bar,12-bar box,marketplace,beginner,no
O01406,C2020,2026-03-18,bar,12-bar box,marketplace,gym_regular,no
O01407,C2238,2026-03-18,bar,12-bar box,marketplace,beginner,no
O01408,C2239,2026-03-18,bar,12-bar box,marketplace,gym_regular,no
O01409,C2296,2026-03-18,bar,12-bar box,d2c,gym_regular,no
O01410,C2336,2026-03-18,bar,12-bar box,marketplace,endurance,no
O01411,C2395,2026-03-18,bar,12-bar box,d2c,beginner,no
O01412,C2430,2026-03-18,bar,12-bar box,marketplace,weight_loss,no
O01413,C3026,2026-03-18,bar,12-bar box,marketplace,beginner,no
O01414,C3209,2026-03-18,bar,12-bar box,d2c,gym_regular,yes
O01415,C3329,2026-03-18,bar,12-bar box,marketplace,gym_regular,no
O01416,C1757,2026-03-19,bar,12-bar box,d2c,weight_loss,no
O01417,C2348,2026-03-19,bar,12-bar box,d2c,vegetarian,yes
O01418,C2379,2026-03-19,bar,12-bar box,marketplace,endurance,no
O01419,C2670,2026-03-19,bar,12-bar box,marketplace,endurance,no
O01420,C2916,2026-03-19,bar,12-bar box,d2c,endurance,no
O01421,C3318,2026-03-19,bar,12-bar box,d2c,beginner,no
O01422,C3486,2026-03-19,bar,12-bar box,marketplace,beginner,no
O01423,C3911,2026-03-19,bar,12-bar box,marketplace,weight_loss,no
O01424,C3935,2026-03-19,bar,12-bar box,marketplace,gym_regular,no
O01425,C3968,2026-03-19,bar,12-bar box,marketplace,weight_loss,no
O01426,C0620,2026-03-20,bar,12-bar box,marketplace,gym_regular,no
O01427,C0922,2026-03-20,bar,12-bar box,d2c,beginner,no
O01428,C0963,2026-03-20,bar,12-bar box,marketplace,gym_regular,no
O01429,C1344,2026-03-20,bar,12-bar box,marketplace,gym_regular,no
O01430,C1605,2026-03-20,bar,12-bar box,marketplace,gym_regular,no
O01431,C1616,2026-03-20,bar,12-bar box,marketplace,beginner,no
O01432,C1852,2026-03-20,bar,12-bar box,d2c,endurance,no
O01433,C1915,2026-03-20,bar,12-bar box,marketplace,gym_regular,no
O01434,C2555,2026-03-20,bar,12-bar box,d2c,weight_loss,no
O01435,C2688,2026-03-20,bar,12-bar box,d2c,weight_loss,no
O01436,C2756,2026-03-20,bar,12-bar box,marketplace,gym_regular,no
O01437,C2878,2026-03-20,bar,12-bar box,d2c,weight_loss,yes
O01438,C2939,2026-03-20,bar,12-bar box,marketplace,beginner,no
O01439,C3016,2026-03-20,bar,12-bar box,marketplace,weight_loss,no
O01440,C3530,2026-03-20,bar,12-bar box,marketplace,weight_loss,no
O01441,C3567,2026-03-20,bar,12-bar box,d2c,vegetarian,no
O01442,C3642,2026-03-20,bar,12-bar box,marketplace,gym_regular,no
O01443,C3889,2026-03-20,bar,12-bar box,d2c,weight_loss,no
O01444,C0218,2026-03-21,bar,12-bar box,marketplace,gym_regular,no
O01445,C0420,2026-03-21,bar,12-bar box,marketplace,beginner,no
O01446,C0773,2026-03-21,bar,12-bar box,marketplace,endurance,no
O01447,C0795,2026-03-21,bar,12-bar box,d2c,endurance,no
O01448,C1286,2026-03-21,bar,12-bar box,marketplace,gym_regular,no
O01449,C1374,2026-03-21,bar,12-bar box,marketplace,weight_loss,no
O01450,C1417,2026-03-21,bar,12-bar box,d2c,beginner,yes
O01451,C2114,2026-03-21,bar,12-bar box,d2c,vegetarian,no
O01452,C2156,2026-03-21,bar,12-bar box,d2c,gym_regular,no
O01453,C2420,2026-03-21,bar,12-bar box,marketplace,gym_regular,no
O01454,C2527,2026-03-21,bar,12-bar box,d2c,beginner,no
O01455,C2548,2026-03-21,bar,12-bar box,marketplace,endurance,no
O01456,C2917,2026-03-21,bar,12-bar box,marketplace,vegetarian,no
O01457,C3426,2026-03-21,bar,12-bar box,d2c,gym_regular,yes
O01458,C3544,2026-03-21,bar,12-bar box,marketplace,beginner,no
O01459,C3847,2026-03-21,bar,12-bar box,marketplace,beginner,no
O01460,C0356,2026-03-22,bar,12-bar box,marketplace,endurance,no
O01461,C0545,2026-03-22,bar,12-bar box,marketplace,gym_regular,no
O01462,C0698,2026-03-22,bar,12-bar box,marketplace,beginner,no
O01463,C0943,2026-03-22,bar,12-bar box,marketplace,endurance,no
O01464,C1310,2026-03-22,bar,12-bar box,d2c,gym_regular,no
O01465,C1750,2026-03-22,bar,12-bar box,d2c,weight_loss,no
O01466,C1754,2026-03-22,bar,12-bar box,marketplace,vegetarian,no
O01467,C1932,2026-03-22,bar,12-bar box,d2c,gym_regular,no
O01468,C1951,2026-03-22,bar,12-bar box,d2c,weight_loss,no
O01469,C1968,2026-03-22,bar,12-bar box,d2c,weight_loss,yes
O01470,C2061,2026-03-22,bar,12-bar box,d2c,gym_regular,yes
O01471,C2289,2026-03-22,bar,12-bar box,d2c,endurance,no
O01472,C2384,2026-03-22,bar,12-bar box,marketplace,vegetarian,no
O01473,C2530,2026-03-22,bar,12-bar box,d2c,gym_regular,no
O01474,C2642,2026-03-22,bar,12-bar box,d2c,gym_regular,yes
O01475,C2934,2026-03-22,bar,12-bar box,marketplace,beginner,no
O01476,C3104,2026-03-22,bar,12-bar box,d2c,vegetarian,no
O01477,C3410,2026-03-22,bar,12-bar box,marketplace,vegetarian,no
O01478,C3938,2026-03-22,bar,12-bar box,marketplace,gym_regular,no
O01479,C0024,2026-03-23,bar,12-bar box,marketplace,endurance,no
O01480,C0417,2026-03-23,bar,12-bar box,d2c,gym_regular,no
O01481,C0540,2026-03-23,bar,12-bar box,d2c,gym_regular,no
O01482,C0583,2026-03-23,bar,12-bar box,marketplace,weight_loss,no
O01483,C1388,2026-03-23,bar,12-bar box,d2c,weight_loss,yes
O01484,C1881,2026-03-23,bar,12-bar box,d2c,gym_regular,no
O01485,C1916,2026-03-23,bar,12-bar box,marketplace,weight_loss,no
O01486,C2283,2026-03-23,bar,12-bar box,d2c,vegetarian,no
O01487,C2596,2026-03-23,bar,12-bar box,marketplace,vegetarian,no
O01488,C3234,2026-03-23,bar,12-bar box,d2c,weight_loss,no
O01489,C3403,2026-03-23,bar,12-bar box,d2c,weight_loss,no
O01490,C3769,2026-03-23,bar,12-bar box,marketplace,beginner,no
O01491,C0053,2026-03-24,bar,12-bar box,d2c,weight_loss,no
O01492,C0105,2026-03-24,bar,12-bar box,d2c,weight_loss,no
O01493,C0641,2026-03-24,bar,12-bar box,marketplace,vegetarian,no
O01494,C0801,2026-03-24,bar,12-bar box,marketplace,weight_loss,no
O01495,C0924,2026-03-24,bar,12-bar box,marketplace,gym_regular,no
O01496,C1315,2026-03-24,bar,12-bar box,d2c,weight_loss,no
O01497,C1627,2026-03-24,bar,12-bar box,d2c,weight_loss,no
O01498,C1693,2026-03-24,bar,12-bar box,d2c,weight_loss,no
O01499,C2076,2026-03-24,bar,12-bar box,marketplace,beginner,no
O01500,C2932,2026-03-24,bar,12-bar box,d2c,vegetarian,yes
O01501,C3296,2026-03-24,bar,12-bar box,marketplace,gym_regular,no
O01502,C3547,2026-03-24,bar,12-bar box,marketplace,beginner,no
O01503,C3617,2026-03-24,bar,12-bar box,d2c,beginner,no
O01504,C0902,2026-03-25,bar,12-bar box,d2c,beginner,no
O01505,C1319,2026-03-25,bar,12-bar box,d2c,vegetarian,yes
O01506,C1353,2026-03-25,bar,12-bar box,d2c,weight_loss,no
O01507,C2116,2026-03-25,bar,12-bar box,d2c,vegetarian,yes
O01508,C2613,2026-03-25,bar,12-bar box,marketplace,beginner,no
O01509,C3155,2026-03-25,bar,12-bar box,d2c,beginner,no
O01510,C3459,2026-03-25,bar,12-bar box,d2c,beginner,no
O01511,C3881,2026-03-25,bar,12-bar box,marketplace,beginner,no
O01512,C3913,2026-03-25,bar,12-bar box,d2c,gym_regular,no
O01513,C0094,2026-03-26,bar,12-bar box,marketplace,weight_loss,no
O01514,C0489,2026-03-26,bar,12-bar box,marketplace,endurance,no
O01515,C0598,2026-03-26,bar,12-bar box,d2c,weight_loss,yes
O01516,C0849,2026-03-26,bar,12-bar box,marketplace,weight_loss,no
O01517,C1331,2026-03-26,bar,12-bar box,d2c,beginner,no
O01518,C1496,2026-03-26,bar,12-bar box,d2c,vegetarian,no
O01519,C1903,2026-03-26,bar,12-bar box,d2c,gym_regular,yes
O01520,C2620,2026-03-26,bar,12-bar box,marketplace,gym_regular,no
O01521,C3176,2026-03-26,bar,12-bar box,marketplace,gym_regular,no
O01522,C0004,2026-03-27,bar,12-bar box,d2c,gym_regular,yes
O01523,C0163,2026-03-27,bar,12-bar box,marketplace,beginner,no
O01524,C0234,2026-03-27,bar,12-bar box,marketplace,vegetarian,no
O01525,C0262,2026-03-27,bar,12-bar box,marketplace,beginner,no
O01526,C0505,2026-03-27,bar,12-bar box,marketplace,gym_regular,no
O01527,C1403,2026-03-27,bar,12-bar box,marketplace,gym_regular,no
O01528,C1709,2026-03-27,bar,12-bar box,d2c,gym_regular,no
O01529,C1788,2026-03-27,bar,12-bar box,d2c,weight_loss,no
O01530,C1882,2026-03-27,bar,12-bar box,d2c,endurance,yes
O01531,C2325,2026-03-27,bar,12-bar box,d2c,gym_regular,no
O01532,C2615,2026-03-27,bar,12-bar box,marketplace,vegetarian,no
O01533,C2839,2026-03-27,bar,12-bar box,marketplace,gym_regular,no
O01534,C3445,2026-03-27,bar,12-bar box,marketplace,endurance,no
O01535,C3748,2026-03-27,bar,12-bar box,marketplace,gym_regular,no
O01536,C3992,2026-03-27,bar,12-bar box,marketplace,beginner,no
O01537,C0032,2026-03-28,bar,12-bar box,d2c,beginner,no
O01538,C0662,2026-03-28,bar,12-bar box,d2c,endurance,yes
O01539,C1149,2026-03-28,bar,12-bar box,d2c,gym_regular,yes
O01540,C1986,2026-03-28,bar,12-bar box,d2c,weight_loss,no
O01541,C2145,2026-03-28,bar,12-bar box,marketplace,beginner,no
O01542,C2708,2026-03-28,bar,12-bar box,d2c,vegetarian,no
O01543,C2715,2026-03-28,bar,12-bar box,d2c,endurance,yes
O01544,C2823,2026-03-28,bar,12-bar box,d2c,weight_loss,no
O01545,C3048,2026-03-28,bar,12-bar box,marketplace,gym_regular,no
O01546,C3097,2026-03-28,bar,12-bar box,marketplace,gym_regular,no
O01547,C3137,2026-03-28,bar,12-bar box,marketplace,weight_loss,no
O01548,C3563,2026-03-28,bar,12-bar box,d2c,weight_loss,yes
O01549,C3641,2026-03-28,bar,12-bar box,d2c,beginner,no
O01550,C3768,2026-03-28,bar,12-bar box,d2c,beginner,no
O01551,C3894,2026-03-28,bar,12-bar box,d2c,gym_regular,no
O01552,C0025,2026-03-29,bar,12-bar box,d2c,gym_regular,no
O01553,C1134,2026-03-29,bar,12-bar box,marketplace,vegetarian,no
O01554,C2090,2026-03-29,bar,12-bar box,d2c,gym_regular,yes
O01555,C2127,2026-03-29,bar,12-bar box,d2c,beginner,yes
O01556,C2280,2026-03-29,bar,12-bar box,d2c,weight_loss,no
O01557,C2630,2026-03-29,bar,12-bar box,marketplace,weight_loss,no
O01558,C2846,2026-03-29,bar,12-bar box,d2c,vegetarian,no
O01559,C2895,2026-03-29,bar,12-bar box,marketplace,endurance,no
O01560,C2950,2026-03-29,bar,12-bar box,marketplace,endurance,no
O01561,C3398,2026-03-29,bar,12-bar box,marketplace,endurance,no
O01562,C3441,2026-03-29,bar,12-bar box,marketplace,beginner,no
O01563,C3565,2026-03-29,bar,12-bar box,marketplace,beginner,no
O01564,C3875,2026-03-29,bar,12-bar box,d2c,weight_loss,no
O01565,C3979,2026-03-29,bar,12-bar box,marketplace,gym_regular,no
O01566,C0384,2026-03-30,bar,12-bar box,marketplace,gym_regular,no
O01567,C1092,2026-03-30,bar,12-bar box,marketplace,endurance,no
O01568,C1175,2026-03-30,bar,12-bar box,d2c,vegetarian,no
O01569,C1251,2026-03-30,bar,12-bar box,marketplace,gym_regular,no
O01570,C1376,2026-03-30,bar,12-bar box,marketplace,endurance,no
O01571,C1503,2026-03-30,bar,12-bar box,marketplace,beginner,no
O01572,C1598,2026-03-30,bar,12-bar box,marketplace,weight_loss,no
O01573,C2235,2026-03-30,bar,12-bar box,marketplace,vegetarian,no
O01574,C2991,2026-03-30,bar,12-bar box,marketplace,gym_regular,no
O01575,C3232,2026-03-30,bar,12-bar box,d2c,vegetarian,no
O01576,C3500,2026-03-30,bar,12-bar box,d2c,beginner,no
O01577,C0057,2026-03-31,bar,12-bar box,d2c,beginner,no
O01578,C0550,2026-03-31,bar,12-bar box,d2c,endurance,no
O01579,C0836,2026-03-31,bar,12-bar box,d2c,weight_loss,yes
O01580,C1067,2026-03-31,bar,12-bar box,marketplace,beginner,no
O01581,C1152,2026-03-31,bar,12-bar box,d2c,beginner,no
O01582,C1172,2026-03-31,bar,12-bar box,d2c,weight_loss,no
O01583,C1229,2026-03-31,bar,12-bar box,marketplace,gym_regular,no
O01584,C1787,2026-03-31,bar,12-bar box,marketplace,gym_regular,no
O01585,C2403,2026-03-31,bar,12-bar box,marketplace,vegetarian,no
O01586,C2408,2026-03-31,bar,12-bar box,marketplace,beginner,no
O01587,C2873,2026-03-31,bar,12-bar box,marketplace,weight_loss,no
O01588,C3020,2026-03-31,bar,12-bar box,marketplace,gym_regular,no
O01589,C3052,2026-03-31,bar,12-bar box,d2c,endurance,no
O01590,C3624,2026-03-31,bar,12-bar box,marketplace,vegetarian,no
O01591,C0364,2026-04-01,bar,12-bar box,d2c,weight_loss,no
O01592,C1039,2026-04-01,bar,12-bar box,marketplace,weight_loss,no
O01593,C1211,2026-04-01,bar,12-bar box,marketplace,endurance,no
O01594,C1479,2026-04-01,bar,12-bar box,d2c,beginner,no
O01595,C1486,2026-04-01,bar,12-bar box,marketplace,vegetarian,no
O01596,C1570,2026-04-01,bar,12-bar box,d2c,beginner,no
O01597,C1756,2026-04-01,bar,12-bar box,d2c,vegetarian,yes
O01598,C2473,2026-04-01,bar,12-bar box,d2c,beginner,no
O01599,C2531,2026-04-01,bar,12-bar box,marketplace,weight_loss,no
O01600,C2911,2026-04-01,bar,12-bar box,marketplace,vegetarian,no
O01601,C3240,2026-04-01,bar,12-bar box,d2c,beginner,no
O01602,C3267,2026-04-01,bar,12-bar box,d2c,beginner,no
O01603,C0416,2026-04-02,bar,12-bar box,d2c,weight_loss,yes
O01604,C0631,2026-04-02,bar,12-bar box,d2c,weight_loss,no
O01605,C0707,2026-04-02,bar,12-bar box,d2c,endurance,no
O01606,C1113,2026-04-02,bar,12-bar box,d2c,vegetarian,yes
O01607,C1187,2026-04-02,bar,12-bar box,marketplace,beginner,no
O01608,C1190,2026-04-02,bar,12-bar box,marketplace,gym_regular,no
O01609,C1364,2026-04-02,bar,12-bar box,marketplace,gym_regular,no
O01610,C1477,2026-04-02,bar,12-bar box,marketplace,gym_regular,no
O01611,C2221,2026-04-02,bar,12-bar box,d2c,vegetarian,no
O01612,C2251,2026-04-02,bar,12-bar box,marketplace,gym_regular,no
O01613,C2302,2026-04-02,bar,12-bar box,marketplace,beginner,no
O01614,C2508,2026-04-02,bar,12-bar box,d2c,beginner,no
O01615,C2516,2026-04-02,bar,12-bar box,d2c,weight_loss,no
O01616,C2772,2026-04-02,bar,12-bar box,marketplace,beginner,no
O01617,C2833,2026-04-02,bar,12-bar box,marketplace,vegetarian,no
O01618,C3000,2026-04-02,bar,12-bar box,marketplace,gym_regular,no
O01619,C3179,2026-04-02,bar,12-bar box,d2c,vegetarian,no
O01620,C3278,2026-04-02,bar,12-bar box,marketplace,endurance,no
O01621,C3635,2026-04-02,bar,12-bar box,d2c,weight_loss,no
O01622,C3928,2026-04-02,bar,12-bar box,d2c,beginner,no
O01623,C0086,2026-04-03,bar,12-bar box,marketplace,beginner,no
O01624,C0113,2026-04-03,bar,12-bar box,marketplace,beginner,no
O01625,C0131,2026-04-03,bar,12-bar box,d2c,weight_loss,no
O01626,C0424,2026-04-03,bar,12-bar box,d2c,gym_regular,yes
O01627,C1086,2026-04-03,bar,12-bar box,d2c,weight_loss,no
O01628,C1328,2026-04-03,bar,12-bar box,marketplace,vegetarian,no
O01629,C1438,2026-04-03,bar,12-bar box,d2c,beginner,no
O01630,C1580,2026-04-03,bar,12-bar box,marketplace,weight_loss,no
O01631,C1889,2026-04-03,bar,12-bar box,marketplace,weight_loss,no
O01632,C1914,2026-04-03,bar,12-bar box,marketplace,weight_loss,no
O01633,C1970,2026-04-03,bar,12-bar box,marketplace,weight_loss,no
O01634,C2030,2026-04-03,bar,12-bar box,d2c,vegetarian,no
O01635,C3250,2026-04-03,bar,12-bar box,d2c,weight_loss,no
O01636,C3322,2026-04-03,bar,12-bar box,marketplace,endurance,no
O01637,C3475,2026-04-03,bar,12-bar box,marketplace,beginner,no
O01638,C3699,2026-04-03,bar,12-bar box,d2c,gym_regular,no
O01639,C0073,2026-04-04,bar,12-bar box,d2c,beginner,no
O01640,C0161,2026-04-04,bar,12-bar box,d2c,gym_regular,no
O01641,C0199,2026-04-04,bar,12-bar box,d2c,vegetarian,no
O01642,C0402,2026-04-04,bar,12-bar box,marketplace,weight_loss,no
O01643,C0517,2026-04-04,bar,12-bar box,marketplace,weight_loss,no
O01644,C0691,2026-04-04,bar,12-bar box,marketplace,vegetarian,no
O01645,C0750,2026-04-04,bar,12-bar box,d2c,beginner,no
O01646,C0831,2026-04-04,bar,12-bar box,d2c,endurance,no
O01647,C1423,2026-04-04,bar,12-bar box,marketplace,vegetarian,no
O01648,C1433,2026-04-04,bar,12-bar box,marketplace,weight_loss,no
O01649,C1763,2026-04-04,bar,12-bar box,marketplace,vegetarian,no
O01650,C2039,2026-04-04,bar,12-bar box,marketplace,vegetarian,no
O01651,C2129,2026-04-04,bar,12-bar box,marketplace,gym_regular,no
O01652,C2177,2026-04-04,bar,12-bar box,marketplace,beginner,no
O01653,C2226,2026-04-04,bar,12-bar box,marketplace,gym_regular,no
O01654,C2442,2026-04-04,bar,12-bar box,marketplace,gym_regular,no
O01655,C2449,2026-04-04,bar,12-bar box,d2c,vegetarian,no
O01656,C3880,2026-04-04,bar,12-bar box,marketplace,beginner,no
O01657,C0660,2026-04-05,bar,12-bar box,d2c,gym_regular,yes
O01658,C1217,2026-04-05,bar,12-bar box,d2c,gym_regular,no
O01659,C1317,2026-04-05,bar,12-bar box,d2c,weight_loss,no
O01660,C1650,2026-04-05,bar,12-bar box,marketplace,weight_loss,no
O01661,C1727,2026-04-05,bar,12-bar box,d2c,weight_loss,no
O01662,C2052,2026-04-05,bar,12-bar box,d2c,beginner,no
O01663,C2187,2026-04-05,bar,12-bar box,d2c,gym_regular,no
O01664,C2227,2026-04-05,bar,12-bar box,d2c,vegetarian,no
O01665,C3342,2026-04-05,bar,12-bar box,marketplace,endurance,no
O01666,C3584,2026-04-05,bar,12-bar box,marketplace,weight_loss,no
O01667,C0244,2026-04-06,bar,12-bar box,d2c,gym_regular,no
O01668,C0383,2026-04-06,bar,12-bar box,marketplace,gym_regular,no
O01669,C0432,2026-04-06,bar,12-bar box,marketplace,endurance,no
O01670,C0560,2026-04-06,bar,12-bar box,d2c,vegetarian,yes
O01671,C0674,2026-04-06,bar,12-bar box,marketplace,beginner,no
O01672,C0690,2026-04-06,bar,12-bar box,marketplace,vegetarian,no
O01673,C1019,2026-04-06,bar,12-bar box,marketplace,gym_regular,no
O01674,C1413,2026-04-06,bar,12-bar box,marketplace,gym_regular,no
O01675,C2066,2026-04-06,bar,12-bar box,d2c,beginner,no
O01676,C2119,2026-04-06,bar,12-bar box,d2c,beginner,no
O01677,C2209,2026-04-06,bar,12-bar box,marketplace,beginner,no
O01678,C2250,2026-04-06,bar,12-bar box,d2c,gym_regular,no
O01679,C2432,2026-04-06,bar,12-bar box,marketplace,beginner,no
O01680,C2695,2026-04-06,bar,12-bar box,d2c,weight_loss,yes
O01681,C2703,2026-04-06,bar,12-bar box,marketplace,gym_regular,no
O01682,C2767,2026-04-06,bar,12-bar box,marketplace,vegetarian,no
O01683,C2987,2026-04-06,bar,12-bar box,marketplace,gym_regular,no
O01684,C3151,2026-04-06,bar,12-bar box,marketplace,gym_regular,no
O01685,C3599,2026-04-06,bar,12-bar box,marketplace,weight_loss,no
O01686,C0023,2026-04-07,bar,12-bar box,d2c,gym_regular,no
O01687,C0428,2026-04-07,bar,12-bar box,marketplace,gym_regular,no
O01688,C1091,2026-04-07,bar,12-bar box,marketplace,gym_regular,no
O01689,C1322,2026-04-07,bar,12-bar box,marketplace,weight_loss,no
O01690,C1716,2026-04-07,bar,12-bar box,d2c,gym_regular,no
O01691,C1948,2026-04-07,bar,12-bar box,d2c,vegetarian,yes
O01692,C2163,2026-04-07,bar,12-bar box,marketplace,gym_regular,no
O01693,C2332,2026-04-07,bar,12-bar box,d2c,gym_regular,yes
O01694,C2365,2026-04-07,bar,12-bar box,d2c,weight_loss,no
O01695,C2472,2026-04-07,bar,12-bar box,marketplace,gym_regular,no
O01696,C2669,2026-04-07,bar,12-bar box,marketplace,endurance,no
O01697,C2733,2026-04-07,bar,12-bar box,d2c,gym_regular,yes
O01698,C3120,2026-04-07,bar,12-bar box,d2c,gym_regular,no
O01699,C3139,2026-04-07,bar,12-bar box,marketplace,weight_loss,no
O01700,C3180,2026-04-07,bar,12-bar box,marketplace,gym_regular,no
O01701,C3470,2026-04-07,bar,12-bar box,marketplace,endurance,no
O01702,C3819,2026-04-07,bar,12-bar box,d2c,weight_loss,yes
O01703,C0144,2026-04-08,bar,12-bar box,d2c,weight_loss,yes
O01704,C0204,2026-04-08,bar,12-bar box,d2c,beginner,no
O01705,C0652,2026-04-08,bar,12-bar box,marketplace,beginner,no
O01706,C0700,2026-04-08,bar,12-bar box,marketplace,gym_regular,no
O01707,C0755,2026-04-08,bar,12-bar box,marketplace,beginner,no
O01708,C0845,2026-04-08,bar,12-bar box,marketplace,endurance,no
O01709,C1051,2026-04-08,bar,12-bar box,marketplace,gym_regular,no
O01710,C1069,2026-04-08,bar,12-bar box,d2c,gym_regular,yes
O01711,C1106,2026-04-08,bar,12-bar box,d2c,weight_loss,yes
O01712,C1154,2026-04-08,bar,12-bar box,d2c,endurance,yes
O01713,C1606,2026-04-08,bar,12-bar box,marketplace,beginner,no
O01714,C2374,2026-04-08,bar,12-bar box,d2c,gym_regular,no
O01715,C2405,2026-04-08,bar,12-bar box,marketplace,vegetarian,no
O01716,C2418,2026-04-08,bar,12-bar box,d2c,vegetarian,yes
O01717,C2492,2026-04-08,bar,12-bar box,marketplace,beginner,no
O01718,C3265,2026-04-08,bar,12-bar box,marketplace,vegetarian,no
O01719,C3348,2026-04-08,bar,12-bar box,marketplace,gym_regular,no
O01720,C3407,2026-04-08,bar,12-bar box,marketplace,vegetarian,no
O01721,C3887,2026-04-08,bar,12-bar box,marketplace,vegetarian,no
O01722,C0549,2026-04-09,bar,12-bar box,marketplace,beginner,no
O01723,C0742,2026-04-09,bar,12-bar box,d2c,weight_loss,no
O01724,C0759,2026-04-09,bar,12-bar box,d2c,weight_loss,no
O01725,C0790,2026-04-09,bar,12-bar box,marketplace,weight_loss,no
O01726,C1165,2026-04-09,bar,12-bar box,marketplace,vegetarian,no
O01727,C1358,2026-04-09,bar,12-bar box,d2c,endurance,no
O01728,C1474,2026-04-09,bar,12-bar box,marketplace,gym_regular,no
O01729,C1558,2026-04-09,bar,12-bar box,d2c,beginner,no
O01730,C1630,2026-04-09,bar,12-bar box,d2c,endurance,yes
O01731,C1829,2026-04-09,bar,12-bar box,d2c,gym_regular,no
O01732,C2135,2026-04-09,bar,12-bar box,d2c,vegetarian,yes
O01733,C2182,2026-04-09,bar,12-bar box,marketplace,gym_regular,no
O01734,C2192,2026-04-09,bar,12-bar box,marketplace,gym_regular,no
O01735,C2343,2026-04-09,bar,12-bar box,d2c,beginner,no
O01736,C2379,2026-04-09,bar,12-bar box,marketplace,endurance,no
O01737,C2780,2026-04-09,bar,12-bar box,d2c,vegetarian,yes
O01738,C3063,2026-04-09,bar,12-bar box,marketplace,beginner,no
O01739,C3102,2026-04-09,bar,12-bar box,marketplace,gym_regular,no
O01740,C3467,2026-04-09,bar,12-bar box,d2c,beginner,yes
O01741,C3579,2026-04-09,bar,12-bar box,marketplace,gym_regular,no
O01742,C3705,2026-04-09,bar,12-bar box,d2c,gym_regular,yes
O01743,C3879,2026-04-09,bar,12-bar box,d2c,weight_loss,no
O01744,C0011,2026-04-10,bar,12-bar box,d2c,beginner,yes
O01745,C0181,2026-04-10,bar,12-bar box,d2c,beginner,no
O01746,C0453,2026-04-10,bar,12-bar box,marketplace,beginner,no
O01747,C0614,2026-04-10,bar,12-bar box,d2c,vegetarian,yes
O01748,C0968,2026-04-10,bar,12-bar box,marketplace,gym_regular,no
O01749,C1015,2026-04-10,bar,12-bar box,d2c,beginner,no
O01750,C1084,2026-04-10,bar,12-bar box,d2c,weight_loss,no
O01751,C1623,2026-04-10,bar,12-bar box,marketplace,endurance,no
O01752,C2008,2026-04-10,bar,12-bar box,marketplace,beginner,no
O01753,C2160,2026-04-10,bar,12-bar box,marketplace,endurance,no
O01754,C2294,2026-04-10,bar,12-bar box,marketplace,gym_regular,no
O01755,C2301,2026-04-10,bar,12-bar box,marketplace,endurance,no
O01756,C2320,2026-04-10,bar,12-bar box,d2c,weight_loss,yes
O01757,C2342,2026-04-10,bar,12-bar box,marketplace,weight_loss,no
O01758,C2491,2026-04-10,bar,12-bar box,d2c,weight_loss,no
O01759,C2527,2026-04-10,bar,12-bar box,d2c,beginner,no
O01760,C2581,2026-04-10,bar,12-bar box,marketplace,weight_loss,no
O01761,C2757,2026-04-10,bar,12-bar box,d2c,vegetarian,no
O01762,C2889,2026-04-10,bar,12-bar box,marketplace,endurance,no
O01763,C3093,2026-04-10,bar,12-bar box,d2c,beginner,no
O01764,C3484,2026-04-10,bar,12-bar box,d2c,weight_loss,no
O01765,C3648,2026-04-10,bar,12-bar box,d2c,gym_regular,no
O01766,C3975,2026-04-10,bar,12-bar box,marketplace,gym_regular,no
O01767,C0108,2026-04-11,bar,12-bar box,marketplace,beginner,no
O01768,C0193,2026-04-11,bar,12-bar box,marketplace,weight_loss,no
O01769,C0211,2026-04-11,bar,12-bar box,marketplace,gym_regular,no
O01770,C0276,2026-04-11,bar,12-bar box,d2c,gym_regular,yes
O01771,C0354,2026-04-11,bar,12-bar box,d2c,gym_regular,no
O01772,C0360,2026-04-11,bar,12-bar box,marketplace,gym_regular,no
O01773,C0389,2026-04-11,bar,12-bar box,marketplace,weight_loss,no
O01774,C1011,2026-04-11,bar,12-bar box,marketplace,beginner,no
O01775,C1461,2026-04-11,bar,12-bar box,marketplace,gym_regular,no
O01776,C1519,2026-04-11,bar,12-bar box,d2c,gym_regular,no
O01777,C1818,2026-04-11,bar,12-bar box,marketplace,weight_loss,no
O01778,C2140,2026-04-11,bar,12-bar box,d2c,weight_loss,no
O01779,C2305,2026-04-11,bar,12-bar box,d2c,vegetarian,yes
O01780,C2396,2026-04-11,bar,12-bar box,marketplace,weight_loss,no
O01781,C2540,2026-04-11,bar,12-bar box,marketplace,weight_loss,no
O01782,C3024,2026-04-11,bar,12-bar box,marketplace,vegetarian,no
O01783,C3104,2026-04-11,bar,12-bar box,d2c,vegetarian,no
O01784,C3134,2026-04-11,bar,12-bar box,d2c,gym_regular,yes
O01785,C3202,2026-04-11,bar,12-bar box,marketplace,gym_regular,no
O01786,C3904,2026-04-11,bar,12-bar box,marketplace,beginner,no
O01787,C0351,2026-04-12,bar,12-bar box,d2c,beginner,no
O01788,C0529,2026-04-12,bar,12-bar box,marketplace,weight_loss,no
O01789,C0729,2026-04-12,bar,12-bar box,d2c,weight_loss,yes
O01790,C0772,2026-04-12,bar,12-bar box,marketplace,gym_regular,no
O01791,C1038,2026-04-12,bar,12-bar box,d2c,gym_regular,no
O01792,C1294,2026-04-12,bar,12-bar box,d2c,endurance,yes
O01793,C1415,2026-04-12,bar,12-bar box,marketplace,vegetarian,no
O01794,C1463,2026-04-12,bar,12-bar box,marketplace,gym_regular,no
O01795,C1887,2026-04-12,bar,12-bar box,marketplace,vegetarian,no
O01796,C1947,2026-04-12,bar,12-bar box,marketplace,vegetarian,no
O01797,C2094,2026-04-12,bar,12-bar box,marketplace,gym_regular,no
O01798,C2095,2026-04-12,bar,12-bar box,marketplace,weight_loss,no
O01799,C2273,2026-04-12,bar,12-bar box,marketplace,beginner,no
O01800,C2335,2026-04-12,bar,12-bar box,marketplace,endurance,no
O01801,C2515,2026-04-12,bar,12-bar box,d2c,weight_loss,no
O01802,C2664,2026-04-12,bar,12-bar box,marketplace,gym_regular,no
O01803,C2855,2026-04-12,bar,12-bar box,d2c,gym_regular,no
O01804,C2958,2026-04-12,bar,12-bar box,marketplace,vegetarian,no
O01805,C3209,2026-04-12,bar,12-bar box,d2c,gym_regular,yes
O01806,C3221,2026-04-12,bar,12-bar box,d2c,weight_loss,no
O01807,C3457,2026-04-12,bar,12-bar box,marketplace,gym_regular,no
O01808,C3472,2026-04-12,bar,12-bar box,marketplace,endurance,no
O01809,C3754,2026-04-12,bar,12-bar box,d2c,gym_regular,no
O01810,C0038,2026-04-13,bar,12-bar box,d2c,gym_regular,yes
O01811,C0237,2026-04-13,bar,12-bar box,marketplace,gym_regular,no
O01812,C0291,2026-04-13,bar,12-bar box,d2c,endurance,no
O01813,C0301,2026-04-13,bar,12-bar box,d2c,gym_regular,no
O01814,C0316,2026-04-13,bar,12-bar box,marketplace,weight_loss,no
O01815,C0328,2026-04-13,bar,12-bar box,d2c,endurance,no
O01816,C0370,2026-04-13,bar,12-bar box,d2c,gym_regular,yes
O01817,C0575,2026-04-13,bar,12-bar box,d2c,weight_loss,no
O01818,C0713,2026-04-13,bar,12-bar box,marketplace,endurance,no
O01819,C0806,2026-04-13,bar,12-bar box,d2c,weight_loss,no
O01820,C1105,2026-04-13,bar,12-bar box,d2c,weight_loss,no
O01821,C1302,2026-04-13,bar,12-bar box,marketplace,vegetarian,no
O01822,C1370,2026-04-13,bar,12-bar box,d2c,weight_loss,no
O01823,C1655,2026-04-13,bar,12-bar box,d2c,beginner,yes
O01824,C1671,2026-04-13,bar,12-bar box,marketplace,weight_loss,no
O01825,C1720,2026-04-13,bar,12-bar box,marketplace,vegetarian,no
O01826,C2355,2026-04-13,bar,12-bar box,marketplace,beginner,no
O01827,C2666,2026-04-13,bar,12-bar box,marketplace,vegetarian,no
O01828,C3336,2026-04-13,bar,12-bar box,d2c,gym_regular,yes
O01829,C3608,2026-04-13,bar,12-bar box,marketplace,weight_loss,no
O01830,C3855,2026-04-13,bar,12-bar box,d2c,gym_regular,no
O01831,C3935,2026-04-13,bar,12-bar box,marketplace,gym_regular,no
O01832,C3938,2026-04-13,bar,12-bar box,marketplace,gym_regular,no
O01833,C0167,2026-04-14,bar,12-bar box,d2c,endurance,yes
O01834,C0460,2026-04-14,bar,12-bar box,d2c,endurance,no
O01835,C0615,2026-04-14,bar,12-bar box,d2c,gym_regular,no
O01836,C0820,2026-04-14,bar,12-bar box,marketplace,weight_loss,no
O01837,C0948,2026-04-14,bar,12-bar box,marketplace,weight_loss,no
O01838,C1271,2026-04-14,bar,12-bar box,d2c,gym_regular,yes
O01839,C1417,2026-04-14,bar,12-bar box,d2c,beginner,yes
O01840,C1573,2026-04-14,bar,12-bar box,d2c,beginner,no
O01841,C1800,2026-04-14,bar,12-bar box,d2c,gym_regular,no
O01842,C2026,2026-04-14,bar,12-bar box,d2c,vegetarian,no
O01843,C2211,2026-04-14,bar,12-bar box,marketplace,gym_regular,no
O01844,C2231,2026-04-14,bar,12-bar box,marketplace,gym_regular,no
O01845,C2348,2026-04-14,bar,12-bar box,d2c,vegetarian,yes
O01846,C2878,2026-04-14,bar,12-bar box,d2c,weight_loss,yes
O01847,C2916,2026-04-14,bar,12-bar box,d2c,endurance,no
O01848,C3199,2026-04-14,bar,12-bar box,marketplace,gym_regular,no
O01849,C3426,2026-04-14,bar,12-bar box,d2c,gym_regular,yes
O01850,C3432,2026-04-14,bar,12-bar box,d2c,gym_regular,yes
O01851,C3555,2026-04-14,bar,12-bar box,marketplace,weight_loss,no
O01852,C3598,2026-04-14,bar,12-bar box,marketplace,gym_regular,no
O01853,C3969,2026-04-14,bar,12-bar box,marketplace,weight_loss,no
O01854,C3973,2026-04-14,bar,12-bar box,marketplace,weight_loss,no
O01855,C3980,2026-04-14,bar,12-bar box,d2c,gym_regular,no
O01856,C0314,2026-04-15,bar,12-bar box,marketplace,gym_regular,no
O01857,C0584,2026-04-15,bar,12-bar box,d2c,gym_regular,no
O01858,C0602,2026-04-15,bar,12-bar box,marketplace,beginner,no
O01859,C0726,2026-04-15,bar,12-bar box,d2c,vegetarian,yes
O01860,C0869,2026-04-15,bar,12-bar box,marketplace,beginner,no
O01861,C1016,2026-04-15,bar,12-bar box,d2c,vegetarian,no
O01862,C1140,2026-04-15,bar,12-bar box,d2c,gym_regular,yes
O01863,C1219,2026-04-15,bar,12-bar box,marketplace,vegetarian,no
O01864,C1309,2026-04-15,bar,12-bar box,marketplace,gym_regular,no
O01865,C1374,2026-04-15,bar,12-bar box,marketplace,weight_loss,no
O01866,C2022,2026-04-15,bar,12-bar box,marketplace,endurance,no
O01867,C2216,2026-04-15,bar,12-bar box,marketplace,weight_loss,no
O01868,C2323,2026-04-15,bar,12-bar box,marketplace,gym_regular,no
O01869,C2441,2026-04-15,bar,12-bar box,marketplace,beginner,no
O01870,C2670,2026-04-15,bar,12-bar box,marketplace,endurance,no
O01871,C2694,2026-04-15,bar,12-bar box,marketplace,beginner,no
O01872,C2796,2026-04-15,bar,12-bar box,d2c,vegetarian,no
O01873,C2836,2026-04-15,bar,12-bar box,d2c,vegetarian,no
O01874,C3229,2026-04-15,bar,12-bar box,marketplace,beginner,no
O01875,C3327,2026-04-15,bar,12-bar box,marketplace,gym_regular,no
O01876,C3763,2026-04-15,bar,12-bar box,marketplace,gym_regular,no
O01877,C0071,2026-04-16,bar,12-bar box,marketplace,beginner,no
O01878,C0399,2026-04-16,bar,12-bar box,d2c,beginner,no
O01879,C0585,2026-04-16,bar,12-bar box,d2c,beginner,yes
O01880,C0649,2026-04-16,bar,12-bar box,marketplace,vegetarian,no
O01881,C0971,2026-04-16,bar,12-bar box,marketplace,weight_loss,no
O01882,C1319,2026-04-16,bar,12-bar box,d2c,vegetarian,yes
O01883,C1388,2026-04-16,bar,12-bar box,d2c,weight_loss,yes
O01884,C1971,2026-04-16,bar,12-bar box,marketplace,beginner,no
O01885,C1975,2026-04-16,bar,12-bar box,d2c,beginner,no
O01886,C2061,2026-04-16,bar,12-bar box,d2c,gym_regular,yes
O01887,C2171,2026-04-16,bar,12-bar box,d2c,endurance,no
O01888,C2401,2026-04-16,bar,12-bar box,marketplace,weight_loss,no
O01889,C2589,2026-04-16,bar,12-bar box,d2c,endurance,no
O01890,C2642,2026-04-16,bar,12-bar box,d2c,gym_regular,yes
O01891,C3405,2026-04-16,bar,12-bar box,d2c,vegetarian,no
O01892,C3423,2026-04-16,bar,12-bar box,d2c,beginner,no
O01893,C3586,2026-04-16,bar,12-bar box,d2c,gym_regular,yes
O01894,C3796,2026-04-16,bar,12-bar box,d2c,gym_regular,yes
O01895,C3834,2026-04-16,bar,12-bar box,d2c,beginner,no
O01896,C0540,2026-04-17,bar,12-bar box,d2c,gym_regular,no
O01897,C0813,2026-04-17,bar,12-bar box,marketplace,beginner,no
O01898,C0949,2026-04-17,bar,12-bar box,d2c,gym_regular,no
O01899,C1087,2026-04-17,bar,12-bar box,d2c,weight_loss,yes
O01900,C1894,2026-04-17,bar,12-bar box,marketplace,gym_regular,no
O01901,C1903,2026-04-17,bar,12-bar box,d2c,gym_regular,yes
O01902,C1968,2026-04-17,bar,12-bar box,d2c,weight_loss,yes
O01903,C2114,2026-04-17,bar,12-bar box,d2c,vegetarian,no
O01904,C2656,2026-04-17,bar,12-bar box,marketplace,weight_loss,no
O01905,C2716,2026-04-17,bar,12-bar box,d2c,beginner,yes
O01906,C2806,2026-04-17,bar,12-bar box,marketplace,gym_regular,no
O01907,C2932,2026-04-17,bar,12-bar box,d2c,vegetarian,yes
O01908,C2938,2026-04-17,bar,12-bar box,d2c,beginner,no
O01909,C3286,2026-04-17,bar,12-bar box,marketplace,gym_regular,no
O01910,C3950,2026-04-17,bar,12-bar box,marketplace,weight_loss,no
O01911,C0061,2026-04-18,bar,12-bar box,d2c,vegetarian,no
O01912,C0083,2026-04-18,bar,12-bar box,d2c,beginner,no
O01913,C0253,2026-04-18,bar,12-bar box,d2c,endurance,no
O01914,C0468,2026-04-18,bar,12-bar box,d2c,weight_loss,yes
O01915,C0475,2026-04-18,bar,12-bar box,d2c,weight_loss,no
O01916,C0541,2026-04-18,bar,12-bar box,marketplace,beginner,no
O01917,C0692,2026-04-18,bar,12-bar box,d2c,gym_regular,no
O01918,C0773,2026-04-18,bar,12-bar box,marketplace,endurance,no
O01919,C0898,2026-04-18,bar,12-bar box,marketplace,beginner,no
O01920,C1173,2026-04-18,bar,12-bar box,marketplace,gym_regular,no
O01921,C1184,2026-04-18,bar,12-bar box,d2c,weight_loss,no
O01922,C1334,2026-04-18,bar,12-bar box,marketplace,gym_regular,no
O01923,C1467,2026-04-18,bar,12-bar box,d2c,vegetarian,no
O01924,C1529,2026-04-18,bar,12-bar box,marketplace,beginner,no
O01925,C1596,2026-04-18,bar,12-bar box,d2c,beginner,no
O01926,C2068,2026-04-18,bar,12-bar box,d2c,beginner,no
O01927,C3068,2026-04-18,bar,12-bar box,d2c,beginner,no
O01928,C3168,2026-04-18,bar,12-bar box,marketplace,gym_regular,no
O01929,C3373,2026-04-18,bar,12-bar box,marketplace,endurance,no
O01930,C3592,2026-04-18,bar,12-bar box,d2c,beginner,no
O01931,C3921,2026-04-18,bar,12-bar box,marketplace,beginner,no
O01932,C0411,2026-04-19,bar,12-bar box,marketplace,gym_regular,no
O01933,C0479,2026-04-19,bar,12-bar box,marketplace,gym_regular,no
O01934,C0817,2026-04-19,bar,12-bar box,marketplace,beginner,no
O01935,C0900,2026-04-19,bar,12-bar box,marketplace,endurance,no
O01936,C1361,2026-04-19,bar,12-bar box,d2c,gym_regular,no
O01937,C1748,2026-04-19,bar,12-bar box,d2c,vegetarian,no
O01938,C1882,2026-04-19,bar,12-bar box,d2c,endurance,yes
O01939,C2046,2026-04-19,bar,12-bar box,d2c,gym_regular,yes
O01940,C2234,2026-04-19,bar,12-bar box,d2c,beginner,no
O01941,C2264,2026-04-19,bar,12-bar box,d2c,weight_loss,no
O01942,C2298,2026-04-19,bar,12-bar box,d2c,gym_regular,no
O01943,C2368,2026-04-19,bar,12-bar box,d2c,gym_regular,yes
O01944,C2479,2026-04-19,bar,12-bar box,marketplace,weight_loss,no
O01945,C3171,2026-04-19,bar,12-bar box,d2c,vegetarian,yes
O01946,C3217,2026-04-19,bar,12-bar box,d2c,vegetarian,yes
O01947,C3222,2026-04-19,bar,12-bar box,marketplace,gym_regular,no
O01948,C3324,2026-04-19,bar,12-bar box,d2c,beginner,no
O01949,C3445,2026-04-19,bar,12-bar box,marketplace,endurance,no
O01950,C3615,2026-04-19,bar,12-bar box,d2c,vegetarian,no
O01951,C3617,2026-04-19,bar,12-bar box,d2c,beginner,no
O01952,C3900,2026-04-19,bar,12-bar box,d2c,gym_regular,no
O01953,C3947,2026-04-19,bar,12-bar box,d2c,vegetarian,no
O01954,C0463,2026-04-20,bar,12-bar box,marketplace,gym_regular,no
O01955,C0550,2026-04-20,bar,12-bar box,d2c,endurance,no
O01956,C0598,2026-04-20,bar,12-bar box,d2c,weight_loss,yes
O01957,C0682,2026-04-20,bar,12-bar box,marketplace,endurance,no
O01958,C0881,2026-04-20,bar,12-bar box,marketplace,endurance,no
O01959,C1404,2026-04-20,bar,12-bar box,marketplace,endurance,no
O01960,C1550,2026-04-20,bar,12-bar box,marketplace,gym_regular,no
O01961,C1595,2026-04-20,bar,12-bar box,marketplace,endurance,no
O01962,C1613,2026-04-20,bar,12-bar box,marketplace,beginner,no
O01963,C1713,2026-04-20,bar,12-bar box,d2c,beginner,no
O01964,C2116,2026-04-20,bar,12-bar box,d2c,vegetarian,yes
O01965,C2127,2026-04-20,bar,12-bar box,d2c,beginner,yes
O01966,C2215,2026-04-20,bar,12-bar box,d2c,endurance,no
O01967,C2994,2026-04-20,bar,12-bar box,marketplace,weight_loss,no
O01968,C3415,2026-04-20,bar,12-bar box,marketplace,gym_regular,no
O01969,C3512,2026-04-20,bar,12-bar box,d2c,gym_regular,no
O01970,C3752,2026-04-20,bar,12-bar box,d2c,gym_regular,yes
O01971,C0143,2026-04-21,bar,12-bar box,marketplace,weight_loss,no
O01972,C0662,2026-04-21,bar,12-bar box,d2c,endurance,yes
O01973,C0738,2026-04-21,bar,12-bar box,marketplace,gym_regular,no
O01974,C0745,2026-04-21,bar,12-bar box,d2c,weight_loss,no
O01975,C0917,2026-04-21,bar,12-bar box,d2c,beginner,no
O01976,C0924,2026-04-21,bar,12-bar box,marketplace,gym_regular,no
O01977,C1304,2026-04-21,bar,12-bar box,d2c,gym_regular,no
O01978,C1329,2026-04-21,bar,12-bar box,marketplace,beginner,no
O01979,C1357,2026-04-21,bar,12-bar box,d2c,gym_regular,yes
O01980,C1499,2026-04-21,bar,12-bar box,marketplace,endurance,no
O01981,C1709,2026-04-21,bar,12-bar box,d2c,gym_regular,no
O01982,C1746,2026-04-21,bar,12-bar box,d2c,beginner,yes
O01983,C1780,2026-04-21,bar,12-bar box,d2c,weight_loss,no
O01984,C1888,2026-04-21,bar,12-bar box,marketplace,weight_loss,no
O01985,C2088,2026-04-21,bar,12-bar box,marketplace,weight_loss,no
O01986,C2620,2026-04-21,bar,12-bar box,marketplace,gym_regular,no
O01987,C2770,2026-04-21,bar,12-bar box,d2c,gym_regular,no
O01988,C3173,2026-04-21,bar,12-bar box,marketplace,gym_regular,no
O01989,C3176,2026-04-21,bar,12-bar box,marketplace,gym_regular,no
O01990,C3323,2026-04-21,bar,12-bar box,marketplace,weight_loss,no
O01991,C3518,2026-04-21,bar,12-bar box,d2c,gym_regular,no
O01992,C3693,2026-04-21,bar,12-bar box,marketplace,gym_regular,no
O01993,C0004,2026-04-22,bar,12-bar box,d2c,gym_regular,yes
O01994,C0339,2026-04-22,bar,12-bar box,marketplace,endurance,no
O01995,C0753,2026-04-22,bar,12-bar box,marketplace,gym_regular,no
O01996,C0938,2026-04-22,bar,12-bar box,d2c,gym_regular,no
O01997,C1028,2026-04-22,bar,12-bar box,d2c,weight_loss,no
O01998,C1149,2026-04-22,bar,12-bar box,d2c,gym_regular,yes
O01999,C1524,2026-04-22,bar,12-bar box,marketplace,beginner,no
O02000,C1943,2026-04-22,bar,12-bar box,marketplace,gym_regular,no
O02001,C2082,2026-04-22,bar,12-bar box,d2c,vegetarian,no
O02002,C2317,2026-04-22,bar,12-bar box,marketplace,weight_loss,no
O02003,C2507,2026-04-22,bar,12-bar box,marketplace,gym_regular,no
O02004,C2935,2026-04-22,bar,12-bar box,marketplace,beginner,no
O02005,C2941,2026-04-22,bar,12-bar box,d2c,gym_regular,no
O02006,C3298,2026-04-22,bar,12-bar box,marketplace,gym_regular,no
O02007,C3563,2026-04-22,bar,12-bar box,d2c,weight_loss,yes
O02008,C3624,2026-04-22,bar,12-bar box,marketplace,vegetarian,no
O02009,C0565,2026-04-23,bar,12-bar box,marketplace,weight_loss,no
O02010,C0941,2026-04-23,bar,12-bar box,marketplace,gym_regular,no
O02011,C0962,2026-04-23,bar,12-bar box,marketplace,weight_loss,no
O02012,C1157,2026-04-23,bar,12-bar box,marketplace,endurance,no
O02013,C1259,2026-04-23,bar,12-bar box,d2c,weight_loss,no
O02014,C1559,2026-04-23,bar,12-bar box,marketplace,weight_loss,no
O02015,C1772,2026-04-23,bar,12-bar box,d2c,vegetarian,yes
O02016,C1876,2026-04-23,bar,12-bar box,d2c,beginner,no
O02017,C2051,2026-04-23,bar,12-bar box,d2c,gym_regular,no
O02018,C2090,2026-04-23,bar,12-bar box,d2c,gym_regular,yes
O02019,C2241,2026-04-23,bar,12-bar box,marketplace,gym_regular,no
O02020,C2483,2026-04-23,bar,12-bar box,marketplace,gym_regular,no
O02021,C2587,2026-04-23,bar,12-bar box,d2c,vegetarian,yes
O02022,C2615,2026-04-23,bar,12-bar box,marketplace,vegetarian,no
O02023,C2715,2026-04-23,bar,12-bar box,d2c,endurance,yes
O02024,C2732,2026-04-23,bar,12-bar box,d2c,weight_loss,no
O02025,C2746,2026-04-23,bar,12-bar box,marketplace,gym_regular,no
O02026,C2753,2026-04-23,bar,12-bar box,marketplace,gym_regular,no
O02027,C3492,2026-04-23,bar,12-bar box,marketplace,beginner,no
O02028,C3815,2026-04-23,bar,12-bar box,d2c,beginner,no
O02029,C3890,2026-04-23,bar,12-bar box,marketplace,gym_regular,no
O02030,C0005,2026-04-24,bar,12-bar box,d2c,vegetarian,no
O02031,C0597,2026-04-24,bar,12-bar box,marketplace,weight_loss,no
O02032,C0836,2026-04-24,bar,12-bar box,d2c,weight_loss,yes
O02033,C0908,2026-04-24,bar,12-bar box,marketplace,weight_loss,no
O02034,C0921,2026-04-24,bar,12-bar box,marketplace,weight_loss,no
O02035,C1155,2026-04-24,bar,12-bar box,d2c,gym_regular,yes
O02036,C1412,2026-04-24,bar,12-bar box,d2c,weight_loss,no
O02037,C1756,2026-04-24,bar,12-bar box,d2c,vegetarian,yes
O02038,C1784,2026-04-24,bar,12-bar box,d2c,weight_loss,no
O02039,C2093,2026-04-24,bar,12-bar box,marketplace,beginner,no
O02040,C2178,2026-04-24,bar,12-bar box,d2c,endurance,no
O02041,C2336,2026-04-24,bar,12-bar box,marketplace,endurance,no
O02042,C3073,2026-04-24,bar,12-bar box,d2c,beginner,yes
O02043,C3179,2026-04-24,bar,12-bar box,d2c,vegetarian,no
O02044,C3800,2026-04-24,bar,12-bar box,d2c,weight_loss,no
O02045,C3801,2026-04-24,bar,12-bar box,d2c,vegetarian,no
O02046,C3919,2026-04-24,bar,12-bar box,d2c,beginner,yes
O02047,C0042,2026-04-25,bar,12-bar box,marketplace,vegetarian,no
O02048,C0199,2026-04-25,bar,12-bar box,d2c,vegetarian,no
O02049,C0735,2026-04-25,bar,12-bar box,d2c,vegetarian,no
O02050,C0737,2026-04-25,bar,12-bar box,d2c,weight_loss,no
O02051,C1008,2026-04-25,bar,12-bar box,marketplace,vegetarian,no
O02052,C1159,2026-04-25,bar,12-bar box,marketplace,vegetarian,no
O02053,C1367,2026-04-25,bar,12-bar box,d2c,weight_loss,no
O02054,C1423,2026-04-25,bar,12-bar box,marketplace,vegetarian,no
O02055,C1708,2026-04-25,bar,12-bar box,d2c,weight_loss,no
O02056,C2513,2026-04-25,bar,12-bar box,marketplace,vegetarian,no
O02057,C2552,2026-04-25,bar,12-bar box,d2c,gym_regular,yes
O02058,C2560,2026-04-25,bar,12-bar box,marketplace,gym_regular,no
O02059,C2772,2026-04-25,bar,12-bar box,marketplace,beginner,no
O02060,C3096,2026-04-25,bar,12-bar box,d2c,vegetarian,no
O02061,C3220,2026-04-25,bar,12-bar box,marketplace,beginner,no
O02062,C3278,2026-04-25,bar,12-bar box,marketplace,endurance,no
O02063,C3880,2026-04-25,bar,12-bar box,marketplace,beginner,no
O02064,C3942,2026-04-25,bar,12-bar box,d2c,weight_loss,no
O02065,C0113,2026-04-26,bar,12-bar box,marketplace,beginner,no
O02066,C0136,2026-04-26,bar,12-bar box,d2c,endurance,no
O02067,C0378,2026-04-26,bar,12-bar box,d2c,gym_regular,no
O02068,C0424,2026-04-26,bar,12-bar box,d2c,gym_regular,yes
O02069,C0605,2026-04-26,bar,12-bar box,marketplace,beginner,no
O02070,C0707,2026-04-26,bar,12-bar box,d2c,endurance,no
O02071,C1049,2026-04-26,bar,12-bar box,d2c,weight_loss,no
O02072,C1320,2026-04-26,bar,12-bar box,marketplace,gym_regular,no
O02073,C1341,2026-04-26,bar,12-bar box,marketplace,endurance,no
O02074,C1429,2026-04-26,bar,12-bar box,marketplace,weight_loss,no
O02075,C1783,2026-04-26,bar,12-bar box,d2c,vegetarian,yes
O02076,C2307,2026-04-26,bar,12-bar box,d2c,weight_loss,no
O02077,C2603,2026-04-26,bar,12-bar box,d2c,beginner,no
O02078,C2705,2026-04-26,bar,12-bar box,d2c,gym_regular,no
O02079,C3042,2026-04-26,bar,12-bar box,d2c,gym_regular,no
O02080,C3344,2026-04-26,bar,12-bar box,d2c,gym_regular,no
O02081,C3521,2026-04-26,bar,12-bar box,d2c,endurance,no
O02082,C3565,2026-04-26,bar,12-bar box,marketplace,beginner,no
O02083,C3849,2026-04-26,bar,12-bar box,d2c,gym_regular,yes
O02084,C0432,2026-04-27,bar,12-bar box,marketplace,endurance,no
O02085,C0528,2026-04-27,bar,12-bar box,marketplace,endurance,no
O02086,C0660,2026-04-27,bar,12-bar box,d2c,gym_regular,yes
O02087,C0731,2026-04-27,bar,12-bar box,marketplace,gym_regular,no
O02088,C1113,2026-04-27,bar,12-bar box,d2c,vegetarian,yes
O02089,C1180,2026-04-27,bar,12-bar box,d2c,beginner,no
O02090,C1183,2026-04-27,bar,12-bar box,d2c,beginner,yes
O02091,C1322,2026-04-27,bar,12-bar box,marketplace,weight_loss,no
O02092,C1419,2026-04-27,bar,12-bar box,d2c,weight_loss,no
O02093,C1787,2026-04-27,bar,12-bar box,marketplace,gym_regular,no
O02094,C1816,2026-04-27,bar,12-bar box,d2c,beginner,no
O02095,C1847,2026-04-27,bar,12-bar box,marketplace,gym_regular,no
O02096,C2018,2026-04-27,bar,12-bar box,marketplace,gym_regular,no
O02097,C2036,2026-04-27,bar,12-bar box,d2c,gym_regular,no
O02098,C2154,2026-04-27,bar,12-bar box,marketplace,weight_loss,no
O02099,C2155,2026-04-27,bar,12-bar box,d2c,beginner,yes
O02100,C2309,2026-04-27,bar,12-bar box,marketplace,gym_regular,no
O02101,C2637,2026-04-27,bar,12-bar box,d2c,gym_regular,no
O02102,C2765,2026-04-27,bar,12-bar box,d2c,endurance,no
O02103,C2921,2026-04-27,bar,12-bar box,marketplace,beginner,no
O02104,C2960,2026-04-27,bar,12-bar box,marketplace,beginner,no
O02105,C3032,2026-04-27,bar,12-bar box,marketplace,beginner,no
O02106,C3374,2026-04-27,bar,12-bar box,d2c,gym_regular,no
O02107,C3429,2026-04-27,bar,12-bar box,d2c,beginner,no
O02108,C3780,2026-04-27,bar,12-bar box,marketplace,gym_regular,no
O02109,C0217,2026-04-28,bar,12-bar box,d2c,weight_loss,no
O02110,C0244,2026-04-28,bar,12-bar box,d2c,gym_regular,no
O02111,C0416,2026-04-28,bar,12-bar box,d2c,weight_loss,yes
O02112,C0577,2026-04-28,bar,12-bar box,d2c,vegetarian,no
O02113,C0652,2026-04-28,bar,12-bar box,marketplace,beginner,no
O02114,C0792,2026-04-28,bar,12-bar box,marketplace,gym_regular,no
O02115,C1413,2026-04-28,bar,12-bar box,marketplace,gym_regular,no
O02116,C1428,2026-04-28,bar,12-bar box,marketplace,weight_loss,no
O02117,C1652,2026-04-28,bar,12-bar box,marketplace,weight_loss,no
O02118,C1860,2026-04-28,bar,12-bar box,d2c,weight_loss,no
O02119,C1951,2026-04-28,bar,12-bar box,d2c,weight_loss,no
O02120,C2063,2026-04-28,bar,12-bar box,d2c,endurance,no
O02121,C2158,2026-04-28,bar,12-bar box,d2c,weight_loss,no
O02122,C2225,2026-04-28,bar,12-bar box,d2c,endurance,no
O02123,C2239,2026-04-28,bar,12-bar box,marketplace,gym_regular,no
O02124,C2403,2026-04-28,bar,12-bar box,marketplace,vegetarian,no
O02125,C2559,2026-04-28,bar,12-bar box,d2c,gym_regular,no
O02126,C2752,2026-04-28,bar,12-bar box,d2c,beginner,no
O02127,C2869,2026-04-28,bar,12-bar box,marketplace,vegetarian,no
O02128,C2918,2026-04-28,bar,12-bar box,marketplace,gym_regular,no
O02129,C3020,2026-04-28,bar,12-bar box,marketplace,gym_regular,no
O02130,C3147,2026-04-28,bar,12-bar box,d2c,gym_regular,no
O02131,C3253,2026-04-28,bar,12-bar box,marketplace,gym_regular,no
O02132,C3417,2026-04-28,bar,12-bar box,marketplace,endurance,no
O02133,C3680,2026-04-28,bar,12-bar box,marketplace,vegetarian,no
O02134,C3868,2026-04-28,bar,12-bar box,marketplace,beginner,no
O02135,C3911,2026-04-28,bar,12-bar box,marketplace,weight_loss,no
O02136,C0488,2026-04-29,bar,12-bar box,d2c,vegetarian,no
O02137,C0560,2026-04-29,bar,12-bar box,d2c,vegetarian,yes
O02138,C0855,2026-04-29,bar,12-bar box,d2c,weight_loss,yes
O02139,C1086,2026-04-29,bar,12-bar box,d2c,weight_loss,no
O02140,C1088,2026-04-29,bar,12-bar box,d2c,vegetarian,yes
O02141,C1141,2026-04-29,bar,12-bar box,marketplace,vegetarian,no
O02142,C1166,2026-04-29,bar,12-bar box,marketplace,vegetarian,no
O02143,C1620,2026-04-29,bar,12-bar box,d2c,gym_regular,yes
O02144,C1939,2026-04-29,bar,12-bar box,marketplace,vegetarian,no
O02145,C2269,2026-04-29,bar,12-bar box,marketplace,vegetarian,no
O02146,C2412,2026-04-29,bar,12-bar box,d2c,gym_regular,no
O02147,C2442,2026-04-29,bar,12-bar box,marketplace,gym_regular,no
O02148,C2894,2026-04-29,bar,12-bar box,d2c,endurance,no
O02149,C3271,2026-04-29,bar,12-bar box,marketplace,gym_regular,no
O02150,C0076,2026-04-30,bar,12-bar box,d2c,vegetarian,no
O02151,C0144,2026-04-30,bar,12-bar box,d2c,weight_loss,yes
O02152,C0181,2026-04-30,bar,12-bar box,d2c,beginner,no
O02153,C0335,2026-04-30,bar,12-bar box,d2c,beginner,no
O02154,C0517,2026-04-30,bar,12-bar box,marketplace,weight_loss,no
O02155,C0730,2026-04-30,bar,12-bar box,d2c,gym_regular,yes
O02156,C0759,2026-04-30,bar,12-bar box,d2c,weight_loss,no
O02157,C1106,2026-04-30,bar,12-bar box,d2c,weight_loss,yes
O02158,C1634,2026-04-30,bar,12-bar box,marketplace,weight_loss,no
O02159,C1693,2026-04-30,bar,12-bar box,d2c,weight_loss,no
O02160,C1726,2026-04-30,bar,12-bar box,d2c,vegetarian,no
O02161,C1805,2026-04-30,bar,12-bar box,d2c,gym_regular,yes
O02162,C1988,2026-04-30,bar,12-bar box,d2c,gym_regular,no
O02163,C2010,2026-04-30,bar,12-bar box,d2c,beginner,no
O02164,C2071,2026-04-30,bar,12-bar box,d2c,vegetarian,yes
O02165,C2274,2026-04-30,bar,12-bar box,marketplace,weight_loss,no
O02166,C2281,2026-04-30,bar,12-bar box,d2c,gym_regular,no
O02167,C2489,2026-04-30,bar,12-bar box,marketplace,beginner,no
O02168,C2668,2026-04-30,bar,12-bar box,marketplace,gym_regular,no
O02169,C2695,2026-04-30,bar,12-bar box,d2c,weight_loss,yes
O02170,C2805,2026-04-30,bar,12-bar box,marketplace,gym_regular,no
O02171,C2976,2026-04-30,bar,12-bar box,d2c,endurance,no
O02172,C3296,2026-04-30,bar,12-bar box,marketplace,gym_regular,no
O02173,C3604,2026-04-30,bar,12-bar box,d2c,gym_regular,yes
O02174,C3819,2026-04-30,bar,12-bar box,d2c,weight_loss,yes
O02175,C3888,2026-04-30,bar,12-bar box,marketplace,gym_regular,no
O02176,C3975,2026-04-30,bar,12-bar box,marketplace,gym_regular,no
O02177,C0305,2026-05-01,bar,12-bar box,d2c,gym_regular,no
O02178,C0462,2026-05-01,bar,12-bar box,marketplace,weight_loss,no
O02179,C0845,2026-05-01,bar,12-bar box,marketplace,endurance,no
O02180,C1001,2026-05-01,bar,12-bar box,marketplace,gym_regular,no
O02181,C1122,2026-05-01,bar,12-bar box,d2c,vegetarian,no
O02182,C1280,2026-05-01,bar,12-bar box,d2c,vegetarian,no
O02183,C1727,2026-05-01,bar,12-bar box,d2c,weight_loss,no
O02184,C1917,2026-05-01,bar,12-bar box,marketplace,beginner,no
O02185,C1957,2026-05-01,bar,12-bar box,marketplace,weight_loss,no
O02186,C1982,2026-05-01,bar,12-bar box,d2c,beginner,no
O02187,C2001,2026-05-01,bar,12-bar box,d2c,vegetarian,no
O02188,C2005,2026-05-01,bar,12-bar box,d2c,weight_loss,yes
O02189,C2047,2026-05-01,bar,12-bar box,marketplace,gym_regular,no
O02190,C2133,2026-05-01,bar,12-bar box,marketplace,beginner,no
O02191,C2135,2026-05-01,bar,12-bar box,d2c,vegetarian,yes
O02192,C2405,2026-05-01,bar,12-bar box,marketplace,vegetarian,no
O02193,C2450,2026-05-01,bar,12-bar box,marketplace,gym_regular,no
O02194,C2527,2026-05-01,bar,12-bar box,d2c,beginner,no
O02195,C2810,2026-05-01,bar,12-bar box,marketplace,weight_loss,no
O02196,C2883,2026-05-01,bar,12-bar box,marketplace,gym_regular,no
O02197,C2885,2026-05-01,bar,12-bar box,d2c,gym_regular,no
O02198,C2965,2026-05-01,bar,12-bar box,marketplace,gym_regular,no
O02199,C2967,2026-05-01,bar,12-bar box,d2c,gym_regular,no
O02200,C3039,2026-05-01,bar,12-bar box,d2c,vegetarian,no
O02201,C3290,2026-05-01,bar,12-bar box,d2c,weight_loss,no
O02202,C3330,2026-05-01,bar,12-bar box,marketplace,beginner,no
O02203,C3475,2026-05-01,bar,12-bar box,marketplace,beginner,no
O02204,C3578,2026-05-01,bar,12-bar box,d2c,endurance,no
O02205,C3839,2026-05-01,bar,12-bar box,marketplace,gym_regular,no
O02206,C3965,2026-05-01,bar,12-bar box,d2c,gym_regular,no
O02207,C0073,2026-05-02,bar,12-bar box,d2c,beginner,no
O02208,C0409,2026-05-02,bar,12-bar box,d2c,gym_regular,no
O02209,C0428,2026-05-02,bar,12-bar box,marketplace,gym_regular,no
O02210,C0689,2026-05-02,bar,12-bar box,marketplace,beginner,no
O02211,C1154,2026-05-02,bar,12-bar box,d2c,endurance,yes
O02212,C1181,2026-05-02,bar,12-bar box,d2c,endurance,no
O02213,C1715,2026-05-02,bar,12-bar box,d2c,beginner,no
O02214,C1865,2026-05-02,bar,12-bar box,marketplace,gym_regular,no
O02215,C1989,2026-05-02,bar,12-bar box,d2c,weight_loss,no
O02216,C2008,2026-05-02,bar,12-bar box,marketplace,beginner,no
O02217,C2040,2026-05-02,bar,12-bar box,d2c,weight_loss,no
O02218,C2076,2026-05-02,bar,12-bar box,marketplace,beginner,no
O02219,C2237,2026-05-02,bar,12-bar box,d2c,vegetarian,no
O02220,C2379,2026-05-02,bar,12-bar box,marketplace,endurance,no
O02221,C2707,2026-05-02,bar,12-bar box,d2c,gym_regular,no
O02222,C2850,2026-05-02,bar,12-bar box,marketplace,beginner,no
O02223,C2987,2026-05-02,bar,12-bar box,marketplace,gym_regular,no
O02224,C3080,2026-05-02,bar,12-bar box,d2c,gym_regular,yes
O02225,C3133,2026-05-02,bar,12-bar box,d2c,beginner,no
O02226,C3350,2026-05-02,bar,12-bar box,marketplace,vegetarian,no
O02227,C3407,2026-05-02,bar,12-bar box,marketplace,vegetarian,no
O02228,C3549,2026-05-02,bar,12-bar box,marketplace,beginner,no
O02229,C3567,2026-05-02,bar,12-bar box,d2c,vegetarian,no
O02230,C3643,2026-05-02,bar,12-bar box,marketplace,beginner,no
O02231,C3824,2026-05-02,bar,12-bar box,d2c,endurance,yes
O02232,C0050,2026-05-03,bar,12-bar box,d2c,gym_regular,no
O02233,C0098,2026-05-03,bar,12-bar box,d2c,weight_loss,no
O02234,C0133,2026-05-03,bar,12-bar box,d2c,endurance,no
O02235,C0234,2026-05-03,bar,12-bar box,marketplace,vegetarian,no
O02236,C0350,2026-05-03,bar,12-bar box,marketplace,gym_regular,no
O02237,C0575,2026-05-03,bar,12-bar box,d2c,weight_loss,no
O02238,C0614,2026-05-03,bar,12-bar box,d2c,vegetarian,yes
O02239,C0633,2026-05-03,bar,12-bar box,d2c,gym_regular,no
O02240,C0742,2026-05-03,bar,12-bar box,d2c,weight_loss,no
O02241,C0744,2026-05-03,bar,12-bar box,d2c,beginner,no
O02242,C0776,2026-05-03,bar,12-bar box,marketplace,gym_regular,no
O02243,C0808,2026-05-03,bar,12-bar box,marketplace,vegetarian,no
O02244,C0968,2026-05-03,bar,12-bar box,marketplace,gym_regular,no
O02245,C1069,2026-05-03,bar,12-bar box,d2c,gym_regular,yes
O02246,C1103,2026-05-03,bar,12-bar box,marketplace,beginner,no
O02247,C1137,2026-05-03,bar,12-bar box,d2c,gym_regular,no
O02248,C1291,2026-05-03,bar,12-bar box,d2c,endurance,no
O02249,C1305,2026-05-03,bar,12-bar box,d2c,vegetarian,yes
O02250,C1353,2026-05-03,bar,12-bar box,d2c,weight_loss,no
O02251,C1402,2026-05-03,bar,12-bar box,d2c,weight_loss,no
O02252,C1630,2026-05-03,bar,12-bar box,d2c,endurance,yes
O02253,C1706,2026-05-03,bar,12-bar box,d2c,beginner,no
O02254,C1948,2026-05-03,bar,12-bar box,d2c,vegetarian,yes
O02255,C2332,2026-05-03,bar,12-bar box,d2c,gym_regular,yes
O02256,C2492,2026-05-03,bar,12-bar box,marketplace,beginner,no
O02257,C2605,2026-05-03,bar,12-bar box,d2c,vegetarian,yes
O02258,C2733,2026-05-03,bar,12-bar box,d2c,gym_regular,yes
O02259,C3144,2026-05-03,bar,12-bar box,d2c,gym_regular,no
O02260,C3145,2026-05-03,bar,12-bar box,marketplace,weight_loss,no
O02261,C3393,2026-05-03,bar,12-bar box,marketplace,beginner,no
O02262,C3395,2026-05-03,bar,12-bar box,marketplace,beginner,no
O02263,C3511,2026-05-03,bar,12-bar box,marketplace,vegetarian,no
O02264,C3761,2026-05-03,bar,12-bar box,marketplace,gym_regular,no
O02265,C3842,2026-05-03,bar,12-bar box,d2c,gym_regular,no
O02266,C3887,2026-05-03,bar,12-bar box,marketplace,vegetarian,no
O02267,C3935,2026-05-03,bar,12-bar box,marketplace,gym_regular,no
O02268,C0048,2026-05-04,bar,12-bar box,d2c,endurance,no
O02269,C0202,2026-05-04,bar,12-bar box,d2c,gym_regular,yes
O02270,C0460,2026-05-04,bar,12-bar box,d2c,endurance,no
O02271,C0549,2026-05-04,bar,12-bar box,marketplace,beginner,no
O02272,C0651,2026-05-04,bar,12-bar box,marketplace,gym_regular,no
O02273,C0790,2026-05-04,bar,12-bar box,marketplace,weight_loss,no
O02274,C1165,2026-05-04,bar,12-bar box,marketplace,vegetarian,no
O02275,C1506,2026-05-04,bar,12-bar box,d2c,beginner,no
O02276,C1588,2026-05-04,bar,12-bar box,marketplace,weight_loss,no
O02277,C1608,2026-05-04,bar,12-bar box,marketplace,vegetarian,no
O02278,C1641,2026-05-04,bar,12-bar box,d2c,gym_regular,yes
O02279,C1694,2026-05-04,bar,12-bar box,marketplace,vegetarian,no
O02280,C2235,2026-05-04,bar,12-bar box,marketplace,vegetarian,no
O02281,C2297,2026-05-04,bar,12-bar box,marketplace,gym_regular,no
O02282,C2301,2026-05-04,bar,12-bar box,marketplace,endurance,no
O02283,C2305,2026-05-04,bar,12-bar box,d2c,vegetarian,yes
O02284,C2320,2026-05-04,bar,12-bar box,d2c,weight_loss,yes
O02285,C2344,2026-05-04,bar,12-bar box,marketplace,gym_regular,no
O02286,C2385,2026-05-04,bar,12-bar box,d2c,beginner,no
O02287,C2418,2026-05-04,bar,12-bar box,d2c,vegetarian,yes
O02288,C2631,2026-05-04,bar,12-bar box,marketplace,weight_loss,no
O02289,C3268,2026-05-04,bar,12-bar box,d2c,gym_regular,yes
O02290,C3487,2026-05-04,bar,12-bar box,marketplace,endurance,no
O02291,C3705,2026-05-04,bar,12-bar box,d2c,gym_regular,yes
O02292,C3937,2026-05-04,bar,12-bar box,d2c,weight_loss,yes
O02293,C0011,2026-05-05,bar,12-bar box,d2c,beginner,yes
O02294,C0054,2026-05-05,bar,12-bar box,marketplace,gym_regular,no
O02295,C0072,2026-05-05,bar,12-bar box,d2c,endurance,no
O02296,C0204,2026-05-05,bar,12-bar box,d2c,beginner,no
O02297,C0370,2026-05-05,bar,12-bar box,d2c,gym_regular,yes
O02298,C0729,2026-05-05,bar,12-bar box,d2c,weight_loss,yes
O02299,C0958,2026-05-05,bar,12-bar box,d2c,gym_regular,no
O02300,C1294,2026-05-05,bar,12-bar box,d2c,endurance,yes
O02301,C1861,2026-05-05,bar,12-bar box,d2c,vegetarian,no
O02302,C1862,2026-05-05,bar,12-bar box,d2c,vegetarian,yes
O02303,C2399,2026-05-05,bar,12-bar box,marketplace,beginner,no
O02304,C2477,2026-05-05,bar,12-bar box,d2c,weight_loss,no
O02305,C2780,2026-05-05,bar,12-bar box,d2c,vegetarian,yes
O02306,C2936,2026-05-05,bar,12-bar box,d2c,endurance,yes
O02307,C2996,2026-05-05,bar,12-bar box,d2c,beginner,yes
O02308,C3048,2026-05-05,bar,12-bar box,marketplace,gym_regular,no
O02309,C3104,2026-05-05,bar,12-bar box,d2c,vegetarian,no
O02310,C3164,2026-05-05,bar,12-bar box,marketplace,vegetarian,no
O02311,C3467,2026-05-05,bar,12-bar box,d2c,beginner,yes
O02312,C0276,2026-05-06,bar,12-bar box,d2c,gym_regular,yes
O02313,C0389,2026-05-06,bar,12-bar box,marketplace,weight_loss,no
O02314,C0504,2026-05-06,bar,12-bar box,marketplace,weight_loss,no
O02315,C0615,2026-05-06,bar,12-bar box,d2c,gym_regular,no
O02316,C0620,2026-05-06,bar,12-bar box,marketplace,gym_regular,no
O02317,C0649,2026-05-06,bar,12-bar box,marketplace,vegetarian,no
O02318,C0718,2026-05-06,bar,12-bar box,marketplace,gym_regular,no
O02319,C0878,2026-05-06,bar,12-bar box,marketplace,endurance,no
O02320,C0932,2026-05-06,bar,12-bar box,marketplace,beginner,no
O02321,C1038,2026-05-06,bar,12-bar box,d2c,gym_regular,no
O02322,C1105,2026-05-06,bar,12-bar box,d2c,weight_loss,no
O02323,C1376,2026-05-06,bar,12-bar box,marketplace,endurance,no
O02324,C1424,2026-05-06,bar,12-bar box,marketplace,endurance,no
O02325,C1599,2026-05-06,bar,12-bar box,marketplace,beginner,no
O02326,C1655,2026-05-06,bar,12-bar box,d2c,beginner,yes
O02327,C1712,2026-05-06,bar,12-bar box,d2c,beginner,no
O02328,C1744,2026-05-06,bar,12-bar box,d2c,vegetarian,no
O02329,C2191,2026-05-06,bar,12-bar box,d2c,endurance,no
O02330,C2232,2026-05-06,bar,12-bar box,d2c,gym_regular,no
O02331,C2233,2026-05-06,bar,12-bar box,marketplace,vegetarian,no
O02332,C2446,2026-05-06,bar,12-bar box,marketplace,beginner,no
O02333,C2604,2026-05-06,bar,12-bar box,d2c,gym_regular,yes
O02334,C2694,2026-05-06,bar,12-bar box,marketplace,beginner,no
O02335,C2744,2026-05-06,bar,12-bar box,marketplace,weight_loss,no
O02336,C2889,2026-05-06,bar,12-bar box,marketplace,endurance,no
O02337,C2916,2026-05-06,bar,12-bar box,d2c,endurance,no
O02338,C2959,2026-05-06,bar,12-bar box,marketplace,beginner,no
O02339,C3024,2026-05-06,bar,12-bar box,marketplace,vegetarian,no
O02340,C3256,2026-05-06,bar,12-bar box,d2c,gym_regular,yes
O02341,C3336,2026-05-06,bar,12-bar box,d2c,gym_regular,yes
O02342,C3505,2026-05-06,bar,12-bar box,marketplace,vegetarian,no
O02343,C3647,2026-05-06,bar,12-bar box,marketplace,endurance,no
O02344,C3745,2026-05-06,bar,12-bar box,d2c,gym_regular,yes
O02345,C3934,2026-05-06,bar,12-bar box,marketplace,weight_loss,no
O02346,C3949,2026-05-06,bar,12-bar box,marketplace,beginner,no
O02347,C3995,2026-05-06,bar,12-bar box,marketplace,gym_regular,no
O02348,C0038,2026-05-07,bar,12-bar box,d2c,gym_regular,yes
O02349,C0074,2026-05-07,bar,12-bar box,marketplace,vegetarian,no
O02350,C0110,2026-05-07,bar,12-bar box,d2c,gym_regular,yes
O02351,C0119,2026-05-07,bar,12-bar box,d2c,weight_loss,no
O02352,C0167,2026-05-07,bar,12-bar box,d2c,endurance,yes
O02353,C0205,2026-05-07,bar,12-bar box,d2c,weight_loss,no
O02354,C0399,2026-05-07,bar,12-bar box,d2c,beginner,no
O02355,C0420,2026-05-07,bar,12-bar box,marketplace,beginner,no
O02356,C1014,2026-05-07,bar,12-bar box,d2c,beginner,no
O02357,C1366,2026-05-07,bar,12-bar box,d2c,vegetarian,no
O02358,C1555,2026-05-07,bar,12-bar box,d2c,beginner,yes
O02359,C1558,2026-05-07,bar,12-bar box,d2c,beginner,no
O02360,C1707,2026-05-07,bar,12-bar box,d2c,weight_loss,no
O02361,C1813,2026-05-07,bar,12-bar box,marketplace,vegetarian,no
O02362,C1981,2026-05-07,bar,12-bar box,d2c,gym_regular,no
O02363,C1986,2026-05-07,bar,12-bar box,d2c,weight_loss,no
O02364,C2164,2026-05-07,bar,12-bar box,marketplace,endurance,no
O02365,C2196,2026-05-07,bar,12-bar box,d2c,vegetarian,no
O02366,C2335,2026-05-07,bar,12-bar box,marketplace,endurance,no
O02367,C2430,2026-05-07,bar,12-bar box,marketplace,weight_loss,no
O02368,C2612,2026-05-07,bar,12-bar box,marketplace,endurance,no
O02369,C2878,2026-05-07,bar,12-bar box,d2c,weight_loss,yes
O02370,C3082,2026-05-07,bar,12-bar box,marketplace,beginner,no
O02371,C3134,2026-05-07,bar,12-bar box,d2c,gym_regular,yes
O02372,C3426,2026-05-07,bar,12-bar box,d2c,gym_regular,yes
O02373,C3504,2026-05-07,bar,12-bar box,d2c,gym_regular,no
O02374,C3980,2026-05-07,bar,12-bar box,d2c,gym_regular,no
O02375,C0103,2026-05-08,bar,12-bar box,d2c,vegetarian,no
O02376,C0374,2026-05-08,bar,12-bar box,marketplace,weight_loss,no
O02377,C0726,2026-05-08,bar,12-bar box,d2c,vegetarian,yes
O02378,C0838,2026-05-08,bar,12-bar box,marketplace,weight_loss,no
O02379,C0848,2026-05-08,bar,12-bar box,d2c,gym_regular,yes
O02380,C0935,2026-05-08,bar,12-bar box,d2c,gym_regular,no
O02381,C1140,2026-05-08,bar,12-bar box,d2c,gym_regular,yes
O02382,C1271,2026-05-08,bar,12-bar box,d2c,gym_regular,yes
O02383,C1313,2026-05-08,bar,12-bar box,d2c,beginner,no
O02384,C1364,2026-05-08,bar,12-bar box,marketplace,gym_regular,no
O02385,C1417,2026-05-08,bar,12-bar box,d2c,beginner,yes
O02386,C1886,2026-05-08,bar,12-bar box,d2c,beginner,no
O02387,C1914,2026-05-08,bar,12-bar box,marketplace,weight_loss,no
O02388,C1971,2026-05-08,bar,12-bar box,marketplace,beginner,no
O02389,C2114,2026-05-08,bar,12-bar box,d2c,vegetarian,no
O02390,C2342,2026-05-08,bar,12-bar box,marketplace,weight_loss,no
O02391,C2348,2026-05-08,bar,12-bar box,d2c,vegetarian,yes
O02392,C2515,2026-05-08,bar,12-bar box,d2c,weight_loss,no
O02393,C2523,2026-05-08,bar,12-bar box,marketplace,gym_regular,no
O02394,C2536,2026-05-08,bar,12-bar box,d2c,gym_regular,no
O02395,C2757,2026-05-08,bar,12-bar box,d2c,vegetarian,no
O02396,C2806,2026-05-08,bar,12-bar box,marketplace,gym_regular,no
O02397,C2925,2026-05-08,bar,12-bar box,marketplace,endurance,no
O02398,C2940,2026-05-08,bar,12-bar box,d2c,vegetarian,no
O02399,C2942,2026-05-08,bar,12-bar box,marketplace,gym_regular,no
O02400,C2966,2026-05-08,bar,12-bar box,d2c,beginner,no
O02401,C3209,2026-05-08,bar,12-bar box,d2c,gym_regular,yes
O02402,C3241,2026-05-08,bar,12-bar box,marketplace,endurance,no
O02403,C3373,2026-05-08,bar,12-bar box,marketplace,endurance,no
O02404,C3398,2026-05-08,bar,12-bar box,marketplace,endurance,no
O02405,C3594,2026-05-08,bar,12-bar box,d2c,endurance,no
O02406,C3700,2026-05-08,bar,12-bar box,marketplace,vegetarian,no
O02407,C3948,2026-05-08,bar,12-bar box,d2c,weight_loss,no
O02408,C0043,2026-05-09,bar,12-bar box,marketplace,beginner,no
O02409,C0332,2026-05-09,bar,12-bar box,d2c,weight_loss,no
O02410,C0581,2026-05-09,bar,12-bar box,marketplace,weight_loss,no
O02411,C0585,2026-05-09,bar,12-bar box,d2c,beginner,yes
O02412,C0773,2026-05-09,bar,12-bar box,marketplace,endurance,no
O02413,C1229,2026-05-09,bar,12-bar box,marketplace,gym_regular,no
O02414,C1240,2026-05-09,bar,12-bar box,marketplace,gym_regular,no
O02415,C1319,2026-05-09,bar,12-bar box,d2c,vegetarian,yes
O02416,C1467,2026-05-09,bar,12-bar box,d2c,vegetarian,no
O02417,C1800,2026-05-09,bar,12-bar box,d2c,gym_regular,no
O02418,C1903,2026-05-09,bar,12-bar box,d2c,gym_regular,yes
O02419,C1927,2026-05-09,bar,12-bar box,d2c,weight_loss,yes
O02420,C1968,2026-05-09,bar,12-bar box,d2c,weight_loss,yes
O02421,C2328,2026-05-09,bar,12-bar box,d2c,gym_regular,yes
O02422,C2395,2026-05-09,bar,12-bar box,d2c,beginner,no
O02423,C2642,2026-05-09,bar,12-bar box,d2c,gym_regular,yes
O02424,C2720,2026-05-09,bar,12-bar box,marketplace,vegetarian,no
O02425,C2874,2026-05-09,bar,12-bar box,marketplace,beginner,no
O02426,C2932,2026-05-09,bar,12-bar box,d2c,vegetarian,yes
O02427,C3191,2026-05-09,bar,12-bar box,marketplace,gym_regular,no
O02428,C3203,2026-05-09,bar,12-bar box,d2c,endurance,no
O02429,C3269,2026-05-09,bar,12-bar box,marketplace,gym_regular,no
O02430,C3432,2026-05-09,bar,12-bar box,d2c,gym_regular,yes
O02431,C3566,2026-05-09,bar,12-bar box,d2c,weight_loss,no
O02432,C3617,2026-05-09,bar,12-bar box,d2c,beginner,no
O02433,C0117,2026-05-10,bar,12-bar box,marketplace,beginner,no
O02434,C0260,2026-05-10,bar,12-bar box,d2c,beginner,no
O02435,C0540,2026-05-10,bar,12-bar box,d2c,gym_regular,no
O02436,C0584,2026-05-10,bar,12-bar box,d2c,gym_regular,no
O02437,C0715,2026-05-10,bar,12-bar box,marketplace,weight_loss,no
O02438,C0777,2026-05-10,bar,12-bar box,d2c,gym_regular,no
O02439,C0913,2026-05-10,bar,12-bar box,d2c,weight_loss,yes
O02440,C0990,2026-05-10,bar,12-bar box,marketplace,weight_loss,no
O02441,C1087,2026-05-10,bar,12-bar box,d2c,weight_loss,yes
O02442,C1172,2026-05-10,bar,12-bar box,d2c,weight_loss,no
O02443,C1189,2026-05-10,bar,12-bar box,d2c,gym_regular,yes
O02444,C1388,2026-05-10,bar,12-bar box,d2c,weight_loss,yes
O02445,C1591,2026-05-10,bar,12-bar box,d2c,gym_regular,no
O02446,C1830,2026-05-10,bar,12-bar box,marketplace,vegetarian,no
O02447,C1904,2026-05-10,bar,12-bar box,marketplace,beginner,no
O02448,C1934,2026-05-10,bar,12-bar box,marketplace,vegetarian,no
O02449,C1984,2026-05-10,bar,12-bar box,marketplace,vegetarian,no
O02450,C2061,2026-05-10,bar,12-bar box,d2c,gym_regular,yes
O02451,C2322,2026-05-10,bar,12-bar box,marketplace,endurance,no
O02452,C2584,2026-05-10,bar,12-bar box,d2c,endurance,yes
O02453,C2656,2026-05-10,bar,12-bar box,marketplace,weight_loss,no
O02454,C2905,2026-05-10,bar,12-bar box,d2c,gym_regular,yes
O02455,C2980,2026-05-10,bar,12-bar box,marketplace,beginner,no
O02456,C3041,2026-05-10,bar,12-bar box,marketplace,gym_regular,no
O02457,C3149,2026-05-10,bar,12-bar box,d2c,weight_loss,no
O02458,C3192,2026-05-10,bar,12-bar box,marketplace,weight_loss,no
O02459,C3286,2026-05-10,bar,12-bar box,marketplace,gym_regular,no
O02460,C3551,2026-05-10,bar,12-bar box,marketplace,beginner,no
O02461,C3586,2026-05-10,bar,12-bar box,d2c,gym_regular,yes
O02462,C3886,2026-05-10,bar,12-bar box,marketplace,weight_loss,no
O02463,C3938,2026-05-10,bar,12-bar box,marketplace,gym_regular,no
O02464,C0008,2026-05-11,bar,12-bar box,marketplace,beginner,no
O02465,C0348,2026-05-11,bar,12-bar box,marketplace,vegetarian,no
O02466,C0699,2026-05-11,bar,12-bar box,d2c,beginner,no
O02467,C0884,2026-05-11,bar,12-bar box,marketplace,weight_loss,no
O02468,C1361,2026-05-11,bar,12-bar box,d2c,gym_regular,no
O02469,C1416,2026-05-11,bar,12-bar box,marketplace,beginner,no
O02470,C1499,2026-05-11,bar,12-bar box,marketplace,endurance,no
O02471,C1559,2026-05-11,bar,12-bar box,marketplace,weight_loss,no
O02472,C1899,2026-05-11,bar,12-bar box,d2c,endurance,no
O02473,C2046,2026-05-11,bar,12-bar box,d2c,gym_regular,yes
O02474,C2103,2026-05-11,bar,12-bar box,d2c,gym_regular,no
O02475,C2226,2026-05-11,bar,12-bar box,marketplace,gym_regular,no
O02476,C2670,2026-05-11,bar,12-bar box,marketplace,endurance,no
O02477,C2986,2026-05-11,bar,12-bar box,marketplace,endurance,no
O02478,C3151,2026-05-11,bar,12-bar box,marketplace,gym_regular,no
O02479,C3234,2026-05-11,bar,12-bar box,d2c,weight_loss,no
O02480,C3455,2026-05-11,bar,12-bar box,marketplace,beginner,no
O02481,C3600,2026-05-11,bar,12-bar box,marketplace,vegetarian,no
O02482,C3796,2026-05-11,bar,12-bar box,d2c,gym_regular,yes
O02483,C3856,2026-05-11,bar,12-bar box,d2c,beginner,no
O02484,C3933,2026-05-11,bar,12-bar box,d2c,gym_regular,no
O02485,C0423,2026-05-12,bar,12-bar box,d2c,gym_regular,yes
O02486,C0468,2026-05-12,bar,12-bar box,d2c,weight_loss,yes
O02487,C0493,2026-05-12,bar,12-bar box,d2c,gym_regular,no
O02488,C0510,2026-05-12,bar,12-bar box,d2c,weight_loss,no
O02489,C0559,2026-05-12,bar,12-bar box,marketplace,beginner,no
O02490,C0924,2026-05-12,bar,12-bar box,marketplace,gym_regular,no
O02491,C1334,2026-05-12,bar,12-bar box,marketplace,gym_regular,no
O02492,C1426,2026-05-12,bar,12-bar box,d2c,vegetarian,no
O02493,C1481,2026-05-12,bar,12-bar box,marketplace,gym_regular,no
O02494,C1675,2026-05-12,bar,12-bar box,d2c,weight_loss,yes
O02495,C1747,2026-05-12,bar,12-bar box,d2c,weight_loss,no
O02496,C1985,2026-05-12,bar,12-bar box,d2c,weight_loss,yes
O02497,C2116,2026-05-12,bar,12-bar box,d2c,vegetarian,yes
O02498,C2296,2026-05-12,bar,12-bar box,d2c,gym_regular,no
O02499,C2620,2026-05-12,bar,12-bar box,marketplace,gym_regular,no
O02500,C2643,2026-05-12,bar,12-bar box,d2c,endurance,no
O02501,C2788,2026-05-12,bar,12-bar box,marketplace,beginner,no
O02502,C2835,2026-05-12,bar,12-bar box,marketplace,beginner,no
O02503,C2934,2026-05-12,bar,12-bar box,marketplace,beginner,no
O02504,C2971,2026-05-12,bar,12-bar box,d2c,beginner,no
O02505,C3370,2026-05-12,bar,12-bar box,marketplace,vegetarian,no
O02506,C3543,2026-05-12,bar,12-bar box,d2c,gym_regular,yes
O02507,C3601,2026-05-12,bar,12-bar box,marketplace,beginner,no
O02508,C3752,2026-05-12,bar,12-bar box,d2c,gym_regular,yes
O02509,C3872,2026-05-12,bar,12-bar box,marketplace,gym_regular,no
O02510,C3875,2026-05-12,bar,12-bar box,d2c,weight_loss,no
O02511,C0094,2026-05-13,bar,12-bar box,marketplace,weight_loss,no
O02512,C0494,2026-05-13,bar,12-bar box,d2c,endurance,no
O02513,C0886,2026-05-13,bar,12-bar box,marketplace,gym_regular,no
O02514,C0940,2026-05-13,bar,12-bar box,marketplace,endurance,no
O02515,C1062,2026-05-13,bar,12-bar box,marketplace,weight_loss,no
O02516,C1374,2026-05-13,bar,12-bar box,marketplace,weight_loss,no
O02517,C1457,2026-05-13,bar,12-bar box,marketplace,weight_loss,no
O02518,C1462,2026-05-13,bar,12-bar box,d2c,gym_regular,no
O02519,C1627,2026-05-13,bar,12-bar box,d2c,weight_loss,no
O02520,C1651,2026-05-13,bar,12-bar box,marketplace,beginner,no
O02521,C1746,2026-05-13,bar,12-bar box,d2c,beginner,yes
O02522,C1882,2026-05-13,bar,12-bar box,d2c,endurance,yes
O02523,C1894,2026-05-13,bar,12-bar box,marketplace,gym_regular,no
O02524,C2127,2026-05-13,bar,12-bar box,d2c,beginner,yes
O02525,C2184,2026-05-13,bar,12-bar box,marketplace,beginner,no
O02526,C2241,2026-05-13,bar,12-bar box,marketplace,gym_regular,no
O02527,C2263,2026-05-13,bar,12-bar box,marketplace,endurance,no
O02528,C2310,2026-05-13,bar,12-bar box,d2c,vegetarian,no
O02529,C2311,2026-05-13,bar,12-bar box,marketplace,vegetarian,no
O02530,C2346,2026-05-13,bar,12-bar box,marketplace,gym_regular,no
O02531,C2716,2026-05-13,bar,12-bar box,d2c,beginner,yes
O02532,C2787,2026-05-13,bar,12-bar box,d2c,vegetarian,no
O02533,C2836,2026-05-13,bar,12-bar box,d2c,vegetarian,no
O02534,C2906,2026-05-13,bar,12-bar box,marketplace,gym_regular,no
O02535,C3004,2026-05-13,bar,12-bar box,d2c,endurance,no
O02536,C3171,2026-05-13,bar,12-bar box,d2c,vegetarian,yes
O02537,C3262,2026-05-13,bar,12-bar box,marketplace,endurance,no
O02538,C3748,2026-05-13,bar,12-bar box,marketplace,gym_regular,no
O02539,C3877,2026-05-13,bar,12-bar box,marketplace,weight_loss,no
O02540,C0109,2026-05-14,bar,12-bar box,marketplace,gym_regular,no
O02541,C0491,2026-05-14,bar,12-bar box,marketplace,weight_loss,no
O02542,C0550,2026-05-14,bar,12-bar box,d2c,endurance,no
O02543,C0900,2026-05-14,bar,12-bar box,marketplace,endurance,no
O02544,C1404,2026-05-14,bar,12-bar box,marketplace,endurance,no
O02545,C1407,2026-05-14,bar,12-bar box,marketplace,gym_regular,no
O02546,C1563,2026-05-14,bar,12-bar box,marketplace,endurance,no
O02547,C1710,2026-05-14,bar,12-bar box,marketplace,beginner,no
O02548,C1770,2026-05-14,bar,12-bar box,d2c,gym_regular,yes
O02549,C1949,2026-05-14,bar,12-bar box,marketplace,gym_regular,no
O02550,C2027,2026-05-14,bar,12-bar box,marketplace,gym_regular,no
O02551,C2242,2026-05-14,bar,12-bar box,marketplace,gym_regular,no
O02552,C2307,2026-05-14,bar,12-bar box,d2c,weight_loss,no
O02553,C2440,2026-05-14,bar,12-bar box,marketplace,endurance,no
O02554,C2630,2026-05-14,bar,12-bar box,marketplace,weight_loss,no
O02555,C2801,2026-05-14,bar,12-bar box,d2c,gym_regular,no
O02556,C3138,2026-05-14,bar,12-bar box,d2c,vegetarian,no
O02557,C3217,2026-05-14,bar,12-bar box,d2c,vegetarian,yes
O02558,C3318,2026-05-14,bar,12-bar box,d2c,beginner,no
O02559,C3479,2026-05-14,bar,12-bar box,d2c,beginner,no
O02560,C3563,2026-05-14,bar,12-bar box,d2c,weight_loss,yes
O02561,C3644,2026-05-14,bar,12-bar box,d2c,gym_regular,no
O02562,C3755,2026-05-14,bar,12-bar box,marketplace,weight_loss,no
O02563,C3861,2026-05-14,bar,12-bar box,marketplace,beginner,no
O02564,C0039,2026-05-15,bar,12-bar box,marketplace,weight_loss,no
O02565,C0040,2026-05-15,bar,12-bar box,marketplace,vegetarian,no
O02566,C0322,2026-05-15,bar,12-bar box,d2c,beginner,no
O02567,C0386,2026-05-15,bar,12-bar box,marketplace,beginner,no
O02568,C0438,2026-05-15,bar,12-bar box,d2c,weight_loss,no
O02569,C0609,2026-05-15,bar,12-bar box,d2c,gym_regular,no
O02570,C0625,2026-05-15,bar,12-bar box,marketplace,gym_regular,no
O02571,C0662,2026-05-15,bar,12-bar box,d2c,endurance,yes
O02572,C0747,2026-05-15,bar,12-bar box,d2c,weight_loss,no
O02573,C0901,2026-05-15,bar,12-bar box,d2c,weight_loss,yes
O02574,C0902,2026-05-15,bar,12-bar box,d2c,beginner,no
O02575,C0927,2026-05-15,bar,12-bar box,marketplace,beginner,no
O02576,C1048,2026-05-15,bar,12-bar box,marketplace,gym_regular,no
O02577,C1082,2026-05-15,bar,12-bar box,marketplace,beginner,no
O02578,C1149,2026-05-15,bar,12-bar box,d2c,gym_regular,yes
O02579,C1195,2026-05-15,bar,12-bar box,d2c,endurance,no
O02580,C1547,2026-05-15,bar,12-bar box,marketplace,gym_regular,no
O02581,C1550,2026-05-15,bar,12-bar box,marketplace,gym_regular,no
O02582,C1581,2026-05-15,bar,12-bar box,d2c,endurance,no
O02583,C1829,2026-05-15,bar,12-bar box,d2c,gym_regular,no
O02584,C1889,2026-05-15,bar,12-bar box,marketplace,weight_loss,no
O02585,C1928,2026-05-15,bar,12-bar box,d2c,endurance,no
O02586,C2090,2026-05-15,bar,12-bar box,d2c,gym_regular,yes
O02587,C2138,2026-05-15,bar,12-bar box,d2c,endurance,yes
O02588,C2368,2026-05-15,bar,12-bar box,d2c,gym_regular,yes
O02589,C2615,2026-05-15,bar,12-bar box,marketplace,vegetarian,no
O02590,C3176,2026-05-15,bar,12-bar box,marketplace,gym_regular,no
O02591,C3445,2026-05-15,bar,12-bar box,marketplace,endurance,no
O02592,C3510,2026-05-15,bar,12-bar box,marketplace,gym_regular,no
O02593,C3512,2026-05-15,bar,12-bar box,d2c,gym_regular,no
O02594,C3554,2026-05-15,bar,12-bar box,marketplace,weight_loss,no
O02595,C0523,2026-05-16,bar,12-bar box,marketplace,endurance,no
O02596,C0541,2026-05-16,bar,12-bar box,marketplace,beginner,no
O02597,C0598,2026-05-16,bar,12-bar box,d2c,weight_loss,yes
O02598,C0753,2026-05-16,bar,12-bar box,marketplace,gym_regular,no
O02599,C0945,2026-05-16,bar,12-bar box,marketplace,weight_loss,no
O02600,C1012,2026-05-16,bar,12-bar box,d2c,vegetarian,no
O02601,C1108,2026-05-16,bar,12-bar box,marketplace,beginner,no
O02602,C1521,2026-05-16,bar,12-bar box,d2c,endurance,no
O02603,C1528,2026-05-16,bar,12-bar box,d2c,gym_regular,yes
O02604,C1648,2026-05-16,bar,12-bar box,d2c,gym_regular,no
O02605,C1688,2026-05-16,bar,12-bar box,d2c,vegetarian,no
O02606,C1708,2026-05-16,bar,12-bar box,d2c,weight_loss,no
O02607,C2039,2026-05-16,bar,12-bar box,marketplace,vegetarian,no
O02608,C2059,2026-05-16,bar,12-bar box,marketplace,weight_loss,no
O02609,C2119,2026-05-16,bar,12-bar box,d2c,beginner,no
O02610,C2490,2026-05-16,bar,12-bar box,marketplace,gym_regular,no
O02611,C2517,2026-05-16,bar,12-bar box,d2c,vegetarian,no
O02612,C2533,2026-05-16,bar,12-bar box,marketplace,beginner,no
O02613,C2743,2026-05-16,bar,12-bar box,marketplace,beginner,no
O02614,C2895,2026-05-16,bar,12-bar box,marketplace,endurance,no
O02615,C3007,2026-05-16,bar,12-bar box,marketplace,endurance,no
O02616,C3008,2026-05-16,bar,12-bar box,marketplace,gym_regular,no
O02617,C3056,2026-05-16,bar,12-bar box,marketplace,vegetarian,no
O02618,C3057,2026-05-16,bar,12-bar box,d2c,gym_regular,yes
O02619,C3101,2026-05-16,bar,12-bar box,d2c,gym_regular,no
O02620,C3140,2026-05-16,bar,12-bar box,d2c,endurance,yes
O02621,C3168,2026-05-16,bar,12-bar box,marketplace,gym_regular,no
O02622,C3173,2026-05-16,bar,12-bar box,marketplace,gym_regular,no
O02623,C3183,2026-05-16,bar,12-bar box,marketplace,gym_regular,no
O02624,C3207,2026-05-16,bar,12-bar box,d2c,weight_loss,no
O02625,C3259,2026-05-16,bar,12-bar box,marketplace,gym_regular,no
O02626,C3450,2026-05-16,bar,12-bar box,marketplace,beginner,no
O02627,C3454,2026-05-16,bar,12-bar box,marketplace,gym_regular,no
O02628,C3527,2026-05-16,bar,12-bar box,d2c,gym_regular,no
O02629,C3624,2026-05-16,bar,12-bar box,marketplace,vegetarian,no
O02630,C3880,2026-05-16,bar,12-bar box,marketplace,beginner,no
O02631,C3881,2026-05-16,bar,12-bar box,marketplace,beginner,no
O02632,C0004,2026-05-17,bar,12-bar box,d2c,gym_regular,yes
O02633,C0346,2026-05-17,bar,12-bar box,d2c,vegetarian,no
O02634,C0451,2026-05-17,bar,12-bar box,d2c,beginner,no
O02635,C0663,2026-05-17,bar,12-bar box,marketplace,vegetarian,no
O02636,C1091,2026-05-17,bar,12-bar box,marketplace,gym_regular,no
O02637,C1117,2026-05-17,bar,12-bar box,d2c,vegetarian,no
O02638,C1292,2026-05-17,bar,12-bar box,marketplace,gym_regular,no
O02639,C1356,2026-05-17,bar,12-bar box,marketplace,gym_regular,no
O02640,C1357,2026-05-17,bar,12-bar box,d2c,gym_regular,yes
O02641,C1367,2026-05-17,bar,12-bar box,d2c,weight_loss,no
O02642,C1637,2026-05-17,bar,12-bar box,marketplace,vegetarian,no
O02643,C1692,2026-05-17,bar,12-bar box,marketplace,weight_loss,no
O02644,C1709,2026-05-17,bar,12-bar box,d2c,gym_regular,no
O02645,C1756,2026-05-17,bar,12-bar box,d2c,vegetarian,yes
O02646,C2051,2026-05-17,bar,12-bar box,d2c,gym_regular,no
O02647,C2264,2026-05-17,bar,12-bar box,d2c,weight_loss,no
O02648,C2309,2026-05-17,bar,12-bar box,marketplace,gym_regular,no
O02649,C2482,2026-05-17,bar,12-bar box,d2c,gym_regular,yes
O02650,C2770,2026-05-17,bar,12-bar box,d2c,gym_regular,no
O02651,C2879,2026-05-17,bar,12-bar box,d2c,gym_regular,yes
O02652,C3113,2026-05-17,bar,12-bar box,marketplace,beginner,no
O02653,C3156,2026-05-17,bar,12-bar box,d2c,gym_regular,no
O02654,C3278,2026-05-17,bar,12-bar box,marketplace,endurance,no
O02655,C3695,2026-05-17,bar,12-bar box,marketplace,beginner,no
O02656,C3699,2026-05-17,bar,12-bar box,d2c,gym_regular,no
O02657,C3744,2026-05-17,bar,12-bar box,marketplace,gym_regular,no
O02658,C3756,2026-05-17,bar,12-bar box,marketplace,beginner,no
O02659,C0036,2026-05-18,bar,12-bar box,d2c,vegetarian,no
O02660,C0237,2026-05-18,bar,12-bar box,marketplace,gym_regular,no
O02661,C0344,2026-05-18,bar,12-bar box,marketplace,beginner,no
O02662,C0441,2026-05-18,bar,12-bar box,d2c,gym_regular,no
O02663,C0528,2026-05-18,bar,12-bar box,marketplace,endurance,no
O02664,C0706,2026-05-18,bar,12-bar box,marketplace,beginner,no
O02665,C0879,2026-05-18,bar,12-bar box,d2c,beginner,no
O02666,C0885,2026-05-18,bar,12-bar box,d2c,vegetarian,no
O02667,C1232,2026-05-18,bar,12-bar box,marketplace,vegetarian,no
O02668,C1304,2026-05-18,bar,12-bar box,d2c,gym_regular,no
O02669,C1403,2026-05-18,bar,12-bar box,marketplace,gym_regular,no
O02670,C1634,2026-05-18,bar,12-bar box,marketplace,weight_loss,no
O02671,C2158,2026-05-18,bar,12-bar box,d2c,weight_loss,no
O02672,C2317,2026-05-18,bar,12-bar box,marketplace,weight_loss,no
O02673,C2386,2026-05-18,bar,12-bar box,marketplace,beginner,no
O02674,C2849,2026-05-18,bar,12-bar box,d2c,endurance,no
O02675,C2894,2026-05-18,bar,12-bar box,d2c,endurance,no
O02676,C3073,2026-05-18,bar,12-bar box,d2c,beginner,yes
O02677,C3107,2026-05-18,bar,12-bar box,d2c,gym_regular,no
O02678,C3111,2026-05-18,bar,12-bar box,marketplace,beginner,no
O02679,C3194,2026-05-18,bar,12-bar box,d2c,beginner,no
O02680,C3297,2026-05-18,bar,12-bar box,d2c,gym_regular,no
O02681,C3368,2026-05-18,bar,12-bar box,marketplace,beginner,no
O02682,C3378,2026-05-18,bar,12-bar box,marketplace,gym_regular,no
O02683,C3565,2026-05-18,bar,12-bar box,marketplace,beginner,no
O02684,C3658,2026-05-18,bar,12-bar box,d2c,gym_regular,no
O02685,C3794,2026-05-18,bar,12-bar box,marketplace,endurance,no
O02686,C3890,2026-05-18,bar,12-bar box,marketplace,gym_regular,no
O02687,C0017,2026-05-19,bar,12-bar box,marketplace,weight_loss,no
O02688,C0113,2026-05-19,bar,12-bar box,marketplace,beginner,no
O02689,C0126,2026-05-19,bar,12-bar box,marketplace,gym_regular,no
O02690,C0152,2026-05-19,bar,12-bar box,d2c,beginner,no
O02691,C0264,2026-05-19,bar,12-bar box,marketplace,gym_regular,no
O02692,C0288,2026-05-19,bar,12-bar box,d2c,vegetarian,yes
O02693,C0660,2026-05-19,bar,12-bar box,d2c,gym_regular,yes
O02694,C0735,2026-05-19,bar,12-bar box,d2c,vegetarian,no
O02695,C0867,2026-05-19,bar,12-bar box,marketplace,weight_loss,no
O02696,C0887,2026-05-19,bar,12-bar box,marketplace,beginner,no
O02697,C0936,2026-05-19,bar,12-bar box,marketplace,gym_regular,no
O02698,C1440,2026-05-19,bar,12-bar box,marketplace,vegetarian,no
O02699,C1772,2026-05-19,bar,12-bar box,d2c,vegetarian,yes
O02700,C1780,2026-05-19,bar,12-bar box,d2c,weight_loss,no
O02701,C1783,2026-05-19,bar,12-bar box,d2c,vegetarian,yes
O02702,C2088,2026-05-19,bar,12-bar box,marketplace,weight_loss,no
O02703,C2281,2026-05-19,bar,12-bar box,d2c,gym_regular,no
O02704,C2306,2026-05-19,bar,12-bar box,marketplace,beginner,no
O02705,C2552,2026-05-19,bar,12-bar box,d2c,gym_regular,yes
O02706,C2561,2026-05-19,bar,12-bar box,marketplace,beginner,no
O02707,C2587,2026-05-19,bar,12-bar box,d2c,vegetarian,yes
O02708,C2689,2026-05-19,bar,12-bar box,marketplace,endurance,no
O02709,C2715,2026-05-19,bar,12-bar box,d2c,endurance,yes
O02710,C2717,2026-05-19,bar,12-bar box,d2c,gym_regular,yes
O02711,C2762,2026-05-19,bar,12-bar box,marketplace,beginner,no
O02712,C2793,2026-05-19,bar,12-bar box,d2c,vegetarian,no
O02713,C2962,2026-05-19,bar,12-bar box,d2c,gym_regular,yes
O02714,C3010,2026-05-19,bar,12-bar box,marketplace,endurance,no
O02715,C3632,2026-05-19,bar,12-bar box,marketplace,weight_loss,no
O02716,C3919,2026-05-19,bar,12-bar box,d2c,beginner,yes
O02717,C0199,2026-05-20,bar,12-bar box,d2c,vegetarian,no
O02718,C0212,2026-05-20,bar,12-bar box,marketplace,beginner,no
O02719,C0278,2026-05-20,bar,12-bar box,d2c,vegetarian,yes
O02720,C0339,2026-05-20,bar,12-bar box,marketplace,endurance,no
O02721,C0424,2026-05-20,bar,12-bar box,d2c,gym_regular,yes
O02722,C0469,2026-05-20,bar,12-bar box,marketplace,beginner,no
O02723,C0586,2026-05-20,bar,12-bar box,marketplace,weight_loss,no
O02724,C0628,2026-05-20,bar,12-bar box,marketplace,beginner,no
O02725,C0734,2026-05-20,bar,12-bar box,d2c,beginner,no
O02726,C0775,2026-05-20,bar,12-bar box,d2c,gym_regular,yes
O02727,C0836,2026-05-20,bar,12-bar box,d2c,weight_loss,yes
O02728,C0962,2026-05-20,bar,12-bar box,marketplace,weight_loss,no
O02729,C1017,2026-05-20,bar,12-bar box,marketplace,beginner,no
O02730,C1155,2026-05-20,bar,12-bar box,d2c,gym_regular,yes
O02731,C1166,2026-05-20,bar,12-bar box,marketplace,vegetarian,no
O02732,C1298,2026-05-20,bar,12-bar box,marketplace,gym_regular,no
O02733,C1731,2026-05-20,bar,12-bar box,d2c,gym_regular,yes
O02734,C1787,2026-05-20,bar,12-bar box,marketplace,gym_regular,no
O02735,C1967,2026-05-20,bar,12-bar box,marketplace,beginner,no
O02736,C2037,2026-05-20,bar,12-bar box,d2c,endurance,no
O02737,C2095,2026-05-20,bar,12-bar box,marketplace,weight_loss,no
O02738,C2146,2026-05-20,bar,12-bar box,d2c,weight_loss,yes
O02739,C2199,2026-05-20,bar,12-bar box,d2c,gym_regular,no
O02740,C2203,2026-05-20,bar,12-bar box,marketplace,beginner,no
O02741,C2262,2026-05-20,bar,12-bar box,d2c,gym_regular,yes
O02742,C2481,2026-05-20,bar,12-bar box,d2c,vegetarian,no
O02743,C2560,2026-05-20,bar,12-bar box,marketplace,gym_regular,no
O02744,C2564,2026-05-20,bar,12-bar box,d2c,gym_regular,yes
O02745,C2603,2026-05-20,bar,12-bar box,d2c,beginner,no
O02746,C2637,2026-05-20,bar,12-bar box,d2c,gym_regular,no
O02747,C2739,2026-05-20,bar,12-bar box,d2c,vegetarian,no
O02748,C2776,2026-05-20,bar,12-bar box,marketplace,weight_loss,no
O02749,C2797,2026-05-20,bar,12-bar box,d2c,gym_regular,no
O02750,C3096,2026-05-20,bar,12-bar box,d2c,vegetarian,no
O02751,C3179,2026-05-20,bar,12-bar box,d2c,vegetarian,no
O02752,C3196,2026-05-20,bar,12-bar box,d2c,beginner,no
O02753,C3250,2026-05-20,bar,12-bar box,d2c,weight_loss,no
O02754,C3251,2026-05-20,bar,12-bar box,marketplace,beginner,no
O02755,C3276,2026-05-20,bar,12-bar box,d2c,weight_loss,yes
O02756,C3327,2026-05-20,bar,12-bar box,marketplace,gym_regular,no
O02757,C3490,2026-05-20,bar,12-bar box,marketplace,endurance,no
O02758,C3521,2026-05-20,bar,12-bar box,d2c,endurance,no
O02759,C3590,2026-05-20,bar,12-bar box,d2c,weight_loss,yes
O02760,C3622,2026-05-20,bar,12-bar box,d2c,beginner,no
O02761,C3765,2026-05-20,bar,12-bar box,marketplace,weight_loss,no
O02762,C0091,2026-05-21,bar,12-bar box,d2c,gym_regular,no
O02763,C0505,2026-05-21,bar,12-bar box,marketplace,gym_regular,no
O02764,C0691,2026-05-21,bar,12-bar box,marketplace,vegetarian,no
O02765,C0759,2026-05-21,bar,12-bar box,d2c,weight_loss,no
O02766,C0792,2026-05-21,bar,12-bar box,marketplace,gym_regular,no
O02767,C0798,2026-05-21,bar,12-bar box,marketplace,gym_regular,no
O02768,C0845,2026-05-21,bar,12-bar box,marketplace,endurance,no
O02769,C1098,2026-05-21,bar,12-bar box,marketplace,gym_regular,no
O02770,C1113,2026-05-21,bar,12-bar box,d2c,vegetarian,yes
O02771,C1183,2026-05-21,bar,12-bar box,d2c,beginner,yes
O02772,C1251,2026-05-21,bar,12-bar box,marketplace,gym_regular,no
O02773,C1316,2026-05-21,bar,12-bar box,marketplace,vegetarian,no
O02774,C1428,2026-05-21,bar,12-bar box,marketplace,weight_loss,no
O02775,C1653,2026-05-21,bar,12-bar box,d2c,weight_loss,yes
O02776,C1678,2026-05-21,bar,12-bar box,d2c,gym_regular,yes
O02777,C1988,2026-05-21,bar,12-bar box,d2c,gym_regular,no
O02778,C2004,2026-05-21,bar,12-bar box,marketplace,gym_regular,no
O02779,C2162,2026-05-21,bar,12-bar box,d2c,beginner,no
O02780,C2384,2026-05-21,bar,12-bar box,marketplace,vegetarian,no
O02781,C2502,2026-05-21,bar,12-bar box,marketplace,weight_loss,no
O02782,C2614,2026-05-21,bar,12-bar box,marketplace,weight_loss,no
O02783,C2772,2026-05-21,bar,12-bar box,marketplace,beginner,no
O02784,C2869,2026-05-21,bar,12-bar box,marketplace,vegetarian,no
O02785,C3031,2026-05-21,bar,12-bar box,d2c,gym_regular,no
O02786,C3267,2026-05-21,bar,12-bar box,d2c,beginner,no
O02787,C3310,2026-05-21,bar,12-bar box,d2c,endurance,yes
O02788,C3350,2026-05-21,bar,12-bar box,marketplace,vegetarian,no
O02789,C3371,2026-05-21,bar,12-bar box,d2c,gym_regular,yes
O02790,C3400,2026-05-21,bar,12-bar box,marketplace,beginner,no
O02791,C3942,2026-05-21,bar,12-bar box,d2c,weight_loss,no
O02792,C0111,2026-05-22,bar,12-bar box,marketplace,endurance,no
O02793,C0402,2026-05-22,bar,12-bar box,marketplace,weight_loss,no
O02794,C0520,2026-05-22,bar,12-bar box,d2c,weight_loss,no
O02795,C0529,2026-05-22,bar,12-bar box,marketplace,weight_loss,no
O02796,C0737,2026-05-22,bar,12-bar box,d2c,weight_loss,no
O02797,C0793,2026-05-22,bar,12-bar box,marketplace,gym_regular,no
O02798,C1007,2026-05-22,bar,12-bar box,marketplace,vegetarian,no
O02799,C1060,2026-05-22,bar,12-bar box,marketplace,gym_regular,no
O02800,C1106,2026-05-22,bar,12-bar box,d2c,weight_loss,yes
O02801,C1308,2026-05-22,bar,12-bar box,marketplace,vegetarian,no
O02802,C1377,2026-05-22,bar,12-bar box,d2c,beginner,yes
O02803,C1419,2026-05-22,bar,12-bar box,d2c,weight_loss,no
O02804,C1477,2026-05-22,bar,12-bar box,marketplace,gym_regular,no
O02805,C1969,2026-05-22,bar,12-bar box,d2c,weight_loss,no
O02806,C1989,2026-05-22,bar,12-bar box,d2c,weight_loss,no
O02807,C2019,2026-05-22,bar,12-bar box,d2c,vegetarian,no
O02808,C2155,2026-05-22,bar,12-bar box,d2c,beginner,yes
O02809,C2178,2026-05-22,bar,12-bar box,d2c,endurance,no
O02810,C2370,2026-05-22,bar,12-bar box,d2c,gym_regular,yes
O02811,C2406,2026-05-22,bar,12-bar box,d2c,gym_regular,no
O02812,C2442,2026-05-22,bar,12-bar box,marketplace,gym_regular,no
O02813,C2457,2026-05-22,bar,12-bar box,d2c,beginner,no
O02814,C2589,2026-05-22,bar,12-bar box,d2c,endurance,no
O02815,C2650,2026-05-22,bar,12-bar box,marketplace,gym_regular,no
O02816,C2697,2026-05-22,bar,12-bar box,marketplace,beginner,no
O02817,C2855,2026-05-22,bar,12-bar box,d2c,gym_regular,no
O02818,C2957,2026-05-22,bar,12-bar box,marketplace,gym_regular,no
O02819,C3039,2026-05-22,bar,12-bar box,d2c,vegetarian,no
O02820,C3042,2026-05-22,bar,12-bar box,d2c,gym_regular,no
O02821,C3063,2026-05-22,bar,12-bar box,marketplace,beginner,no
O02822,C3087,2026-05-22,bar,12-bar box,marketplace,gym_regular,no
O02823,C3145,2026-05-22,bar,12-bar box,marketplace,weight_loss,no
O02824,C3162,2026-05-22,bar,12-bar box,d2c,endurance,no
O02825,C3163,2026-05-22,bar,12-bar box,d2c,endurance,no
O02826,C3218,2026-05-22,bar,12-bar box,d2c,beginner,no
O02827,C3396,2026-05-22,bar,12-bar box,marketplace,weight_loss,no
O02828,C3421,2026-05-22,bar,12-bar box,d2c,beginner,yes
O02829,C3514,2026-05-22,bar,12-bar box,marketplace,gym_regular,no
O02830,C3849,2026-05-22,bar,12-bar box,d2c,gym_regular,yes
O02831,C0041,2026-05-23,bar,12-bar box,d2c,vegetarian,yes
O02832,C0436,2026-05-23,bar,12-bar box,marketplace,beginner,no
O02833,C0481,2026-05-23,bar,12-bar box,marketplace,gym_regular,no
O02834,C0707,2026-05-23,bar,12-bar box,d2c,endurance,no
O02835,C0855,2026-05-23,bar,12-bar box,d2c,weight_loss,yes
O02836,C0889,2026-05-23,bar,12-bar box,d2c,gym_regular,no
O02837,C1039,2026-05-23,bar,12-bar box,marketplace,weight_loss,no
O02838,C1088,2026-05-23,bar,12-bar box,d2c,vegetarian,yes
O02839,C1110,2026-05-23,bar,12-bar box,d2c,gym_regular,no
O02840,C1423,2026-05-23,bar,12-bar box,marketplace,vegetarian,no
O02841,C1570,2026-05-23,bar,12-bar box,d2c,beginner,no
O02842,C1620,2026-05-23,bar,12-bar box,d2c,gym_regular,yes
O02843,C1694,2026-05-23,bar,12-bar box,marketplace,vegetarian,no
O02844,C1706,2026-05-23,bar,12-bar box,d2c,beginner,no
O02845,C1727,2026-05-23,bar,12-bar box,d2c,weight_loss,no
O02846,C1805,2026-05-23,bar,12-bar box,d2c,gym_regular,yes
O02847,C2135,2026-05-23,bar,12-bar box,d2c,vegetarian,yes
O02848,C2219,2026-05-23,bar,12-bar box,d2c,beginner,yes
O02849,C2371,2026-05-23,bar,12-bar box,d2c,gym_regular,no
O02850,C2645,2026-05-23,bar,12-bar box,d2c,vegetarian,no
O02851,C2649,2026-05-23,bar,12-bar box,marketplace,endurance,no
O02852,C2695,2026-05-23,bar,12-bar box,d2c,weight_loss,yes
O02853,C3089,2026-05-23,bar,12-bar box,marketplace,beginner,no
O02854,C3232,2026-05-23,bar,12-bar box,d2c,vegetarian,no
O02855,C3255,2026-05-23,bar,12-bar box,marketplace,endurance,no
O02856,C3287,2026-05-23,bar,12-bar box,d2c,beginner,yes
O02857,C3475,2026-05-23,bar,12-bar box,marketplace,beginner,no
O02858,C3840,2026-05-23,bar,12-bar box,marketplace,vegetarian,no
O02859,C3865,2026-05-23,bar,12-bar box,marketplace,gym_regular,no
O02860,C3988,2026-05-23,bar,12-bar box,marketplace,gym_regular,no
O02861,C0049,2026-05-24,bar,12-bar box,marketplace,beginner,no
O02862,C0140,2026-05-24,bar,12-bar box,d2c,endurance,yes
O02863,C0144,2026-05-24,bar,12-bar box,d2c,weight_loss,yes
O02864,C0180,2026-05-24,bar,12-bar box,d2c,weight_loss,no
O02865,C0267,2026-05-24,bar,12-bar box,d2c,vegetarian,no
O02866,C0271,2026-05-24,bar,12-bar box,d2c,endurance,no
O02867,C0416,2026-05-24,bar,12-bar box,d2c,weight_loss,yes
O02868,C0560,2026-05-24,bar,12-bar box,d2c,vegetarian,yes
O02869,C0634,2026-05-24,bar,12-bar box,marketplace,beginner,no
O02870,C0989,2026-05-24,bar,12-bar box,d2c,gym_regular,yes
O02871,C1000,2026-05-24,bar,12-bar box,marketplace,endurance,no
O02872,C1207,2026-05-24,bar,12-bar box,d2c,gym_regular,no
O02873,C1696,2026-05-24,bar,12-bar box,marketplace,vegetarian,no
O02874,C1875,2026-05-24,bar,12-bar box,marketplace,weight_loss,no
O02875,C1982,2026-05-24,bar,12-bar box,d2c,beginner,no
O02876,C2005,2026-05-24,bar,12-bar box,d2c,weight_loss,yes
O02877,C2065,2026-05-24,bar,12-bar box,d2c,gym_regular,yes
O02878,C2631,2026-05-24,bar,12-bar box,marketplace,weight_loss,no
O02879,C2666,2026-05-24,bar,12-bar box,marketplace,vegetarian,no
O02880,C2858,2026-05-24,bar,12-bar box,d2c,weight_loss,no
O02881,C2902,2026-05-24,bar,12-bar box,marketplace,weight_loss,no
O02882,C2987,2026-05-24,bar,12-bar box,marketplace,gym_regular,no
O02883,C3080,2026-05-24,bar,12-bar box,d2c,gym_regular,yes
O02884,C3199,2026-05-24,bar,12-bar box,marketplace,gym_regular,no
O02885,C3407,2026-05-24,bar,12-bar box,marketplace,vegetarian,no
O02886,C3819,2026-05-24,bar,12-bar box,d2c,weight_loss,yes
O02887,C3824,2026-05-24,bar,12-bar box,d2c,endurance,yes
O02888,C3918,2026-05-24,bar,12-bar box,d2c,gym_regular,no
O02889,C3975,2026-05-24,bar,12-bar box,marketplace,gym_regular,no
O02890,C0097,2026-05-25,bar,12-bar box,marketplace,beginner,no
O02891,C0169,2026-05-25,bar,12-bar box,d2c,beginner,no
O02892,C0205,2026-05-25,bar,12-bar box,d2c,weight_loss,no
O02893,C0285,2026-05-25,bar,12-bar box,marketplace,weight_loss,no
O02894,C0537,2026-05-25,bar,12-bar box,d2c,gym_regular,no
O02895,C0549,2026-05-25,bar,12-bar box,marketplace,beginner,no
O02896,C0577,2026-05-25,bar,12-bar box,d2c,vegetarian,no
O02897,C0614,2026-05-25,bar,12-bar box,d2c,vegetarian,yes
O02898,C1031,2026-05-25,bar,12-bar box,marketplace,gym_regular,no
O02899,C1278,2026-05-25,bar,12-bar box,marketplace,vegetarian,no
O02900,C1398,2026-05-25,bar,12-bar box,marketplace,gym_regular,no
O02901,C1506,2026-05-25,bar,12-bar box,d2c,beginner,no
O02902,C1596,2026-05-25,bar,12-bar box,d2c,beginner,no
O02903,C1630,2026-05-25,bar,12-bar box,d2c,endurance,yes
O02904,C1633,2026-05-25,bar,12-bar box,d2c,weight_loss,no
O02905,C1855,2026-05-25,bar,12-bar box,marketplace,beginner,no
O02906,C1919,2026-05-25,bar,12-bar box,d2c,weight_loss,no
O02907,C2071,2026-05-25,bar,12-bar box,d2c,vegetarian,yes
O02908,C2163,2026-05-25,bar,12-bar box,marketplace,gym_regular,no
O02909,C2214,2026-05-25,bar,12-bar box,d2c,gym_regular,yes
O02910,C2341,2026-05-25,bar,12-bar box,d2c,vegetarian,no
O02911,C2394,2026-05-25,bar,12-bar box,marketplace,gym_regular,no
O02912,C2403,2026-05-25,bar,12-bar box,marketplace,vegetarian,no
O02913,C2405,2026-05-25,bar,12-bar box,marketplace,vegetarian,no
O02914,C2450,2026-05-25,bar,12-bar box,marketplace,gym_regular,no
O02915,C2828,2026-05-25,bar,12-bar box,d2c,gym_regular,no
O02916,C2918,2026-05-25,bar,12-bar box,marketplace,gym_regular,no
O02917,C3109,2026-05-25,bar,12-bar box,marketplace,endurance,no
O02918,C3180,2026-05-25,bar,12-bar box,marketplace,gym_regular,no
O02919,C3387,2026-05-25,bar,12-bar box,d2c,vegetarian,no
O02920,C3587,2026-05-25,bar,12-bar box,d2c,gym_regular,yes
O02921,C3604,2026-05-25,bar,12-bar box,d2c,gym_regular,yes
O02922,C3643,2026-05-25,bar,12-bar box,marketplace,beginner,no
O02923,C3735,2026-05-25,bar,12-bar box,marketplace,weight_loss,no
O02924,C3746,2026-05-25,bar,12-bar box,marketplace,weight_loss,no
O02925,C0019,2026-05-26,bar,12-bar box,d2c,vegetarian,no
O02926,C0077,2026-05-26,bar,12-bar box,d2c,gym_regular,no
O02927,C0202,2026-05-26,bar,12-bar box,d2c,gym_regular,yes
O02928,C0314,2026-05-26,bar,12-bar box,marketplace,gym_regular,no
O02929,C0415,2026-05-26,bar,12-bar box,marketplace,vegetarian,no
O02930,C0462,2026-05-26,bar,12-bar box,marketplace,weight_loss,no
O02931,C0496,2026-05-26,bar,12-bar box,d2c,gym_regular,no
O02932,C0648,2026-05-26,bar,12-bar box,d2c,vegetarian,no
O02933,C0730,2026-05-26,bar,12-bar box,d2c,gym_regular,yes
O02934,C1030,2026-05-26,bar,12-bar box,marketplace,beginner,no
O02935,C1154,2026-05-26,bar,12-bar box,d2c,endurance,yes
O02936,C1305,2026-05-26,bar,12-bar box,d2c,vegetarian,yes
O02937,C1383,2026-05-26,bar,12-bar box,marketplace,vegetarian,no
O02938,C1476,2026-05-26,bar,12-bar box,marketplace,vegetarian,no
O02939,C1623,2026-05-26,bar,12-bar box,marketplace,endurance,no
O02940,C1714,2026-05-26,bar,12-bar box,marketplace,beginner,no
O02941,C1960,2026-05-26,bar,12-bar box,d2c,beginner,no
O02942,C2063,2026-05-26,bar,12-bar box,d2c,endurance,no
O02943,C2251,2026-05-26,bar,12-bar box,marketplace,gym_regular,no
O02944,C2418,2026-05-26,bar,12-bar box,d2c,vegetarian,yes
O02945,C2493,2026-05-26,bar,12-bar box,d2c,endurance,no
O02946,C2573,2026-05-26,bar,12-bar box,d2c,beginner,no
O02947,C2707,2026-05-26,bar,12-bar box,d2c,gym_regular,no
O02948,C2711,2026-05-26,bar,12-bar box,marketplace,beginner,no
O02949,C2958,2026-05-26,bar,12-bar box,marketplace,vegetarian,no
O02950,C3647,2026-05-26,bar,12-bar box,marketplace,endurance,no
O02951,C3724,2026-05-26,bar,12-bar box,marketplace,gym_regular,no
O02952,C3754,2026-05-26,bar,12-bar box,d2c,gym_regular,no
O02953,C3965,2026-05-26,bar,12-bar box,d2c,gym_regular,no
O02954,C0155,2026-05-27,bar,12-bar box,marketplace,vegetarian,no
O02955,C0351,2026-05-27,bar,12-bar box,d2c,beginner,no
O02956,C0409,2026-05-27,bar,12-bar box,d2c,gym_regular,no
O02957,C0671,2026-05-27,bar,12-bar box,marketplace,gym_regular,no
O02958,C0968,2026-05-27,bar,12-bar box,marketplace,gym_regular,no
O02959,C1001,2026-05-27,bar,12-bar box,marketplace,gym_regular,no
O02960,C1069,2026-05-27,bar,12-bar box,d2c,gym_regular,yes
O02961,C1122,2026-05-27,bar,12-bar box,d2c,vegetarian,no
O02962,C1264,2026-05-27,bar,12-bar box,marketplace,gym_regular,no
O02963,C1458,2026-05-27,bar,12-bar box,marketplace,gym_regular,no
O02964,C1576,2026-05-27,bar,12-bar box,d2c,gym_regular,no
O02965,C1609,2026-05-27,bar,12-bar box,marketplace,weight_loss,no
O02966,C1689,2026-05-27,bar,12-bar box,d2c,gym_regular,no
O02967,C1707,2026-05-27,bar,12-bar box,d2c,weight_loss,no
O02968,C1845,2026-05-27,bar,12-bar box,d2c,weight_loss,yes
O02969,C2291,2026-05-27,bar,12-bar box,marketplace,beginner,no
O02970,C2320,2026-05-27,bar,12-bar box,d2c,weight_loss,yes
O02971,C2332,2026-05-27,bar,12-bar box,d2c,gym_regular,yes
O02972,C2544,2026-05-27,bar,12-bar box,d2c,beginner,no
O02973,C2733,2026-05-27,bar,12-bar box,d2c,gym_regular,yes
O02974,C2994,2026-05-27,bar,12-bar box,marketplace,weight_loss,no
O02975,C3024,2026-05-27,bar,12-bar box,marketplace,vegetarian,no
O02976,C3268,2026-05-27,bar,12-bar box,d2c,gym_regular,yes
O02977,C3467,2026-05-27,bar,12-bar box,d2c,beginner,yes
O02978,C3556,2026-05-27,bar,12-bar box,d2c,beginner,no
O02979,C3850,2026-05-27,bar,12-bar box,marketplace,beginner,no
O02980,C3948,2026-05-27,bar,12-bar box,d2c,weight_loss,no
O02981,C3980,2026-05-27,bar,12-bar box,d2c,gym_regular,no
O02982,C0083,2026-05-28,bar,12-bar box,d2c,beginner,no
O02983,C0162,2026-05-28,bar,12-bar box,marketplace,beginner,no
O02984,C0193,2026-05-28,bar,12-bar box,marketplace,weight_loss,no
O02985,C0309,2026-05-28,bar,12-bar box,marketplace,beginner,no
O02986,C0370,2026-05-28,bar,12-bar box,d2c,gym_regular,yes
O02987,C0400,2026-05-28,bar,12-bar box,d2c,weight_loss,no
O02988,C0615,2026-05-28,bar,12-bar box,d2c,gym_regular,no
O02989,C0741,2026-05-28,bar,12-bar box,d2c,vegetarian,no
O02990,C0790,2026-05-28,bar,12-bar box,marketplace,weight_loss,no
O02991,C0802,2026-05-28,bar,12-bar box,marketplace,vegetarian,no
O02992,C0830,2026-05-28,bar,12-bar box,d2c,endurance,no
O02993,C0965,2026-05-28,bar,12-bar box,d2c,endurance,yes
O02994,C1137,2026-05-28,bar,12-bar box,d2c,gym_regular,no
O02995,C1347,2026-05-28,bar,12-bar box,d2c,gym_regular,yes
O02996,C1402,2026-05-28,bar,12-bar box,d2c,weight_loss,no
O02997,C1518,2026-05-28,bar,12-bar box,marketplace,beginner,no
O02998,C1726,2026-05-28,bar,12-bar box,d2c,vegetarian,no
O02999,C1793,2026-05-28,bar,12-bar box,d2c,beginner,no
O03000,C1813,2026-05-28,bar,12-bar box,marketplace,vegetarian,no
O03001,C1862,2026-05-28,bar,12-bar box,d2c,vegetarian,yes
O03002,C2010,2026-05-28,bar,12-bar box,d2c,beginner,no
O03003,C2185,2026-05-28,bar,12-bar box,d2c,gym_regular,yes
O03004,C2604,2026-05-28,bar,12-bar box,d2c,gym_regular,yes
O03005,C2605,2026-05-28,bar,12-bar box,d2c,vegetarian,yes
O03006,C2774,2026-05-28,bar,12-bar box,marketplace,beginner,no
O03007,C2831,2026-05-28,bar,12-bar box,marketplace,endurance,no
O03008,C2842,2026-05-28,bar,12-bar box,d2c,beginner,no
O03009,C3009,2026-05-28,bar,12-bar box,marketplace,gym_regular,no
O03010,C3505,2026-05-28,bar,12-bar box,marketplace,vegetarian,no
O03011,C3705,2026-05-28,bar,12-bar box,d2c,gym_regular,yes
O03012,C3707,2026-05-28,bar,12-bar box,d2c,weight_loss,no
O03013,C3952,2026-05-28,bar,12-bar box,d2c,weight_loss,yes
O03014,C3989,2026-05-28,bar,12-bar box,marketplace,weight_loss,no
O03015,C0050,2026-05-29,bar,12-bar box,d2c,gym_regular,no
O03016,C0064,2026-05-29,bar,12-bar box,d2c,weight_loss,yes
O03017,C0210,2026-05-29,bar,12-bar box,d2c,endurance,no
O03018,C0214,2026-05-29,bar,12-bar box,marketplace,endurance,no
O03019,C0373,2026-05-29,bar,12-bar box,d2c,vegetarian,no
O03020,C0449,2026-05-29,bar,12-bar box,marketplace,beginner,no
O03021,C0649,2026-05-29,bar,12-bar box,marketplace,vegetarian,no
O03022,C0794,2026-05-29,bar,12-bar box,d2c,gym_regular,yes
O03023,C0928,2026-05-29,bar,12-bar box,marketplace,vegetarian,no
O03024,C1015,2026-05-29,bar,12-bar box,d2c,beginner,no
O03025,C1253,2026-05-29,bar,12-bar box,marketplace,vegetarian,no
O03026,C1294,2026-05-29,bar,12-bar box,d2c,endurance,yes
O03027,C1638,2026-05-29,bar,12-bar box,d2c,gym_regular,yes
O03028,C1641,2026-05-29,bar,12-bar box,d2c,gym_regular,yes
O03029,C1735,2026-05-29,bar,12-bar box,d2c,vegetarian,no
O03030,C1823,2026-05-29,bar,12-bar box,marketplace,gym_regular,no
O03031,C1948,2026-05-29,bar,12-bar box,d2c,vegetarian,yes
O03032,C2002,2026-05-29,bar,12-bar box,marketplace,vegetarian,no
O03033,C2081,2026-05-29,bar,12-bar box,d2c,endurance,no
O03034,C2182,2026-05-29,bar,12-bar box,marketplace,gym_regular,no
O03035,C2237,2026-05-29,bar,12-bar box,d2c,vegetarian,no
O03036,C2249,2026-05-29,bar,12-bar box,marketplace,weight_loss,no
O03037,C2305,2026-05-29,bar,12-bar box,d2c,vegetarian,yes
O03038,C2323,2026-05-29,bar,12-bar box,marketplace,gym_regular,no
O03039,C2675,2026-05-29,bar,12-bar box,marketplace,gym_regular,no
O03040,C2720,2026-05-29,bar,12-bar box,marketplace,vegetarian,no
O03041,C2727,2026-05-29,bar,12-bar box,d2c,gym_regular,no
O03042,C2890,2026-05-29,bar,12-bar box,marketplace,vegetarian,no
O03043,C3191,2026-05-29,bar,12-bar box,marketplace,gym_regular,no
O03044,C3283,2026-05-29,bar,12-bar box,d2c,gym_regular,no
O03045,C3290,2026-05-29,bar,12-bar box,d2c,weight_loss,no
O03046,C3336,2026-05-29,bar,12-bar box,d2c,gym_regular,yes
O03047,C3393,2026-05-29,bar,12-bar box,marketplace,beginner,no
O03048,C0011,2026-05-30,bar,12-bar box,d2c,beginner,yes
O03049,C0066,2026-05-30,bar,12-bar box,marketplace,gym_regular,no
O03050,C0350,2026-05-30,bar,12-bar box,marketplace,gym_regular,no
O03051,C0680,2026-05-30,bar,12-bar box,marketplace,vegetarian,no
O03052,C0746,2026-05-30,bar,12-bar box,marketplace,weight_loss,no
O03053,C0990,2026-05-30,bar,12-bar box,marketplace,weight_loss,no
O03054,C1080,2026-05-30,bar,12-bar box,d2c,vegetarian,no
O03055,C1105,2026-05-30,bar,12-bar box,d2c,weight_loss,no
O03056,C1291,2026-05-30,bar,12-bar box,d2c,endurance,no
O03057,C1655,2026-05-30,bar,12-bar box,d2c,beginner,yes
O03058,C1800,2026-05-30,bar,12-bar box,d2c,gym_regular,no
O03059,C1830,2026-05-30,bar,12-bar box,marketplace,vegetarian,no
O03060,C1861,2026-05-30,bar,12-bar box,d2c,vegetarian,no
O03061,C1865,2026-05-30,bar,12-bar box,marketplace,gym_regular,no
O03062,C1971,2026-05-30,bar,12-bar box,marketplace,beginner,no
O03063,C2028,2026-05-30,bar,12-bar box,marketplace,vegetarian,no
O03064,C2164,2026-05-30,bar,12-bar box,marketplace,endurance,no
O03065,C2165,2026-05-30,bar,12-bar box,marketplace,beginner,no
O03066,C2181,2026-05-30,bar,12-bar box,marketplace,vegetarian,no
O03067,C2301,2026-05-30,bar,12-bar box,marketplace,endurance,no
O03068,C2623,2026-05-30,bar,12-bar box,marketplace,weight_loss,no
O03069,C2665,2026-05-30,bar,12-bar box,d2c,gym_regular,no
O03070,C2729,2026-05-30,bar,12-bar box,d2c,gym_regular,yes
O03071,C2798,2026-05-30,bar,12-bar box,marketplace,beginner,no
O03072,C2840,2026-05-30,bar,12-bar box,d2c,gym_regular,yes
O03073,C2936,2026-05-30,bar,12-bar box,d2c,endurance,yes
O03074,C2972,2026-05-30,bar,12-bar box,d2c,gym_regular,no
O03075,C2996,2026-05-30,bar,12-bar box,d2c,beginner,yes
O03076,C3209,2026-05-30,bar,12-bar box,d2c,gym_regular,yes
O03077,C3745,2026-05-30,bar,12-bar box,d2c,gym_regular,yes
O03078,C3937,2026-05-30,bar,12-bar box,d2c,weight_loss,yes
O03079,C0038,2026-05-31,bar,12-bar box,d2c,gym_regular,yes
O03080,C0204,2026-05-31,bar,12-bar box,d2c,beginner,no
O03081,C0276,2026-05-31,bar,12-bar box,d2c,gym_regular,yes
O03082,C0332,2026-05-31,bar,12-bar box,d2c,weight_loss,no
O03083,C0389,2026-05-31,bar,12-bar box,marketplace,weight_loss,no
O03084,C0414,2026-05-31,bar,12-bar box,marketplace,gym_regular,no
O03085,C0557,2026-05-31,bar,12-bar box,marketplace,weight_loss,no
O03086,C0692,2026-05-31,bar,12-bar box,d2c,gym_regular,no
O03087,C0729,2026-05-31,bar,12-bar box,d2c,weight_loss,yes
O03088,C0744,2026-05-31,bar,12-bar box,d2c,beginner,no
O03089,C0808,2026-05-31,bar,12-bar box,marketplace,vegetarian,no
O03090,C1045,2026-05-31,bar,12-bar box,marketplace,endurance,no
O03091,C1140,2026-05-31,bar,12-bar box,d2c,gym_regular,yes
O03092,C1184,2026-05-31,bar,12-bar box,d2c,weight_loss,no
O03093,C1319,2026-05-31,bar,12-bar box,d2c,vegetarian,yes
O03094,C1467,2026-05-31,bar,12-bar box,d2c,vegetarian,no
O03095,C1537,2026-05-31,bar,12-bar box,marketplace,beginner,no
O03096,C1549,2026-05-31,bar,12-bar box,d2c,beginner,yes
O03097,C1588,2026-05-31,bar,12-bar box,marketplace,weight_loss,no
O03098,C1604,2026-05-31,bar,12-bar box,d2c,beginner,no
O03099,C1968,2026-05-31,bar,12-bar box,d2c,weight_loss,yes
O03100,C2044,2026-05-31,bar,12-bar box,d2c,weight_loss,no
O03101,C2342,2026-05-31,bar,12-bar box,marketplace,weight_loss,no
O03102,C2451,2026-05-31,bar,12-bar box,d2c,gym_regular,yes
O03103,C2472,2026-05-31,bar,12-bar box,marketplace,gym_regular,no
O03104,C2486,2026-05-31,bar,12-bar box,marketplace,weight_loss,no
O03105,C2520,2026-05-31,bar,12-bar box,marketplace,beginner,no
O03106,C2643,2026-05-31,bar,12-bar box,d2c,endurance,no
O03107,C2669,2026-05-31,bar,12-bar box,marketplace,endurance,no
O03108,C2694,2026-05-31,bar,12-bar box,marketplace,beginner,no
O03109,C2780,2026-05-31,bar,12-bar box,d2c,vegetarian,yes
O03110,C2878,2026-05-31,bar,12-bar box,d2c,weight_loss,yes
O03111,C2889,2026-05-31,bar,12-bar box,marketplace,endurance,no
O03112,C2980,2026-05-31,bar,12-bar box,marketplace,beginner,no
O03113,C2986,2026-05-31,bar,12-bar box,marketplace,endurance,no
O03114,C3003,2026-05-31,bar,12-bar box,d2c,beginner,yes
O03115,C3222,2026-05-31,bar,12-bar box,marketplace,gym_regular,no
O03116,C3256,2026-05-31,bar,12-bar box,d2c,gym_regular,yes
O03117,C3381,2026-05-31,bar,12-bar box,d2c,gym_regular,no
O03118,C3431,2026-05-31,bar,12-bar box,marketplace,beginner,no
O03119,C3617,2026-05-31,bar,12-bar box,d2c,beginner,no
O03120,C3649,2026-05-31,bar,12-bar box,d2c,gym_regular,no
O03121,C3652,2026-05-31,bar,12-bar box,marketplace,weight_loss,no
O03122,C3934,2026-05-31,bar,12-bar box,marketplace,weight_loss,no
O03123,C3974,2026-05-31,bar,12-bar box,marketplace,vegetarian,no
O03124,C0167,2026-06-01,bar,12-bar box,d2c,endurance,yes
O03125,C0247,2026-06-01,bar,12-bar box,marketplace,gym_regular,no
O03126,C0302,2026-06-01,bar,12-bar box,d2c,endurance,yes
O03127,C0472,2026-06-01,bar,12-bar box,marketplace,weight_loss,no
O03128,C0894,2026-06-01,bar,12-bar box,marketplace,vegetarian,no
O03129,C1189,2026-06-01,bar,12-bar box,d2c,gym_regular,yes
O03130,C1899,2026-06-01,bar,12-bar box,d2c,endurance,no
O03131,C1902,2026-06-01,bar,12-bar box,d2c,vegetarian,no
O03132,C1903,2026-06-01,bar,12-bar box,d2c,gym_regular,yes
O03133,C1922,2026-06-01,bar,12-bar box,marketplace,beginner,no
O03134,C1927,2026-06-01,bar,12-bar box,d2c,weight_loss,yes
O03135,C2273,2026-06-01,bar,12-bar box,marketplace,beginner,no
O03136,C2348,2026-06-01,bar,12-bar box,d2c,vegetarian,yes
O03137,C2485,2026-06-01,bar,12-bar box,d2c,beginner,no
O03138,C2546,2026-06-01,bar,12-bar box,marketplace,weight_loss,no
O03139,C2676,2026-06-01,bar,12-bar box,marketplace,weight_loss,no
O03140,C2801,2026-06-01,bar,12-bar box,d2c,gym_regular,no
O03141,C2806,2026-06-01,bar,12-bar box,marketplace,gym_regular,no
O03142,C2999,2026-06-01,bar,12-bar box,marketplace,beginner,no
O03143,C3164,2026-06-01,bar,12-bar box,marketplace,vegetarian,no
O03144,C3204,2026-06-01,bar,12-bar box,marketplace,weight_loss,no
O03145,C3418,2026-06-01,bar,12-bar box,d2c,gym_regular,no
O03146,C3432,2026-06-01,bar,12-bar box,d2c,gym_regular,yes
O03147,C3542,2026-06-01,bar,12-bar box,marketplace,beginner,no
O03148,C3789,2026-06-01,bar,12-bar box,d2c,beginner,no
O03149,C3864,2026-06-01,bar,12-bar box,marketplace,gym_regular,no
O03150,C0104,2026-06-02,bar,12-bar box,marketplace,gym_regular,no
O03151,C0110,2026-06-02,bar,12-bar box,d2c,gym_regular,yes
O03152,C0115,2026-06-02,bar,12-bar box,d2c,endurance,no
O03153,C0176,2026-06-02,bar,12-bar box,d2c,weight_loss,no
O03154,C0585,2026-06-02,bar,12-bar box,d2c,beginner,yes
O03155,C0616,2026-06-02,bar,12-bar box,marketplace,weight_loss,no
O03156,C0656,2026-06-02,bar,12-bar box,marketplace,gym_regular,no
O03157,C0695,2026-06-02,bar,12-bar box,d2c,vegetarian,no
O03158,C0891,2026-06-02,bar,12-bar box,d2c,vegetarian,no
O03159,C0924,2026-06-02,bar,12-bar box,marketplace,gym_regular,no
O03160,C0948,2026-06-02,bar,12-bar box,marketplace,weight_loss,no
O03161,C1087,2026-06-02,bar,12-bar box,d2c,weight_loss,yes
O03162,C1271,2026-06-02,bar,12-bar box,d2c,gym_regular,yes
O03163,C1321,2026-06-02,bar,12-bar box,d2c,gym_regular,yes
O03164,C1388,2026-06-02,bar,12-bar box,d2c,weight_loss,yes
O03165,C1459,2026-06-02,bar,12-bar box,marketplace,gym_regular,no
O03166,C1555,2026-06-02,bar,12-bar box,d2c,beginner,yes
O03167,C1677,2026-06-02,bar,12-bar box,marketplace,gym_regular,no
O03168,C1734,2026-06-02,bar,12-bar box,marketplace,beginner,no
O03169,C2046,2026-06-02,bar,12-bar box,d2c,gym_regular,yes
O03170,C2103,2026-06-02,bar,12-bar box,d2c,gym_regular,no
O03171,C2233,2026-06-02,bar,12-bar box,marketplace,vegetarian,no
O03172,C2250,2026-06-02,bar,12-bar box,d2c,gym_regular,no
O03173,C2270,2026-06-02,bar,12-bar box,d2c,beginner,no
O03174,C2328,2026-06-02,bar,12-bar box,d2c,gym_regular,yes
O03175,C2358,2026-06-02,bar,12-bar box,d2c,beginner,yes
O03176,C2491,2026-06-02,bar,12-bar box,d2c,weight_loss,no
O03177,C2656,2026-06-02,bar,12-bar box,marketplace,weight_loss,no
O03178,C2700,2026-06-02,bar,12-bar box,marketplace,gym_regular,no
O03179,C2725,2026-06-02,bar,12-bar box,d2c,endurance,no
O03180,C2790,2026-06-02,bar,12-bar box,marketplace,weight_loss,no
O03181,C2800,2026-06-02,bar,12-bar box,d2c,gym_regular,no
O03182,C2874,2026-06-02,bar,12-bar box,marketplace,beginner,no
O03183,C2932,2026-06-02,bar,12-bar box,d2c,vegetarian,yes
O03184,C2969,2026-06-02,bar,12-bar box,marketplace,gym_regular,no
O03185,C3134,2026-06-02,bar,12-bar box,d2c,gym_regular,yes
O03186,C3286,2026-06-02,bar,12-bar box,marketplace,gym_regular,no
O03187,C3388,2026-06-02,bar,12-bar box,d2c,weight_loss,no
O03188,C3426,2026-06-02,bar,12-bar box,d2c,gym_regular,yes
O03189,C3504,2026-06-02,bar,12-bar box,d2c,gym_regular,no
O03190,C3512,2026-06-02,bar,12-bar box,d2c,gym_regular,no
O03191,C3949,2026-06-02,bar,12-bar box,marketplace,beginner,no
O03192,C3955,2026-06-02,bar,12-bar box,marketplace,gym_regular,no
O03193,C3995,2026-06-02,bar,12-bar box,marketplace,gym_regular,no
O03194,C0008,2026-06-03,bar,12-bar box,marketplace,beginner,no
O03195,C0357,2026-06-03,bar,12-bar box,d2c,beginner,no
O03196,C0659,2026-06-03,bar,12-bar box,marketplace,vegetarian,no
O03197,C0714,2026-06-03,bar,12-bar box,marketplace,beginner,no
O03198,C0721,2026-06-03,bar,12-bar box,d2c,gym_regular,no
O03199,C0726,2026-06-03,bar,12-bar box,d2c,vegetarian,yes
O03200,C0848,2026-06-03,bar,12-bar box,d2c,gym_regular,yes
O03201,C0884,2026-06-03,bar,12-bar box,marketplace,weight_loss,no
O03202,C0913,2026-06-03,bar,12-bar box,d2c,weight_loss,yes
O03203,C0914,2026-06-03,bar,12-bar box,d2c,weight_loss,no
O03204,C0961,2026-06-03,bar,12-bar box,marketplace,gym_regular,no
O03205,C0969,2026-06-03,bar,12-bar box,marketplace,weight_loss,no
O03206,C1028,2026-06-03,bar,12-bar box,d2c,weight_loss,no
O03207,C1058,2026-06-03,bar,12-bar box,d2c,weight_loss,no
O03208,C1125,2026-06-03,bar,12-bar box,marketplace,beginner,no
O03209,C1252,2026-06-03,bar,12-bar box,marketplace,gym_regular,no
O03210,C1416,2026-06-03,bar,12-bar box,marketplace,beginner,no
O03211,C1417,2026-06-03,bar,12-bar box,d2c,beginner,yes
O03212,C1424,2026-06-03,bar,12-bar box,marketplace,endurance,no
O03213,C1618,2026-06-03,bar,12-bar box,marketplace,beginner,no
O03214,C1838,2026-06-03,bar,12-bar box,d2c,vegetarian,no
O03215,C1904,2026-06-03,bar,12-bar box,marketplace,beginner,no
O03216,C1998,2026-06-03,bar,12-bar box,marketplace,beginner,no
O03217,C2116,2026-06-03,bar,12-bar box,d2c,vegetarian,yes
O03218,C2260,2026-06-03,bar,12-bar box,marketplace,weight_loss,no
O03219,C2307,2026-06-03,bar,12-bar box,d2c,weight_loss,no
O03220,C2536,2026-06-03,bar,12-bar box,d2c,gym_regular,no
O03221,C2602,2026-06-03,bar,12-bar box,marketplace,beginner,no
O03222,C2787,2026-06-03,bar,12-bar box,d2c,vegetarian,no
O03223,C2824,2026-06-03,bar,12-bar box,d2c,endurance,no
O03224,C2925,2026-06-03,bar,12-bar box,marketplace,endurance,no
O03225,C2927,2026-06-03,bar,12-bar box,d2c,weight_loss,no
O03226,C3081,2026-06-03,bar,12-bar box,marketplace,endurance,no
O03227,C3083,2026-06-03,bar,12-bar box,d2c,beginner,no
O03228,C3249,2026-06-03,bar,12-bar box,marketplace,gym_regular,no
O03229,C3373,2026-06-03,bar,12-bar box,marketplace,endurance,no
O03230,C3468,2026-06-03,bar,12-bar box,marketplace,weight_loss,no
O03231,C3469,2026-06-03,bar,12-bar box,marketplace,vegetarian,no
O03232,C3566,2026-06-03,bar,12-bar box,d2c,weight_loss,no
O03233,C3586,2026-06-03,bar,12-bar box,d2c,gym_regular,yes
O03234,C3861,2026-06-03,bar,12-bar box,marketplace,beginner,no
O03235,C3950,2026-06-03,bar,12-bar box,marketplace,weight_loss,no
O03236,C0360,2026-06-04,bar,12-bar box,marketplace,gym_regular,no
O03237,C0540,2026-06-04,bar,12-bar box,d2c,gym_regular,no
O03238,C0743,2026-06-04,bar,12-bar box,d2c,weight_loss,yes
O03239,C0772,2026-06-04,bar,12-bar box,marketplace,gym_regular,no
O03240,C0843,2026-06-04,bar,12-bar box,marketplace,vegetarian,no
O03241,C0971,2026-06-04,bar,12-bar box,marketplace,weight_loss,no
O03242,C1008,2026-06-04,bar,12-bar box,marketplace,vegetarian,no
O03243,C1265,2026-06-04,bar,12-bar box,marketplace,gym_regular,no
O03244,C1309,2026-06-04,bar,12-bar box,marketplace,gym_regular,no
O03245,C1404,2026-06-04,bar,12-bar box,marketplace,endurance,no
O03246,C1581,2026-06-04,bar,12-bar box,d2c,endurance,no
O03247,C1675,2026-06-04,bar,12-bar box,d2c,weight_loss,yes
O03248,C1866,2026-06-04,bar,12-bar box,d2c,endurance,no
O03249,C1894,2026-06-04,bar,12-bar box,marketplace,gym_regular,no
O03250,C1913,2026-06-04,bar,12-bar box,d2c,endurance,no
O03251,C2061,2026-06-04,bar,12-bar box,d2c,gym_regular,yes
O03252,C2335,2026-06-04,bar,12-bar box,marketplace,endurance,no
O03253,C2336,2026-06-04,bar,12-bar box,marketplace,endurance,no
O03254,C2338,2026-06-04,bar,12-bar box,marketplace,endurance,no
O03255,C2515,2026-06-04,bar,12-bar box,d2c,weight_loss,no
O03256,C2584,2026-06-04,bar,12-bar box,d2c,endurance,yes
O03257,C2620,2026-06-04,bar,12-bar box,marketplace,gym_regular,no
O03258,C2642,2026-06-04,bar,12-bar box,d2c,gym_regular,yes
O03259,C2670,2026-06-04,bar,12-bar box,marketplace,endurance,no
O03260,C2738,2026-06-04,bar,12-bar box,d2c,gym_regular,no
O03261,C2881,2026-06-04,bar,12-bar box,marketplace,weight_loss,no
O03262,C2905,2026-06-04,bar,12-bar box,d2c,gym_regular,yes
O03263,C2906,2026-06-04,bar,12-bar box,marketplace,gym_regular,no
O03264,C2942,2026-06-04,bar,12-bar box,marketplace,gym_regular,no
O03265,C3056,2026-06-04,bar,12-bar box,marketplace,vegetarian,no
O03266,C3415,2026-06-04,bar,12-bar box,marketplace,gym_regular,no
O03267,C3466,2026-06-04,bar,12-bar box,d2c,vegetarian,no
O03268,C3518,2026-06-04,bar,12-bar box,d2c,gym_regular,no
O03269,C3543,2026-06-04,bar,12-bar box,d2c,gym_regular,yes
O03270,C3640,2026-06-04,bar,12-bar box,marketplace,weight_loss,no
O03271,C3756,2026-06-04,bar,12-bar box,marketplace,beginner,no
O03272,C3796,2026-06-04,bar,12-bar box,d2c,gym_regular,yes
O03273,C3800,2026-06-04,bar,12-bar box,d2c,weight_loss,no
O03274,C3939,2026-06-04,bar,12-bar box,d2c,beginner,no
O03275,C0468,2026-06-05,bar,12-bar box,d2c,weight_loss,yes
O03276,C0493,2026-06-05,bar,12-bar box,d2c,gym_regular,no
O03277,C0584,2026-06-05,bar,12-bar box,d2c,gym_regular,no
O03278,C0777,2026-06-05,bar,12-bar box,d2c,gym_regular,no
O03279,C0821,2026-06-05,bar,12-bar box,d2c,gym_regular,yes
O03280,C0827,2026-06-05,bar,12-bar box,marketplace,weight_loss,no
O03281,C0858,2026-06-05,bar,12-bar box,marketplace,beginner,no
O03282,C1334,2026-06-05,bar,12-bar box,marketplace,gym_regular,no
O03283,C1481,2026-06-05,bar,12-bar box,marketplace,gym_regular,no
O03284,C1710,2026-06-05,bar,12-bar box,marketplace,beginner,no
O03285,C1716,2026-06-05,bar,12-bar box,d2c,gym_regular,no
O03286,C1747,2026-06-05,bar,12-bar box,d2c,weight_loss,no
O03287,C1912,2026-06-05,bar,12-bar box,marketplace,beginner,no
O03288,C1995,2026-06-05,bar,12-bar box,d2c,weight_loss,no
O03289,C2139,2026-06-05,bar,12-bar box,marketplace,gym_regular,no
O03290,C2242,2026-06-05,bar,12-bar box,marketplace,gym_regular,no
O03291,C2247,2026-06-05,bar,12-bar box,marketplace,vegetarian,no
O03292,C2311,2026-06-05,bar,12-bar box,marketplace,vegetarian,no
O03293,C2440,2026-06-05,bar,12-bar box,marketplace,endurance,no
O03294,C2456,2026-06-05,bar,12-bar box,d2c,gym_regular,no
O03295,C2523,2026-06-05,bar,12-bar box,marketplace,gym_regular,no
O03296,C2640,2026-06-05,bar,12-bar box,marketplace,gym_regular,no
O03297,C2663,2026-06-05,bar,12-bar box,d2c,beginner,no
O03298,C2716,2026-06-05,bar,12-bar box,d2c,beginner,yes
O03299,C2964,2026-06-05,bar,12-bar box,marketplace,weight_loss,no
O03300,C3038,2026-06-05,bar,12-bar box,marketplace,weight_loss,no
O03301,C3041,2026-06-05,bar,12-bar box,marketplace,gym_regular,no
O03302,C3115,2026-06-05,bar,12-bar box,d2c,weight_loss,yes
O03303,C3217,2026-06-05,bar,12-bar box,d2c,vegetarian,yes
O03304,C3563,2026-06-05,bar,12-bar box,d2c,weight_loss,yes
O03305,C3685,2026-06-05,bar,12-bar box,marketplace,beginner,no
O03306,C3704,2026-06-05,bar,12-bar box,d2c,vegetarian,no
O03307,C3706,2026-06-05,bar,12-bar box,d2c,weight_loss,yes
O03308,C0002,2026-06-06,bar,12-bar box,d2c,vegetarian,no
O03309,C0423,2026-06-06,bar,12-bar box,d2c,gym_regular,yes
O03310,C0512,2026-06-06,bar,12-bar box,marketplace,gym_regular,no
O03311,C1079,2026-06-06,bar,12-bar box,d2c,weight_loss,no
O03312,C1160,2026-06-06,bar,12-bar box,d2c,gym_regular,no
O03313,C1708,2026-06-06,bar,12-bar box,d2c,weight_loss,no
O03314,C1746,2026-06-06,bar,12-bar box,d2c,beginner,yes
O03315,C1985,2026-06-06,bar,12-bar box,d2c,weight_loss,yes
O03316,C2017,2026-06-06,bar,12-bar box,marketplace,endurance,no
O03317,C2027,2026-06-06,bar,12-bar box,marketplace,gym_regular,no
O03318,C2069,2026-06-06,bar,12-bar box,d2c,gym_regular,no
O03319,C2090,2026-06-06,bar,12-bar box,d2c,gym_regular,yes
O03320,C2127,2026-06-06,bar,12-bar box,d2c,beginner,yes
O03321,C2368,2026-06-06,bar,12-bar box,d2c,gym_regular,yes
O03322,C2849,2026-06-06,bar,12-bar box,d2c,endurance,no
O03323,C2852,2026-06-06,bar,12-bar box,marketplace,weight_loss,no
O03324,C3156,2026-06-06,bar,12-bar box,d2c,gym_regular,no
O03325,C3207,2026-06-06,bar,12-bar box,d2c,weight_loss,no
O03326,C3210,2026-06-06,bar,12-bar box,marketplace,weight_loss,no
O03327,C3357,2026-06-06,bar,12-bar box,marketplace,gym_regular,no
O03328,C3484,2026-06-06,bar,12-bar box,d2c,weight_loss,no
O03329,C3510,2026-06-06,bar,12-bar box,marketplace,gym_regular,no
O03330,C3752,2026-06-06,bar,12-bar box,d2c,gym_regular,yes
O03331,C3759,2026-06-06,bar,12-bar box,d2c,beginner,no
O03332,C3877,2026-06-06,bar,12-bar box,marketplace,weight_loss,no
O03333,C3973,2026-06-06,bar,12-bar box,marketplace,weight_loss,no
O03334,C3994,2026-06-06,bar,12-bar box,d2c,gym_regular,no
O03335,C0208,2026-06-07,bar,12-bar box,d2c,weight_loss,yes
O03336,C0274,2026-06-07,bar,12-bar box,marketplace,weight_loss,no
O03337,C0662,2026-06-07,bar,12-bar box,d2c,endurance,yes
O03338,C0685,2026-06-07,bar,12-bar box,marketplace,weight_loss,no
O03339,C0705,2026-06-07,bar,12-bar box,d2c,vegetarian,no
O03340,C0927,2026-06-07,bar,12-bar box,marketplace,beginner,no
O03341,C1012,2026-06-07,bar,12-bar box,d2c,vegetarian,no
O03342,C1121,2026-06-07,bar,12-bar box,marketplace,vegetarian,no
O03343,C1361,2026-06-07,bar,12-bar box,d2c,gym_regular,no
O03344,C1528,2026-06-07,bar,12-bar box,d2c,gym_regular,yes
O03345,C1987,2026-06-07,bar,12-bar box,d2c,vegetarian,no
O03346,C2560,2026-06-07,bar,12-bar box,marketplace,gym_regular,no
O03347,C2659,2026-06-07,bar,12-bar box,marketplace,gym_regular,no
O03348,C2672,2026-06-07,bar,12-bar box,d2c,beginner,yes
O03349,C2807,2026-06-07,bar,12-bar box,marketplace,gym_regular,no
O03350,C2898,2026-06-07,bar,12-bar box,d2c,gym_regular,no
O03351,C3123,2026-06-07,bar,12-bar box,marketplace,gym_regular,no
O03352,C3527,2026-06-07,bar,12-bar box,d2c,gym_regular,no
O03353,C3668,2026-06-07,bar,12-bar box,d2c,beginner,no
O03354,C3763,2026-06-07,bar,12-bar box,marketplace,gym_regular,no
O03355,C3786,2026-06-07,bar,12-bar box,marketplace,vegetarian,no
O03356,C3880,2026-06-07,bar,12-bar box,marketplace,beginner,no
O03357,C3963,2026-06-07,bar,12-bar box,marketplace,weight_loss,no
O03358,C0226,2026-06-08,bar,12-bar box,marketplace,beginner,no
O03359,C0287,2026-06-08,bar,12-bar box,marketplace,beginner,no
O03360,C0312,2026-06-08,bar,12-bar box,d2c,beginner,no
O03361,C0348,2026-06-08,bar,12-bar box,marketplace,vegetarian,no
O03362,C0354,2026-06-08,bar,12-bar box,d2c,gym_regular,no
O03363,C0441,2026-06-08,bar,12-bar box,d2c,gym_regular,no
O03364,C0632,2026-06-08,bar,12-bar box,d2c,weight_loss,yes
O03365,C0774,2026-06-08,bar,12-bar box,marketplace,vegetarian,no
O03366,C1071,2026-06-08,bar,12-bar box,d2c,endurance,no
O03367,C1149,2026-06-08,bar,12-bar box,d2c,gym_regular,yes
O03368,C1258,2026-06-08,bar,12-bar box,d2c,vegetarian,no
O03369,C1298,2026-06-08,bar,12-bar box,marketplace,gym_regular,no
O03370,C1357,2026-06-08,bar,12-bar box,d2c,gym_regular,yes
O03371,C1428,2026-06-08,bar,12-bar box,marketplace,weight_loss,no
O03372,C1559,2026-06-08,bar,12-bar box,marketplace,weight_loss,no
O03373,C1664,2026-06-08,bar,12-bar box,d2c,weight_loss,yes
O03374,C1882,2026-06-08,bar,12-bar box,d2c,endurance,yes
O03375,C2003,2026-06-08,bar,12-bar box,marketplace,weight_loss,no
O03376,C2108,2026-06-08,bar,12-bar box,d2c,endurance,no
O03377,C2264,2026-06-08,bar,12-bar box,d2c,weight_loss,no
O03378,C2346,2026-06-08,bar,12-bar box,marketplace,gym_regular,no
O03379,C2502,2026-06-08,bar,12-bar box,marketplace,weight_loss,no
O03380,C2559,2026-06-08,bar,12-bar box,d2c,gym_regular,no
O03381,C2615,2026-06-08,bar,12-bar box,marketplace,vegetarian,no
O03382,C2894,2026-06-08,bar,12-bar box,d2c,endurance,no
O03383,C2915,2026-06-08,bar,12-bar box,d2c,endurance,no
O03384,C3007,2026-06-08,bar,12-bar box,marketplace,endurance,no
O03385,C3057,2026-06-08,bar,12-bar box,d2c,gym_regular,yes
O03386,C3107,2026-06-08,bar,12-bar box,d2c,gym_regular,no
O03387,C3171,2026-06-08,bar,12-bar box,d2c,vegetarian,yes
O03388,C3173,2026-06-08,bar,12-bar box,marketplace,gym_regular,no
O03389,C3212,2026-06-08,bar,12-bar box,marketplace,vegetarian,no
O03390,C3262,2026-06-08,bar,12-bar box,marketplace,endurance,no
O03391,C3380,2026-06-08,bar,12-bar box,marketplace,vegetarian,no
O03392,C3496,2026-06-08,bar,12-bar box,marketplace,weight_loss,no
O03393,C3755,2026-06-08,bar,12-bar box,marketplace,weight_loss,no
O03394,C3872,2026-06-08,bar,12-bar box,marketplace,gym_regular,no
O03395,C0039,2026-06-09,bar,12-bar box,marketplace,weight_loss,no
O03396,C0089,2026-06-09,bar,12-bar box,d2c,weight_loss,no
O03397,C0109,2026-06-09,bar,12-bar box,marketplace,gym_regular,no
O03398,C0232,2026-06-09,bar,12-bar box,d2c,weight_loss,no
O03399,C0291,2026-06-09,bar,12-bar box,d2c,endurance,no
O03400,C0491,2026-06-09,bar,12-bar box,marketplace,weight_loss,no
O03401,C0553,2026-06-09,bar,12-bar box,d2c,endurance,yes
O03402,C0555,2026-06-09,bar,12-bar box,marketplace,beginner,no
O03403,C0636,2026-06-09,bar,12-bar box,d2c,gym_regular,no
O03404,C0856,2026-06-09,bar,12-bar box,d2c,gym_regular,yes
O03405,C0900,2026-06-09,bar,12-bar box,marketplace,endurance,no
O03406,C0901,2026-06-09,bar,12-bar box,d2c,weight_loss,yes
O03407,C1017,2026-06-09,bar,12-bar box,marketplace,beginner,no
O03408,C1018,2026-06-09,bar,12-bar box,marketplace,beginner,no
O03409,C1237,2026-06-09,bar,12-bar box,marketplace,beginner,no
O03410,C1241,2026-06-09,bar,12-bar box,marketplace,endurance,no
O03411,C1304,2026-06-09,bar,12-bar box,d2c,gym_regular,no
O03412,C1462,2026-06-09,bar,12-bar box,d2c,gym_regular,no
O03413,C1487,2026-06-09,bar,12-bar box,marketplace,vegetarian,no
O03414,C1550,2026-06-09,bar,12-bar box,marketplace,gym_regular,no
O03415,C1629,2026-06-09,bar,12-bar box,d2c,gym_regular,yes
O03416,C1770,2026-06-09,bar,12-bar box,d2c,gym_regular,yes
O03417,C2035,2026-06-09,bar,12-bar box,d2c,weight_loss,no
O03418,C2660,2026-06-09,bar,12-bar box,d2c,gym_regular,no
O03419,C2743,2026-06-09,bar,12-bar box,marketplace,beginner,no
O03420,C3297,2026-06-09,bar,12-bar box,d2c,gym_regular,no
O03421,C3350,2026-06-09,bar,12-bar box,marketplace,vegetarian,no
O03422,C3508,2026-06-09,bar,12-bar box,marketplace,beginner,no
O03423,C3655,2026-06-09,bar,12-bar box,marketplace,beginner,no
O03424,C3953,2026-06-09,bar,12-bar box,marketplace,gym_regular,no
O03425,C0195,2026-06-10,bar,12-bar box,marketplace,weight_loss,no
O03426,C0248,2026-06-10,bar,12-bar box,d2c,gym_regular,no
O03427,C0494,2026-06-10,bar,12-bar box,d2c,endurance,no
O03428,C0660,2026-06-10,bar,12-bar box,d2c,gym_regular,yes
O03429,C0735,2026-06-10,bar,12-bar box,d2c,vegetarian,no
O03430,C0753,2026-06-10,bar,12-bar box,marketplace,gym_regular,no
O03431,C0867,2026-06-10,bar,12-bar box,marketplace,weight_loss,no
O03432,C0992,2026-06-10,bar,12-bar box,d2c,endurance,no
O03433,C1316,2026-06-10,bar,12-bar box,marketplace,vegetarian,no
O03434,C1356,2026-06-10,bar,12-bar box,marketplace,gym_regular,no
O03435,C1374,2026-06-10,bar,12-bar box,marketplace,weight_loss,no
O03436,C1693,2026-06-10,bar,12-bar box,d2c,weight_loss,no
O03437,C1711,2026-06-10,bar,12-bar box,d2c,beginner,yes
O03438,C2138,2026-06-10,bar,12-bar box,d2c,endurance,yes
O03439,C2317,2026-06-10,bar,12-bar box,marketplace,weight_loss,no
O03440,C2482,2026-06-10,bar,12-bar box,d2c,gym_regular,yes
O03441,C2552,2026-06-10,bar,12-bar box,d2c,gym_regular,yes
O03442,C2610,2026-06-10,bar,12-bar box,marketplace,gym_regular,no
O03443,C2621,2026-06-10,bar,12-bar box,d2c,gym_regular,yes
O03444,C2715,2026-06-10,bar,12-bar box,d2c,endurance,yes
O03445,C3140,2026-06-10,bar,12-bar box,d2c,endurance,yes
O03446,C3452,2026-06-10,bar,12-bar box,d2c,endurance,no
O03447,C3859,2026-06-10,bar,12-bar box,d2c,weight_loss,no
O03448,C3902,2026-06-10,bar,12-bar box,d2c,weight_loss,no
O03449,C3943,2026-06-10,bar,12-bar box,d2c,weight_loss,no
O03450,C0004,2026-06-11,bar,12-bar box,d2c,gym_regular,yes
O03451,C0017,2026-06-11,bar,12-bar box,marketplace,weight_loss,no
O03452,C0246,2026-06-11,bar,12-bar box,marketplace,beginner,no
O03453,C0290,2026-06-11,bar,12-bar box,marketplace,vegetarian,no
O03454,C0424,2026-06-11,bar,12-bar box,d2c,gym_regular,yes
O03455,C0429,2026-06-11,bar,12-bar box,d2c,gym_regular,no
O03456,C0598,2026-06-11,bar,12-bar box,d2c,weight_loss,yes
O03457,C0634,2026-06-11,bar,12-bar box,marketplace,beginner,no
O03458,C1010,2026-06-11,bar,12-bar box,marketplace,endurance,no
O03459,C1048,2026-06-11,bar,12-bar box,marketplace,gym_regular,no
O03460,C1065,2026-06-11,bar,12-bar box,marketplace,gym_regular,no
O03461,C1171,2026-06-11,bar,12-bar box,marketplace,beginner,no
O03462,C1355,2026-06-11,bar,12-bar box,marketplace,gym_regular,no
O03463,C1367,2026-06-11,bar,12-bar box,d2c,weight_loss,no
O03464,C1521,2026-06-11,bar,12-bar box,d2c,endurance,no
O03465,C1548,2026-06-11,bar,12-bar box,marketplace,weight_loss,no
O03466,C1571,2026-06-11,bar,12-bar box,marketplace,endurance,no
O03467,C1680,2026-06-11,bar,12-bar box,d2c,gym_regular,yes
O03468,C1692,2026-06-11,bar,12-bar box,marketplace,weight_loss,no
O03469,C1696,2026-06-11,bar,12-bar box,marketplace,vegetarian,no
O03470,C1772,2026-06-11,bar,12-bar box,d2c,vegetarian,yes
O03471,C1883,2026-06-11,bar,12-bar box,d2c,gym_regular,no
O03472,C1930,2026-06-11,bar,12-bar box,marketplace,gym_regular,no
O03473,C2004,2026-06-11,bar,12-bar box,marketplace,gym_regular,no
O03474,C2587,2026-06-11,bar,12-bar box,d2c,vegetarian,yes
O03475,C2732,2026-06-11,bar,12-bar box,d2c,weight_loss,no
O03476,C2985,2026-06-11,bar,12-bar box,marketplace,beginner,no
O03477,C3073,2026-06-11,bar,12-bar box,d2c,beginner,yes
O03478,C3275,2026-06-11,bar,12-bar box,marketplace,beginner,no
O03479,C3296,2026-06-11,bar,12-bar box,marketplace,gym_regular,no
O03480,C3414,2026-06-11,bar,12-bar box,marketplace,gym_regular,no
O03481,C3554,2026-06-11,bar,12-bar box,marketplace,weight_loss,no
O03482,C3830,2026-06-11,bar,12-bar box,marketplace,gym_regular,no
O03483,C3865,2026-06-11,bar,12-bar box,marketplace,gym_regular,no
O03484,C3919,2026-06-11,bar,12-bar box,d2c,beginner,yes
O03485,C3957,2026-06-11,bar,12-bar box,marketplace,vegetarian,no
O03486,C0040,2026-06-12,bar,12-bar box,marketplace,vegetarian,no
O03487,C0080,2026-06-12,bar,12-bar box,d2c,weight_loss,no
O03488,C0205,2026-06-12,bar,12-bar box,d2c,weight_loss,no
O03489,C0406,2026-06-12,bar,12-bar box,d2c,weight_loss,no
O03490,C0523,2026-06-12,bar,12-bar box,marketplace,endurance,no
O03491,C0577,2026-06-12,bar,12-bar box,d2c,vegetarian,no
O03492,C0628,2026-06-12,bar,12-bar box,marketplace,beginner,no
O03493,C0798,2026-06-12,bar,12-bar box,marketplace,gym_regular,no
O03494,C0879,2026-06-12,bar,12-bar box,d2c,beginner,no
O03495,C0910,2026-06-12,bar,12-bar box,marketplace,gym_regular,no
O03496,C1093,2026-06-12,bar,12-bar box,marketplace,gym_regular,no
O03497,C1155,2026-06-12,bar,12-bar box,d2c,gym_regular,yes
O03498,C1425,2026-06-12,bar,12-bar box,d2c,gym_regular,yes
O03499,C1586,2026-06-12,bar,12-bar box,marketplace,gym_regular,no
O03500,C1603,2026-06-12,bar,12-bar box,d2c,endurance,yes
O03501,C1634,2026-06-12,bar,12-bar box,marketplace,weight_loss,no
O03502,C1648,2026-06-12,bar,12-bar box,d2c,gym_regular,no
O03503,C1694,2026-06-12,bar,12-bar box,marketplace,vegetarian,no
O03504,C1756,2026-06-12,bar,12-bar box,d2c,vegetarian,yes
O03505,C1783,2026-06-12,bar,12-bar box,d2c,vegetarian,yes
O03506,C2158,2026-06-12,bar,12-bar box,d2c,weight_loss,no
O03507,C2178,2026-06-12,bar,12-bar box,d2c,endurance,no
O03508,C2215,2026-06-12,bar,12-bar box,d2c,endurance,no
O03509,C2303,2026-06-12,bar,12-bar box,d2c,beginner,no
O03510,C2377,2026-06-12,bar,12-bar box,marketplace,weight_loss,no
O03511,C2526,2026-06-12,bar,12-bar box,marketplace,gym_regular,no
O03512,C2717,2026-06-12,bar,12-bar box,d2c,gym_regular,yes
O03513,C2879,2026-06-12,bar,12-bar box,d2c,gym_regular,yes
O03514,C3254,2026-06-12,bar,12-bar box,d2c,gym_regular,no
O03515,C3276,2026-06-12,bar,12-bar box,d2c,weight_loss,yes
O03516,C3293,2026-06-12,bar,12-bar box,d2c,beginner,no
O03517,C3562,2026-06-12,bar,12-bar box,marketplace,endurance,no
O03518,C3744,2026-06-12,bar,12-bar box,marketplace,gym_regular,no
O03519,C0278,2026-06-13,bar,12-bar box,d2c,vegetarian,yes
O03520,C0288,2026-06-13,bar,12-bar box,d2c,vegetarian,yes
O03521,C0405,2026-06-13,bar,12-bar box,d2c,gym_regular,yes
O03522,C0528,2026-06-13,bar,12-bar box,marketplace,endurance,no
O03523,C0594,2026-06-13,bar,12-bar box,d2c,endurance,yes
O03524,C0655,2026-06-13,bar,12-bar box,d2c,beginner,no
O03525,C0930,2026-06-13,bar,12-bar box,marketplace,beginner,no
O03526,C1126,2026-06-13,bar,12-bar box,marketplace,gym_regular,no
O03527,C1183,2026-06-13,bar,12-bar box,d2c,beginner,yes
O03528,C1308,2026-06-13,bar,12-bar box,marketplace,vegetarian,no
O03529,C1525,2026-06-13,bar,12-bar box,marketplace,gym_regular,no
O03530,C1652,2026-06-13,bar,12-bar box,marketplace,weight_loss,no
O03531,C1653,2026-06-13,bar,12-bar box,d2c,weight_loss,yes
O03532,C1668,2026-06-13,bar,12-bar box,d2c,gym_regular,no
O03533,C1787,2026-06-13,bar,12-bar box,marketplace,gym_regular,no
O03534,C2088,2026-06-13,bar,12-bar box,marketplace,weight_loss,no
O03535,C2146,2026-06-13,bar,12-bar box,d2c,weight_loss,yes
O03536,C2347,2026-06-13,bar,12-bar box,marketplace,gym_regular,no
O03537,C2481,2026-06-13,bar,12-bar box,d2c,vegetarian,no
O03538,C2637,2026-06-13,bar,12-bar box,d2c,gym_regular,no
O03539,C2690,2026-06-13,bar,12-bar box,marketplace,gym_regular,no
O03540,C2728,2026-06-13,bar,12-bar box,d2c,gym_regular,no
O03541,C2776,2026-06-13,bar,12-bar box,marketplace,weight_loss,no
O03542,C2962,2026-06-13,bar,12-bar box,d2c,gym_regular,yes
O03543,C3118,2026-06-13,bar,12-bar box,marketplace,endurance,no
O03544,C3223,2026-06-13,bar,12-bar box,marketplace,gym_regular,no
O03545,C3351,2026-06-13,bar,12-bar box,marketplace,beginner,no
O03546,C3378,2026-06-13,bar,12-bar box,marketplace,gym_regular,no
O03547,C3421,2026-06-13,bar,12-bar box,d2c,beginner,yes
O03548,C3436,2026-06-13,bar,12-bar box,d2c,beginner,no
O03549,C3524,2026-06-13,bar,12-bar box,d2c,endurance,no
O03550,C3842,2026-06-13,bar,12-bar box,d2c,gym_regular,no
O03551,C0019,2026-06-14,bar,12-bar box,d2c,vegetarian,no
O03552,C0042,2026-06-14,bar,12-bar box,marketplace,vegetarian,no
O03553,C0058,2026-06-14,bar,12-bar box,marketplace,beginner,no
O03554,C0111,2026-06-14,bar,12-bar box,marketplace,endurance,no
O03555,C0339,2026-06-14,bar,12-bar box,marketplace,endurance,no
O03556,C0496,2026-06-14,bar,12-bar box,d2c,gym_regular,no
O03557,C0737,2026-06-14,bar,12-bar box,d2c,weight_loss,no
O03558,C0775,2026-06-14,bar,12-bar box,d2c,gym_regular,yes
O03559,C0836,2026-06-14,bar,12-bar box,d2c,weight_loss,yes
O03560,C0855,2026-06-14,bar,12-bar box,d2c,weight_loss,yes
O03561,C0875,2026-06-14,bar,12-bar box,marketplace,endurance,no
O03562,C0959,2026-06-14,bar,12-bar box,d2c,beginner,yes
O03563,C1098,2026-06-14,bar,12-bar box,marketplace,gym_regular,no
O03564,C1113,2026-06-14,bar,12-bar box,d2c,vegetarian,yes
O03565,C1166,2026-06-14,bar,12-bar box,marketplace,vegetarian,no
O03566,C1213,2026-06-14,bar,12-bar box,marketplace,beginner,no
O03567,C1678,2026-06-14,bar,12-bar box,d2c,gym_regular,yes
O03568,C1765,2026-06-14,bar,12-bar box,marketplace,weight_loss,no
O03569,C1780,2026-06-14,bar,12-bar box,d2c,weight_loss,no
O03570,C1873,2026-06-14,bar,12-bar box,marketplace,beginner,no
O03571,C2262,2026-06-14,bar,12-bar box,d2c,gym_regular,yes
O03572,C2281,2026-06-14,bar,12-bar box,d2c,gym_regular,no
O03573,C2291,2026-06-14,bar,12-bar box,marketplace,beginner,no
O03574,C2475,2026-06-14,bar,12-bar box,marketplace,gym_regular,no
O03575,C2564,2026-06-14,bar,12-bar box,d2c,gym_regular,yes
O03576,C2631,2026-06-14,bar,12-bar box,marketplace,weight_loss,no
O03577,C2689,2026-06-14,bar,12-bar box,marketplace,endurance,no
O03578,C2712,2026-06-14,bar,12-bar box,marketplace,beginner,no
O03579,C2770,2026-06-14,bar,12-bar box,d2c,gym_regular,no
O03580,C2845,2026-06-14,bar,12-bar box,marketplace,vegetarian,no
O03581,C3310,2026-06-14,bar,12-bar box,d2c,endurance,yes
O03582,C3437,2026-06-14,bar,12-bar box,d2c,beginner,no
O03583,C3560,2026-06-14,bar,12-bar box,marketplace,vegetarian,no
O03584,C3565,2026-06-14,bar,12-bar box,marketplace,beginner,no
O03585,C3602,2026-06-14,bar,12-bar box,d2c,weight_loss,no
O03586,C3988,2026-06-14,bar,12-bar box,marketplace,gym_regular,no
O03587,C0065,2026-06-15,bar,12-bar box,d2c,gym_regular,no
O03588,C0091,2026-06-15,bar,12-bar box,d2c,gym_regular,no
O03589,C0144,2026-06-15,bar,12-bar box,d2c,weight_loss,yes
O03590,C0217,2026-06-15,bar,12-bar box,d2c,weight_loss,no
O03591,C0307,2026-06-15,bar,12-bar box,marketplace,vegetarian,no
O03592,C0366,2026-06-15,bar,12-bar box,marketplace,beginner,no
O03593,C0382,2026-06-15,bar,12-bar box,marketplace,gym_regular,no
O03594,C0401,2026-06-15,bar,12-bar box,marketplace,vegetarian,no
O03595,C0416,2026-06-15,bar,12-bar box,d2c,weight_loss,yes
O03596,C0586,2026-06-15,bar,12-bar box,marketplace,weight_loss,no
O03597,C1088,2026-06-15,bar,12-bar box,d2c,vegetarian,yes
O03598,C1264,2026-06-15,bar,12-bar box,marketplace,gym_regular,no
O03599,C1423,2026-06-15,bar,12-bar box,marketplace,vegetarian,no
O03600,C1442,2026-06-15,bar,12-bar box,marketplace,gym_regular,no
O03601,C1527,2026-06-15,bar,12-bar box,marketplace,endurance,no
O03602,C1535,2026-06-15,bar,12-bar box,d2c,gym_regular,yes
O03603,C1706,2026-06-15,bar,12-bar box,d2c,beginner,no
O03604,C1731,2026-06-15,bar,12-bar box,d2c,gym_regular,yes
O03605,C2055,2026-06-15,bar,12-bar box,marketplace,vegetarian,no
O03606,C2104,2026-06-15,bar,12-bar box,marketplace,gym_regular,no
O03607,C2155,2026-06-15,bar,12-bar box,d2c,beginner,yes
O03608,C2170,2026-06-15,bar,12-bar box,marketplace,gym_regular,no
O03609,C2226,2026-06-15,bar,12-bar box,marketplace,gym_regular,no
O03610,C2370,2026-06-15,bar,12-bar box,d2c,gym_regular,yes
O03611,C2386,2026-06-15,bar,12-bar box,marketplace,beginner,no
O03612,C2603,2026-06-15,bar,12-bar box,d2c,beginner,no
O03613,C2762,2026-06-15,bar,12-bar box,marketplace,beginner,no
O03614,C2765,2026-06-15,bar,12-bar box,d2c,endurance,no
O03615,C2772,2026-06-15,bar,12-bar box,marketplace,beginner,no
O03616,C2902,2026-06-15,bar,12-bar box,marketplace,weight_loss,no
O03617,C2987,2026-06-15,bar,12-bar box,marketplace,gym_regular,no
O03618,C3371,2026-06-15,bar,12-bar box,d2c,gym_regular,yes
O03619,C3590,2026-06-15,bar,12-bar box,d2c,weight_loss,yes
O03620,C3805,2026-06-15,bar,12-bar box,d2c,weight_loss,no
O03621,C3819,2026-06-15,bar,12-bar box,d2c,weight_loss,yes
O03622,C3849,2026-06-15,bar,12-bar box,d2c,gym_regular,yes
O03623,C3890,2026-06-15,bar,12-bar box,marketplace,gym_regular,no
O03624,C3975,2026-06-15,bar,12-bar box,marketplace,gym_regular,no
O03625,C0028,2026-06-16,bar,12-bar box,marketplace,endurance,no
O03626,C0140,2026-06-16,bar,12-bar box,d2c,endurance,yes
O03627,C0155,2026-06-16,bar,12-bar box,marketplace,vegetarian,no
O03628,C0479,2026-06-16,bar,12-bar box,marketplace,gym_regular,no
O03629,C0560,2026-06-16,bar,12-bar box,d2c,vegetarian,yes
O03630,C0723,2026-06-16,bar,12-bar box,d2c,weight_loss,no
O03631,C0799,2026-06-16,bar,12-bar box,d2c,gym_regular,yes
O03632,C0845,2026-06-16,bar,12-bar box,marketplace,endurance,no
O03633,C1419,2026-06-16,bar,12-bar box,d2c,weight_loss,no
O03634,C1982,2026-06-16,bar,12-bar box,d2c,beginner,no
O03635,C2065,2026-06-16,bar,12-bar box,d2c,gym_regular,yes
O03636,C2427,2026-06-16,bar,12-bar box,marketplace,gym_regular,no
O03637,C2711,2026-06-16,bar,12-bar box,marketplace,beginner,no
O03638,C2736,2026-06-16,bar,12-bar box,marketplace,beginner,no
O03639,C2739,2026-06-16,bar,12-bar box,d2c,vegetarian,no
O03640,C2810,2026-06-16,bar,12-bar box,marketplace,weight_loss,no
O03641,C3087,2026-06-16,bar,12-bar box,marketplace,gym_regular,no
O03642,C3255,2026-06-16,bar,12-bar box,marketplace,endurance,no
O03643,C3321,2026-06-16,bar,12-bar box,d2c,weight_loss,yes
O03644,C3521,2026-06-16,bar,12-bar box,d2c,endurance,no
O03645,C3567,2026-06-16,bar,12-bar box,d2c,vegetarian,no
O03646,C3604,2026-06-16,bar,12-bar box,d2c,gym_regular,yes
O03647,C0041,2026-06-17,bar,12-bar box,d2c,vegetarian,yes
O03648,C0202,2026-06-17,bar,12-bar box,d2c,gym_regular,yes
O03649,C0269,2026-06-17,bar,12-bar box,d2c,beginner,no
O03650,C0589,2026-06-17,bar,12-bar box,marketplace,gym_regular,no
O03651,C0614,2026-06-17,bar,12-bar box,d2c,vegetarian,yes
O03652,C0730,2026-06-17,bar,12-bar box,d2c,gym_regular,yes
O03653,C0793,2026-06-17,bar,12-bar box,marketplace,gym_regular,no
O03654,C0928,2026-06-17,bar,12-bar box,marketplace,vegetarian,no
O03655,C0989,2026-06-17,bar,12-bar box,d2c,gym_regular,yes
O03656,C1007,2026-06-17,bar,12-bar box,marketplace,vegetarian,no
O03657,C1106,2026-06-17,bar,12-bar box,d2c,weight_loss,yes
O03658,C1110,2026-06-17,bar,12-bar box,d2c,gym_regular,no
O03659,C1141,2026-06-17,bar,12-bar box,marketplace,vegetarian,no
O03660,C1377,2026-06-17,bar,12-bar box,d2c,beginner,yes
O03661,C1398,2026-06-17,bar,12-bar box,marketplace,gym_regular,no
O03662,C1458,2026-06-17,bar,12-bar box,marketplace,gym_regular,no
O03663,C1502,2026-06-17,bar,12-bar box,marketplace,gym_regular,no
O03664,C1577,2026-06-17,bar,12-bar box,marketplace,beginner,no
O03665,C1593,2026-06-17,bar,12-bar box,marketplace,gym_regular,no
O03666,C1988,2026-06-17,bar,12-bar box,d2c,gym_regular,no
O03667,C2005,2026-06-17,bar,12-bar box,d2c,weight_loss,yes
O03668,C2096,2026-06-17,bar,12-bar box,marketplace,endurance,no
O03669,C2135,2026-06-17,bar,12-bar box,d2c,vegetarian,yes
O03670,C2371,2026-06-17,bar,12-bar box,d2c,gym_regular,no
O03671,C2392,2026-06-17,bar,12-bar box,d2c,gym_regular,no
O03672,C2695,2026-06-17,bar,12-bar box,d2c,weight_loss,yes
O03673,C2730,2026-06-17,bar,12-bar box,marketplace,gym_regular,no
O03674,C2853,2026-06-17,bar,12-bar box,marketplace,gym_regular,no
O03675,C2934,2026-06-17,bar,12-bar box,marketplace,beginner,no
O03676,C3125,2026-06-17,bar,12-bar box,d2c,weight_loss,no
O03677,C3287,2026-06-17,bar,12-bar box,d2c,beginner,yes
O03678,C3334,2026-06-17,bar,12-bar box,d2c,beginner,no
O03679,C3366,2026-06-17,bar,12-bar box,d2c,weight_loss,no
O03680,C3396,2026-06-17,bar,12-bar box,marketplace,weight_loss,no
O03681,C3529,2026-06-17,bar,12-bar box,marketplace,gym_regular,no
O03682,C3597,2026-06-17,bar,12-bar box,d2c,weight_loss,no
O03683,C3683,2026-06-17,bar,12-bar box,marketplace,gym_regular,no
O03684,C3875,2026-06-17,bar,12-bar box,d2c,weight_loss,no
O03685,C3936,2026-06-17,bar,12-bar box,marketplace,weight_loss,no
O03686,C0020,2026-06-18,bar,12-bar box,d2c,gym_regular,yes
O03687,C0162,2026-06-18,bar,12-bar box,marketplace,beginner,no
O03688,C0306,2026-06-18,bar,12-bar box,marketplace,weight_loss,no
O03689,C0400,2026-06-18,bar,12-bar box,d2c,weight_loss,no
O03690,C0524,2026-06-18,bar,12-bar box,marketplace,gym_regular,no
O03691,C0778,2026-06-18,bar,12-bar box,marketplace,endurance,no
O03692,C0792,2026-06-18,bar,12-bar box,marketplace,gym_regular,no
O03693,C1148,2026-06-18,bar,12-bar box,marketplace,vegetarian,no
O03694,C1154,2026-06-18,bar,12-bar box,d2c,endurance,yes
O03695,C1176,2026-06-18,bar,12-bar box,marketplace,beginner,no
O03696,C1270,2026-06-18,bar,12-bar box,marketplace,endurance,no
O03697,C1307,2026-06-18,bar,12-bar box,marketplace,weight_loss,no
O03698,C1430,2026-06-18,bar,12-bar box,d2c,weight_loss,yes
O03699,C1437,2026-06-18,bar,12-bar box,d2c,weight_loss,yes
O03700,C1620,2026-06-18,bar,12-bar box,d2c,gym_regular,yes
O03701,C1630,2026-06-18,bar,12-bar box,d2c,endurance,yes
O03702,C1700,2026-06-18,bar,12-bar box,d2c,beginner,no
O03703,C1726,2026-06-18,bar,12-bar box,d2c,vegetarian,no
O03704,C1805,2026-06-18,bar,12-bar box,d2c,gym_regular,yes
O03705,C2219,2026-06-18,bar,12-bar box,d2c,beginner,yes
O03706,C2394,2026-06-18,bar,12-bar box,marketplace,gym_regular,no
O03707,C3078,2026-06-18,bar,12-bar box,marketplace,vegetarian,no
O03708,C3080,2026-06-18,bar,12-bar box,d2c,gym_regular,yes
O03709,C3145,2026-06-18,bar,12-bar box,marketplace,weight_loss,no
O03710,C3381,2026-06-18,bar,12-bar box,d2c,gym_regular,no
O03711,C3505,2026-06-18,bar,12-bar box,marketplace,vegetarian,no
O03712,C3666,2026-06-18,bar,12-bar box,marketplace,endurance,no
O03713,C3723,2026-06-18,bar,12-bar box,marketplace,endurance,no
O03714,C3824,2026-06-18,bar,12-bar box,d2c,endurance,yes
O03715,C3896,2026-06-18,bar,12-bar box,marketplace,vegetarian,no
O03716,C3897,2026-06-18,bar,12-bar box,marketplace,gym_regular,no
O03717,C3948,2026-06-18,bar,12-bar box,d2c,weight_loss,no
O03718,C0183,2026-06-19,bar,12-bar box,marketplace,gym_regular,no
O03719,C0251,2026-06-19,bar,12-bar box,marketplace,gym_regular,no
O03720,C0267,2026-06-19,bar,12-bar box,d2c,vegetarian,no
O03721,C0279,2026-06-19,bar,12-bar box,marketplace,gym_regular,no
O03722,C0305,2026-06-19,bar,12-bar box,d2c,gym_regular,no
O03723,C0642,2026-06-19,bar,12-bar box,marketplace,beginner,no
O03724,C0649,2026-06-19,bar,12-bar box,marketplace,vegetarian,no
O03725,C0808,2026-06-19,bar,12-bar box,marketplace,vegetarian,no
O03726,C0838,2026-06-19,bar,12-bar box,marketplace,weight_loss,no
O03727,C0976,2026-06-19,bar,12-bar box,d2c,beginner,no
O03728,C0990,2026-06-19,bar,12-bar box,marketplace,weight_loss,no
O03729,C0993,2026-06-19,bar,12-bar box,d2c,vegetarian,yes
O03730,C1111,2026-06-19,bar,12-bar box,d2c,beginner,no
O03731,C1536,2026-06-19,bar,12-bar box,marketplace,endurance,no
O03732,C1782,2026-06-19,bar,12-bar box,d2c,gym_regular,no
O03733,C1862,2026-06-19,bar,12-bar box,d2c,vegetarian,yes
O03734,C1986,2026-06-19,bar,12-bar box,d2c,weight_loss,no
O03735,C2063,2026-06-19,bar,12-bar box,d2c,endurance,no
O03736,C2071,2026-06-19,bar,12-bar box,d2c,vegetarian,yes
O03737,C2375,2026-06-19,bar,12-bar box,marketplace,gym_regular,no
O03738,C2385,2026-06-19,bar,12-bar box,d2c,beginner,no
O03739,C2753,2026-06-19,bar,12-bar box,marketplace,gym_regular,no
O03740,C2766,2026-06-19,bar,12-bar box,d2c,beginner,no
O03741,C2816,2026-06-19,bar,12-bar box,d2c,weight_loss,no
O03742,C2918,2026-06-19,bar,12-bar box,marketplace,gym_regular,no
O03743,C3234,2026-06-19,bar,12-bar box,d2c,weight_loss,no
O03744,C3257,2026-06-19,bar,12-bar box,marketplace,vegetarian,no
O03745,C3280,2026-06-19,bar,12-bar box,d2c,gym_regular,yes
O03746,C3714,2026-06-19,bar,12-bar box,marketplace,gym_regular,no
O03747,C3817,2026-06-19,bar,12-bar box,d2c,weight_loss,no
O03748,C3831,2026-06-19,bar,12-bar box,d2c,endurance,no
O03749,C3840,2026-06-19,bar,12-bar box,marketplace,vegetarian,no
O03750,C3965,2026-06-19,bar,12-bar box,d2c,gym_regular,no
O03751,C3989,2026-06-19,bar,12-bar box,marketplace,weight_loss,no
O03752,C0414,2026-06-20,bar,12-bar box,marketplace,gym_regular,no
O03753,C0481,2026-06-20,bar,12-bar box,marketplace,gym_regular,no
O03754,C0537,2026-06-20,bar,12-bar box,d2c,gym_regular,no
O03755,C0680,2026-06-20,bar,12-bar box,marketplace,vegetarian,no
O03756,C0767,2026-06-20,bar,12-bar box,marketplace,beginner,no
O03757,C0794,2026-06-20,bar,12-bar box,d2c,gym_regular,yes
O03758,C0830,2026-06-20,bar,12-bar box,d2c,endurance,no
O03759,C1031,2026-06-20,bar,12-bar box,marketplace,gym_regular,no
O03760,C1137,2026-06-20,bar,12-bar box,d2c,gym_regular,no
O03761,C1156,2026-06-20,bar,12-bar box,d2c,vegetarian,yes
O03762,C1207,2026-06-20,bar,12-bar box,d2c,gym_regular,no
O03763,C1305,2026-06-20,bar,12-bar box,d2c,vegetarian,yes
O03764,C1483,2026-06-20,bar,12-bar box,marketplace,vegetarian,no
O03765,C1604,2026-06-20,bar,12-bar box,d2c,beginner,no
O03766,C1659,2026-06-20,bar,12-bar box,d2c,gym_regular,yes
O03767,C1760,2026-06-20,bar,12-bar box,marketplace,gym_regular,no
O03768,C1794,2026-06-20,bar,12-bar box,d2c,gym_regular,yes
O03769,C1813,2026-06-20,bar,12-bar box,marketplace,vegetarian,no
O03770,C1861,2026-06-20,bar,12-bar box,d2c,vegetarian,no
O03771,C2214,2026-06-20,bar,12-bar box,d2c,gym_regular,yes
O03772,C2320,2026-06-20,bar,12-bar box,d2c,weight_loss,yes
O03773,C2337,2026-06-20,bar,12-bar box,d2c,beginner,no
O03774,C2360,2026-06-20,bar,12-bar box,marketplace,gym_regular,no
O03775,C2403,2026-06-20,bar,12-bar box,marketplace,vegetarian,no
O03776,C2418,2026-06-20,bar,12-bar box,d2c,vegetarian,yes
O03777,C2576,2026-06-20,bar,12-bar box,marketplace,gym_regular,no
O03778,C2889,2026-06-20,bar,12-bar box,marketplace,endurance,no
O03779,C2896,2026-06-20,bar,12-bar box,d2c,vegetarian,no
O03780,C3268,2026-06-20,bar,12-bar box,d2c,gym_regular,yes
O03781,C3372,2026-06-20,bar,12-bar box,d2c,beginner,no
O03782,C3467,2026-06-20,bar,12-bar box,d2c,beginner,yes
O03783,C3587,2026-06-20,bar,12-bar box,d2c,gym_regular,yes
O03784,C3750,2026-06-20,bar,12-bar box,d2c,endurance,no
O03785,C3837,2026-06-20,bar,12-bar box,d2c,vegetarian,yes
O03786,C3934,2026-06-20,bar,12-bar box,marketplace,weight_loss,no
O03787,C0184,2026-06-21,bar,12-bar box,marketplace,beginner,no
O03788,C0370,2026-06-21,bar,12-bar box,d2c,gym_regular,yes
O03789,C0579,2026-06-21,bar,12-bar box,marketplace,beginner,no
O03790,C0748,2026-06-21,bar,12-bar box,marketplace,weight_loss,no
O03791,C0763,2026-06-21,bar,12-bar box,marketplace,beginner,no
O03792,C0809,2026-06-21,bar,12-bar box,marketplace,beginner,no
O03793,C1180,2026-06-21,bar,12-bar box,d2c,beginner,no
O03794,C1338,2026-06-21,bar,12-bar box,d2c,endurance,no
O03795,C1347,2026-06-21,bar,12-bar box,d2c,gym_regular,yes
O03796,C1682,2026-06-21,bar,12-bar box,d2c,gym_regular,no
O03797,C1689,2026-06-21,bar,12-bar box,d2c,gym_regular,no
O03798,C1831,2026-06-21,bar,12-bar box,d2c,beginner,no
O03799,C2092,2026-06-21,bar,12-bar box,marketplace,weight_loss,no
O03800,C2450,2026-06-21,bar,12-bar box,marketplace,gym_regular,no
O03801,C2605,2026-06-21,bar,12-bar box,d2c,vegetarian,yes
O03802,C2801,2026-06-21,bar,12-bar box,d2c,gym_regular,no
O03803,C2936,2026-06-21,bar,12-bar box,d2c,endurance,yes
O03804,C3164,2026-06-21,bar,12-bar box,marketplace,vegetarian,no
O03805,C3281,2026-06-21,bar,12-bar box,d2c,beginner,no
O03806,C3339,2026-06-21,bar,12-bar box,d2c,gym_regular,no
O03807,C3637,2026-06-21,bar,12-bar box,d2c,gym_regular,yes
O03808,C3647,2026-06-21,bar,12-bar box,marketplace,endurance,no
O03809,C3713,2026-06-21,bar,12-bar box,d2c,beginner,no
O03810,C3780,2026-06-21,bar,12-bar box,marketplace,gym_regular,no
O03811,C0022,2026-06-22,bar,12-bar box,marketplace,gym_regular,no
O03812,C0066,2026-06-22,bar,12-bar box,marketplace,gym_regular,no
O03813,C0077,2026-06-22,bar,12-bar box,d2c,gym_regular,no
O03814,C0209,2026-06-22,bar,12-bar box,d2c,endurance,yes
O03815,C0276,2026-06-22,bar,12-bar box,d2c,gym_regular,yes
O03816,C0373,2026-06-22,bar,12-bar box,d2c,vegetarian,no
O03817,C0378,2026-06-22,bar,12-bar box,d2c,gym_regular,no
O03818,C0389,2026-06-22,bar,12-bar box,marketplace,weight_loss,no
O03819,C0526,2026-06-22,bar,12-bar box,marketplace,gym_regular,no
O03820,C0615,2026-06-22,bar,12-bar box,d2c,gym_regular,no
O03821,C0854,2026-06-22,bar,12-bar box,marketplace,beginner,no
O03822,C0965,2026-06-22,bar,12-bar box,d2c,endurance,yes
O03823,C1069,2026-06-22,bar,12-bar box,d2c,gym_regular,yes
O03824,C1140,2026-06-22,bar,12-bar box,d2c,gym_regular,yes
O03825,C1364,2026-06-22,bar,12-bar box,marketplace,gym_regular,no
O03826,C1641,2026-06-22,bar,12-bar box,d2c,gym_regular,yes
O03827,C1810,2026-06-22,bar,12-bar box,marketplace,beginner,no
O03828,C1845,2026-06-22,bar,12-bar box,d2c,weight_loss,yes
O03829,C1968,2026-06-22,bar,12-bar box,d2c,weight_loss,yes
O03830,C2028,2026-06-22,bar,12-bar box,marketplace,vegetarian,no
O03831,C2081,2026-06-22,bar,12-bar box,d2c,endurance,no
O03832,C2185,2026-06-22,bar,12-bar box,d2c,gym_regular,yes
O03833,C2332,2026-06-22,bar,12-bar box,d2c,gym_regular,yes
O03834,C2459,2026-06-22,bar,12-bar box,d2c,gym_regular,no
O03835,C2590,2026-06-22,bar,12-bar box,d2c,beginner,no
O03836,C2655,2026-06-22,bar,12-bar box,marketplace,gym_regular,no
O03837,C2733,2026-06-22,bar,12-bar box,d2c,gym_regular,yes
O03838,C2798,2026-06-22,bar,12-bar box,marketplace,beginner,no
O03839,C2827,2026-06-22,bar,12-bar box,d2c,beginner,yes
O03840,C2840,2026-06-22,bar,12-bar box,d2c,gym_regular,yes
O03841,C2872,2026-06-22,bar,12-bar box,marketplace,vegetarian,no
O03842,C2980,2026-06-22,bar,12-bar box,marketplace,beginner,no
O03843,C3015,2026-06-22,bar,12-bar box,d2c,gym_regular,no
O03844,C3192,2026-06-22,bar,12-bar box,marketplace,weight_loss,no
O03845,C3209,2026-06-22,bar,12-bar box,d2c,gym_regular,yes
O03846,C3249,2026-06-22,bar,12-bar box,marketplace,gym_regular,no
O03847,C3328,2026-06-22,bar,12-bar box,marketplace,endurance,no
O03848,C3336,2026-06-22,bar,12-bar box,d2c,gym_regular,yes
O03849,C3431,2026-06-22,bar,12-bar box,marketplace,beginner,no
O03850,C3781,2026-06-22,bar,12-bar box,d2c,vegetarian,yes
O03851,C3937,2026-06-22,bar,12-bar box,d2c,weight_loss,yes
O03852,C3983,2026-06-22,bar,12-bar box,marketplace,gym_regular,no
O03853,C0011,2026-06-23,bar,12-bar box,d2c,beginner,yes
O03854,C0064,2026-06-23,bar,12-bar box,d2c,weight_loss,yes
O03855,C0167,2026-06-23,bar,12-bar box,d2c,endurance,yes
O03856,C0332,2026-06-23,bar,12-bar box,d2c,weight_loss,no
O03857,C0462,2026-06-23,bar,12-bar box,marketplace,weight_loss,no
O03858,C0542,2026-06-23,bar,12-bar box,marketplace,endurance,no
O03859,C0969,2026-06-23,bar,12-bar box,marketplace,weight_loss,no
O03860,C1294,2026-06-23,bar,12-bar box,d2c,endurance,yes
O03861,C1297,2026-06-23,bar,12-bar box,d2c,endurance,no
O03862,C1481,2026-06-23,bar,12-bar box,marketplace,gym_regular,no
O03863,C1576,2026-06-23,bar,12-bar box,d2c,gym_regular,no
O03864,C1724,2026-06-23,bar,12-bar box,marketplace,vegetarian,no
O03865,C1866,2026-06-23,bar,12-bar box,d2c,endurance,no
O03866,C1872,2026-06-23,bar,12-bar box,marketplace,endurance,no
O03867,C1960,2026-06-23,bar,12-bar box,d2c,beginner,no
O03868,C2305,2026-06-23,bar,12-bar box,d2c,vegetarian,yes
O03869,C2463,2026-06-23,bar,12-bar box,marketplace,beginner,no
O03870,C2604,2026-06-23,bar,12-bar box,d2c,gym_regular,yes
O03871,C2707,2026-06-23,bar,12-bar box,d2c,gym_regular,no
O03872,C2722,2026-06-23,bar,12-bar box,marketplace,beginner,no
O03873,C2968,2026-06-23,bar,12-bar box,marketplace,beginner,no
O03874,C2969,2026-06-23,bar,12-bar box,marketplace,gym_regular,no
O03875,C3113,2026-06-23,bar,12-bar box,marketplace,beginner,no
O03876,C3128,2026-06-23,bar,12-bar box,marketplace,gym_regular,no
O03877,C3290,2026-06-23,bar,12-bar box,d2c,weight_loss,no
O03878,C3390,2026-06-23,bar,12-bar box,d2c,gym_regular,no
O03879,C3504,2026-06-23,bar,12-bar box,d2c,gym_regular,no
O03880,C3705,2026-06-23,bar,12-bar box,d2c,gym_regular,yes
O03881,C3812,2026-06-23,bar,12-bar box,marketplace,beginner,no
O03882,C3952,2026-06-23,bar,12-bar box,d2c,weight_loss,yes
O03883,C3958,2026-06-23,bar,12-bar box,marketplace,weight_loss,no
O03884,C4000,2026-06-23,bar,12-bar box,d2c,beginner,no
O03885,C0038,2026-06-24,bar,12-bar box,d2c,gym_regular,yes
O03886,C0110,2026-06-24,bar,12-bar box,d2c,gym_regular,yes
O03887,C0254,2026-06-24,bar,12-bar box,marketplace,gym_regular,no
O03888,C0345,2026-06-24,bar,12-bar box,d2c,weight_loss,no
O03889,C0654,2026-06-24,bar,12-bar box,marketplace,gym_regular,no
O03890,C0729,2026-06-24,bar,12-bar box,d2c,weight_loss,yes
O03891,C0818,2026-06-24,bar,12-bar box,d2c,endurance,yes
O03892,C1099,2026-06-24,bar,12-bar box,d2c,beginner,yes
O03893,C1144,2026-06-24,bar,12-bar box,d2c,beginner,yes
O03894,C1150,2026-06-24,bar,12-bar box,marketplace,gym_regular,no
O03895,C1319,2026-06-24,bar,12-bar box,d2c,vegetarian,yes
O03896,C1388,2026-06-24,bar,12-bar box,d2c,weight_loss,yes
O03897,C1555,2026-06-24,bar,12-bar box,d2c,beginner,yes
O03898,C1638,2026-06-24,bar,12-bar box,d2c,gym_regular,yes
O03899,C1830,2026-06-24,bar,12-bar box,marketplace,vegetarian,no
O03900,C1865,2026-06-24,bar,12-bar box,marketplace,gym_regular,no
O03901,C1902,2026-06-24,bar,12-bar box,d2c,vegetarian,no
O03902,C1903,2026-06-24,bar,12-bar box,d2c,gym_regular,yes
O03903,C1948,2026-06-24,bar,12-bar box,d2c,vegetarian,yes
O03904,C1979,2026-06-24,bar,12-bar box,d2c,beginner,no
O03905,C1995,2026-06-24,bar,12-bar box,d2c,weight_loss,no
O03906,C2136,2026-06-24,bar,12-bar box,d2c,weight_loss,no
O03907,C2265,2026-06-24,bar,12-bar box,marketplace,beginner,no
O03908,C2301,2026-06-24,bar,12-bar box,marketplace,endurance,no
O03909,C2546,2026-06-24,bar,12-bar box,marketplace,weight_loss,no
O03910,C2727,2026-06-24,bar,12-bar box,d2c,gym_regular,no
O03911,C2729,2026-06-24,bar,12-bar box,d2c,gym_regular,yes
O03912,C2738,2026-06-24,bar,12-bar box,d2c,gym_regular,no
O03913,C2878,2026-06-24,bar,12-bar box,d2c,weight_loss,yes
O03914,C2927,2026-06-24,bar,12-bar box,d2c,weight_loss,no
O03915,C3004,2026-06-24,bar,12-bar box,d2c,endurance,no
O03916,C3167,2026-06-24,bar,12-bar box,d2c,vegetarian,no
O03917,C3205,2026-06-24,bar,12-bar box,marketplace,weight_loss,no
O03918,C3256,2026-06-24,bar,12-bar box,d2c,gym_regular,yes
O03919,C3432,2026-06-24,bar,12-bar box,d2c,gym_regular,yes
O03920,C3474,2026-06-24,bar,12-bar box,marketplace,gym_regular,no
O03921,C3699,2026-06-24,bar,12-bar box,d2c,gym_regular,no
O03922,C3712,2026-06-24,bar,12-bar box,d2c,gym_regular,yes
O03923,C3901,2026-06-24,bar,12-bar box,marketplace,gym_regular,no
O03924,C3930,2026-06-24,bar,12-bar box,d2c,beginner,no
O03925,C3959,2026-06-24,bar,12-bar box,marketplace,gym_regular,no
O03926,C0188,2026-06-25,bar,12-bar box,d2c,weight_loss,no
O03927,C0210,2026-06-25,bar,12-bar box,d2c,endurance,no
O03928,C0230,2026-06-25,bar,12-bar box,d2c,beginner,no
O03929,C0564,2026-06-25,bar,12-bar box,marketplace,weight_loss,no
O03930,C0585,2026-06-25,bar,12-bar box,d2c,beginner,yes
O03931,C0721,2026-06-25,bar,12-bar box,d2c,gym_regular,no
O03932,C0848,2026-06-25,bar,12-bar box,d2c,gym_regular,yes
O03933,C1271,2026-06-25,bar,12-bar box,d2c,gym_regular,yes
O03934,C1402,2026-06-25,bar,12-bar box,d2c,weight_loss,no
O03935,C1407,2026-06-25,bar,12-bar box,marketplace,gym_regular,no
O03936,C1416,2026-06-25,bar,12-bar box,marketplace,beginner,no
O03937,C1417,2026-06-25,bar,12-bar box,d2c,beginner,yes
O03938,C1467,2026-06-25,bar,12-bar box,d2c,vegetarian,no
O03939,C1549,2026-06-25,bar,12-bar box,d2c,beginner,yes
O03940,C1619,2026-06-25,bar,12-bar box,marketplace,beginner,no
O03941,C1655,2026-06-25,bar,12-bar box,d2c,beginner,yes
O03942,C1662,2026-06-25,bar,12-bar box,d2c,gym_regular,no
O03943,C1735,2026-06-25,bar,12-bar box,d2c,vegetarian,no
O03944,C1790,2026-06-25,bar,12-bar box,marketplace,weight_loss,no
O03945,C1899,2026-06-25,bar,12-bar box,d2c,endurance,no
O03946,C2046,2026-06-25,bar,12-bar box,d2c,gym_regular,yes
O03947,C2116,2026-06-25,bar,12-bar box,d2c,vegetarian,yes
O03948,C2451,2026-06-25,bar,12-bar box,d2c,gym_regular,yes
O03949,C2461,2026-06-25,bar,12-bar box,marketplace,vegetarian,no
O03950,C2780,2026-06-25,bar,12-bar box,d2c,vegetarian,yes
O03951,C2800,2026-06-25,bar,12-bar box,d2c,gym_regular,no
O03952,C2996,2026-06-25,bar,12-bar box,d2c,beginner,yes
O03953,C3003,2026-06-25,bar,12-bar box,d2c,beginner,yes
O03954,C3134,2026-06-25,bar,12-bar box,d2c,gym_regular,yes
O03955,C3279,2026-06-25,bar,12-bar box,marketplace,gym_regular,no
O03956,C3426,2026-06-25,bar,12-bar box,d2c,gym_regular,yes
O03957,C3745,2026-06-25,bar,12-bar box,d2c,gym_regular,yes
O03958,C3861,2026-06-25,bar,12-bar box,marketplace,beginner,no
O03959,C3933,2026-06-25,bar,12-bar box,d2c,gym_regular,no
O03960,C3995,2026-06-25,bar,12-bar box,marketplace,gym_regular,no
O03961,C0008,2026-06-26,bar,12-bar box,marketplace,beginner,no
O03962,C0050,2026-06-26,bar,12-bar box,d2c,gym_regular,no
O03963,C0069,2026-06-26,bar,12-bar box,d2c,gym_regular,no
O03964,C0228,2026-06-26,bar,12-bar box,d2c,beginner,no
O03965,C0263,2026-06-26,bar,12-bar box,marketplace,beginner,no
O03966,C0317,2026-06-26,bar,12-bar box,marketplace,beginner,no
O03967,C0472,2026-06-26,bar,12-bar box,marketplace,weight_loss,no
O03968,C0570,2026-06-26,bar,12-bar box,d2c,weight_loss,yes
O03969,C0884,2026-06-26,bar,12-bar box,marketplace,weight_loss,no
O03970,C0913,2026-06-26,bar,12-bar box,d2c,weight_loss,yes
O03971,C1058,2026-06-26,bar,12-bar box,d2c,weight_loss,no
O03972,C1298,2026-06-26,bar,12-bar box,marketplace,gym_regular,no
O03973,C1321,2026-06-26,bar,12-bar box,d2c,gym_regular,yes
O03974,C1361,2026-06-26,bar,12-bar box,d2c,gym_regular,no
O03975,C1729,2026-06-26,bar,12-bar box,d2c,gym_regular,no
O03976,C1747,2026-06-26,bar,12-bar box,d2c,weight_loss,no
O03977,C1904,2026-06-26,bar,12-bar box,marketplace,beginner,no
O03978,C2061,2026-06-26,bar,12-bar box,d2c,gym_regular,yes
O03979,C2175,2026-06-26,bar,12-bar box,marketplace,weight_loss,no
O03980,C2240,2026-06-26,bar,12-bar box,marketplace,vegetarian,no
O03981,C2328,2026-06-26,bar,12-bar box,d2c,gym_regular,yes
O03982,C2348,2026-06-26,bar,12-bar box,d2c,vegetarian,yes
O03983,C2496,2026-06-26,bar,12-bar box,marketplace,beginner,no
O03984,C2643,2026-06-26,bar,12-bar box,d2c,endurance,no
O03985,C2656,2026-06-26,bar,12-bar box,marketplace,weight_loss,no
O03986,C2720,2026-06-26,bar,12-bar box,marketplace,vegetarian,no
O03987,C2806,2026-06-26,bar,12-bar box,marketplace,gym_regular,no
O03988,C2932,2026-06-26,bar,12-bar box,d2c,vegetarian,yes
O03989,C2964,2026-06-26,bar,12-bar box,marketplace,weight_loss,no
O03990,C3156,2026-06-26,bar,12-bar box,d2c,gym_regular,no
O03991,C3174,2026-06-26,bar,12-bar box,d2c,beginner,no
O03992,C3325,2026-06-26,bar,12-bar box,d2c,weight_loss,no
O03993,C3649,2026-06-26,bar,12-bar box,d2c,gym_regular,no
O03994,C3796,2026-06-26,bar,12-bar box,d2c,gym_regular,yes
O03995,C3944,2026-06-26,bar,12-bar box,marketplace,gym_regular,no
O03996,C0302,2026-06-27,bar,12-bar box,d2c,endurance,yes
O03997,C0336,2026-06-27,bar,12-bar box,d2c,weight_loss,no
O03998,C0508,2026-06-27,bar,12-bar box,marketplace,endurance,no
O03999,C0509,2026-06-27,bar,12-bar box,d2c,weight_loss,no
O04000,C0659,2026-06-27,bar,12-bar box,marketplace,vegetarian,no
O04001,C0685,2026-06-27,bar,12-bar box,marketplace,weight_loss,no
O04002,C0726,2026-06-27,bar,12-bar box,d2c,vegetarian,yes
O04003,C0821,2026-06-27,bar,12-bar box,d2c,gym_regular,yes
O04004,C1189,2026-06-27,bar,12-bar box,d2c,gym_regular,yes
O04005,C1241,2026-06-27,bar,12-bar box,marketplace,endurance,no
O04006,C1363,2026-06-27,bar,12-bar box,marketplace,beginner,no
O04007,C1453,2026-06-27,bar,12-bar box,d2c,beginner,no
O04008,C1559,2026-06-27,bar,12-bar box,marketplace,weight_loss,no
O04009,C1769,2026-06-27,bar,12-bar box,marketplace,beginner,no
O04010,C1927,2026-06-27,bar,12-bar box,d2c,weight_loss,yes
O04011,C2103,2026-06-27,bar,12-bar box,d2c,gym_regular,no
O04012,C2111,2026-06-27,bar,12-bar box,marketplace,endurance,no
O04013,C2286,2026-06-27,bar,12-bar box,d2c,vegetarian,yes
O04014,C2342,2026-06-27,bar,12-bar box,marketplace,weight_loss,no
O04015,C2406,2026-06-27,bar,12-bar box,d2c,gym_regular,no
O04016,C2536,2026-06-27,bar,12-bar box,d2c,gym_regular,no
O04017,C2560,2026-06-27,bar,12-bar box,marketplace,gym_regular,no
O04018,C2654,2026-06-27,bar,12-bar box,d2c,beginner,no
O04019,C2787,2026-06-27,bar,12-bar box,d2c,vegetarian,no
O04020,C2906,2026-06-27,bar,12-bar box,marketplace,gym_regular,no
O04021,C2986,2026-06-27,bar,12-bar box,marketplace,endurance,no
O04022,C3056,2026-06-27,bar,12-bar box,marketplace,vegetarian,no
O04023,C3320,2026-06-27,bar,12-bar box,d2c,beginner,no
O04024,C3373,2026-06-27,bar,12-bar box,marketplace,endurance,no
O04025,C3566,2026-06-27,bar,12-bar box,d2c,weight_loss,no
O04026,C3611,2026-06-27,bar,12-bar box,marketplace,beginner,no
O04027,C3706,2026-06-27,bar,12-bar box,d2c,weight_loss,yes
O04028,C3931,2026-06-27,bar,12-bar box,d2c,gym_regular,no
O04029,C3994,2026-06-27,bar,12-bar box,d2c,gym_regular,no
O04030,C0204,2026-06-28,bar,12-bar box,d2c,beginner,no
O04031,C0277,2026-06-28,bar,12-bar box,d2c,vegetarian,no
O04032,C0325,2026-06-28,bar,12-bar box,d2c,beginner,yes
O04033,C0441,2026-06-28,bar,12-bar box,d2c,gym_regular,no
O04034,C0447,2026-06-28,bar,12-bar box,d2c,vegetarian,no
O04035,C0468,2026-06-28,bar,12-bar box,d2c,weight_loss,yes
O04036,C0494,2026-06-28,bar,12-bar box,d2c,endurance,no
O04037,C0756,2026-06-28,bar,12-bar box,d2c,weight_loss,no
O04038,C0787,2026-06-28,bar,12-bar box,d2c,gym_regular,yes
O04039,C0841,2026-06-28,bar,12-bar box,d2c,weight_loss,yes
O04040,C0861,2026-06-28,bar,12-bar box,d2c,vegetarian,no
O04041,C0988,2026-06-28,bar,12-bar box,d2c,vegetarian,no
O04042,C1023,2026-06-28,bar,12-bar box,d2c,vegetarian,no
O04043,C1045,2026-06-28,bar,12-bar box,marketplace,endurance,no
O04044,C1079,2026-06-28,bar,12-bar box,d2c,weight_loss,no
O04045,C1087,2026-06-28,bar,12-bar box,d2c,weight_loss,yes
O04046,C1146,2026-06-28,bar,12-bar box,marketplace,endurance,no
O04047,C1312,2026-06-28,bar,12-bar box,marketplace,vegetarian,no
O04048,C1530,2026-06-28,bar,12-bar box,marketplace,gym_regular,no
O04049,C1643,2026-06-28,bar,12-bar box,marketplace,gym_regular,no
O04050,C1675,2026-06-28,bar,12-bar box,d2c,weight_loss,yes
O04051,C1708,2026-06-28,bar,12-bar box,d2c,weight_loss,no
O04052,C2108,2026-06-28,bar,12-bar box,d2c,endurance,no
O04053,C2119,2026-06-28,bar,12-bar box,d2c,beginner,no
O04054,C2124,2026-06-28,bar,12-bar box,d2c,vegetarian,no
O04055,C2358,2026-06-28,bar,12-bar box,d2c,beginner,yes
O04056,C2700,2026-06-28,bar,12-bar box,marketplace,gym_regular,no
O04057,C2811,2026-06-28,bar,12-bar box,d2c,gym_regular,yes
O04058,C2905,2026-06-28,bar,12-bar box,d2c,gym_regular,yes
O04059,C3225,2026-06-28,bar,12-bar box,marketplace,weight_loss,no
O04060,C3307,2026-06-28,bar,12-bar box,d2c,beginner,no
O04061,C3446,2026-06-28,bar,12-bar box,d2c,gym_regular,no
O04062,C3543,2026-06-28,bar,12-bar box,d2c,gym_regular,yes
O04063,C3586,2026-06-28,bar,12-bar box,d2c,gym_regular,yes
O04064,C3679,2026-06-28,bar,12-bar box,marketplace,vegetarian,no
O04065,C3756,2026-06-28,bar,12-bar box,marketplace,beginner,no
O04066,C3789,2026-06-28,bar,12-bar box,d2c,beginner,no
O04067,C3816,2026-06-28,bar,12-bar box,d2c,beginner,no
O04068,C0100,2026-06-29,bar,12-bar box,d2c,gym_regular,no
O04069,C0308,2026-06-29,bar,12-bar box,d2c,vegetarian,no
O04070,C0333,2026-06-29,bar,12-bar box,d2c,gym_regular,no
O04071,C0461,2026-06-29,bar,12-bar box,d2c,weight_loss,no
O04072,C0743,2026-06-29,bar,12-bar box,d2c,weight_loss,yes
O04073,C1052,2026-06-29,bar,12-bar box,d2c,gym_regular,no
O04074,C1160,2026-06-29,bar,12-bar box,d2c,gym_regular,no
O04075,C1303,2026-06-29,bar,12-bar box,d2c,weight_loss,no
O04076,C1378,2026-06-29,bar,12-bar box,d2c,beginner,yes
O04077,C1404,2026-06-29,bar,12-bar box,marketplace,endurance,no
O04078,C1414,2026-06-29,bar,12-bar box,d2c,gym_regular,no
O04079,C1528,2026-06-29,bar,12-bar box,d2c,gym_regular,yes
O04080,C1692,2026-06-29,bar,12-bar box,marketplace,weight_loss,no
O04081,C1696,2026-06-29,bar,12-bar box,marketplace,vegetarian,no
O04082,C1945,2026-06-29,bar,12-bar box,marketplace,beginner,no
O04083,C2027,2026-06-29,bar,12-bar box,marketplace,gym_regular,no
O04084,C2247,2026-06-29,bar,12-bar box,marketplace,vegetarian,no
O04085,C2270,2026-06-29,bar,12-bar box,d2c,beginner,no
O04086,C2465,2026-06-29,bar,12-bar box,marketplace,vegetarian,no
O04087,C2584,2026-06-29,bar,12-bar box,d2c,endurance,yes
O04088,C2642,2026-06-29,bar,12-bar box,d2c,gym_regular,yes
O04089,C2682,2026-06-29,bar,12-bar box,marketplace,beginner,no
O04090,C2683,2026-06-29,bar,12-bar box,d2c,weight_loss,no
O04091,C3035,2026-06-29,bar,12-bar box,marketplace,gym_regular,no
O04092,C3250,2026-06-29,bar,12-bar box,d2c,weight_loss,no
O04093,C3414,2026-06-29,bar,12-bar box,marketplace,gym_regular,no
O04094,C3418,2026-06-29,bar,12-bar box,d2c,gym_regular,no
O04095,C3512,2026-06-29,bar,12-bar box,d2c,gym_regular,no
O04096,C3527,2026-06-29,bar,12-bar box,d2c,gym_regular,no
O04097,C3752,2026-06-29,bar,12-bar box,d2c,gym_regular,yes
O04098,C3859,2026-06-29,bar,12-bar box,d2c,weight_loss,no
O04099,C3864,2026-06-29,bar,12-bar box,marketplace,gym_regular,no
O04100,C3949,2026-06-29,bar,12-bar box,marketplace,beginner,no
O04101,C0493,2026-06-30,bar,12-bar box,d2c,gym_regular,no
O04102,C0530,2026-06-30,bar,12-bar box,marketplace,beginner,no
O04103,C0673,2026-06-30,bar,12-bar box,marketplace,weight_loss,no
O04104,C0974,2026-06-30,bar,12-bar box,marketplace,weight_loss,no
O04105,C0992,2026-06-30,bar,12-bar box,d2c,endurance,no
O04106,C1012,2026-06-30,bar,12-bar box,d2c,vegetarian,no
O04107,C1065,2026-06-30,bar,12-bar box,marketplace,gym_regular,no
O04108,C1265,2026-06-30,bar,12-bar box,marketplace,gym_regular,no
O04109,C1334,2026-06-30,bar,12-bar box,marketplace,gym_regular,no
O04110,C1339,2026-06-30,bar,12-bar box,d2c,gym_regular,no
O04111,C1428,2026-06-30,bar,12-bar box,marketplace,weight_loss,no
O04112,C1581,2026-06-30,bar,12-bar box,d2c,endurance,no
O04113,C1746,2026-06-30,bar,12-bar box,d2c,beginner,yes
O04114,C1972,2026-06-30,bar,12-bar box,marketplace,weight_loss,no
O04115,C2133,2026-06-30,bar,12-bar box,marketplace,beginner,no
O04116,C2378,2026-06-30,bar,12-bar box,marketplace,beginner,no
O04117,C2440,2026-06-30,bar,12-bar box,marketplace,endurance,no
O04118,C2547,2026-06-30,bar,12-bar box,marketplace,gym_regular,no
O04119,C2716,2026-06-30,bar,12-bar box,d2c,beginner,yes
O04120,C2849,2026-06-30,bar,12-bar box,d2c,endurance,no
O04121,C2881,2026-06-30,bar,12-bar box,marketplace,weight_loss,no
O04122,C2925,2026-06-30,bar,12-bar box,marketplace,endurance,no
O04123,C3107,2026-06-30,bar,12-bar box,d2c,gym_regular,no
O04124,C3115,2026-06-30,bar,12-bar box,d2c,weight_loss,yes
O04125,C3187,2026-06-30,bar,12-bar box,d2c,beginner,no
O04126,C3210,2026-06-30,bar,12-bar box,marketplace,weight_loss,no
O04127,C3212,2026-06-30,bar,12-bar box,marketplace,vegetarian,no
O04128,C3286,2026-06-30,bar,12-bar box,marketplace,gym_regular,no
O04129,C3357,2026-06-30,bar,12-bar box,marketplace,gym_regular,no
O04130,C3392,2026-06-30,bar,12-bar box,d2c,gym_regular,no
O04131,C3464,2026-06-30,bar,12-bar box,marketplace,vegetarian,no
O04132,C3546,2026-06-30,bar,12-bar box,d2c,gym_regular,no
O04133,C3685,2026-06-30,bar,12-bar box,marketplace,beginner,no
O04134,C3704,2026-06-30,bar,12-bar box,d2c,vegetarian,no
O04135,C3865,2026-06-30,bar,12-bar box,marketplace,gym_regular,no
O04136,C0017,2026-07-01,bar,12-bar box,marketplace,weight_loss,no
O04137,C0109,2026-07-01,bar,12-bar box,marketplace,gym_regular,no
O04138,C0205,2026-07-01,bar,12-bar box,d2c,weight_loss,no
O04139,C0208,2026-07-01,bar,12-bar box,d2c,weight_loss,yes
O04140,C0265,2026-07-01,bar,12-bar box,marketplace,endurance,no
O04141,C0454,2026-07-01,bar,12-bar box,d2c,endurance,no
O04142,C0584,2026-07-01,bar,12-bar box,d2c,gym_regular,no
O04143,C0627,2026-07-01,bar,12-bar box,d2c,beginner,no
O04144,C0777,2026-07-01,bar,12-bar box,d2c,gym_regular,no
O04145,C0867,2026-07-01,bar,12-bar box,marketplace,weight_loss,no
O04146,C0879,2026-07-01,bar,12-bar box,d2c,beginner,no
O04147,C0961,2026-07-01,bar,12-bar box,marketplace,gym_regular,no
O04148,C1149,2026-07-01,bar,12-bar box,d2c,gym_regular,yes
O04149,C1188,2026-07-01,bar,12-bar box,d2c,gym_regular,yes
O04150,C1263,2026-07-01,bar,12-bar box,marketplace,beginner,no
O04151,C1304,2026-07-01,bar,12-bar box,d2c,gym_regular,no
O04152,C1316,2026-07-01,bar,12-bar box,marketplace,vegetarian,no
O04153,C1751,2026-07-01,bar,12-bar box,d2c,gym_regular,no
O04154,C2072,2026-07-01,bar,12-bar box,d2c,beginner,no
O04155,C2090,2026-07-01,bar,12-bar box,d2c,gym_regular,yes
O04156,C2307,2026-07-01,bar,12-bar box,d2c,weight_loss,no
O04157,C2311,2026-07-01,bar,12-bar box,marketplace,vegetarian,no
O04158,C2347,2026-07-01,bar,12-bar box,marketplace,gym_regular,no
O04159,C2502,2026-07-01,bar,12-bar box,marketplace,weight_loss,no
O04160,C2523,2026-07-01,bar,12-bar box,marketplace,gym_regular,no
O04161,C2551,2026-07-01,bar,12-bar box,d2c,vegetarian,yes
O04162,C2593,2026-07-01,bar,12-bar box,d2c,weight_loss,yes
O04163,C2610,2026-07-01,bar,12-bar box,marketplace,gym_regular,no
O04164,C2824,2026-07-01,bar,12-bar box,d2c,endurance,no
O04165,C2894,2026-07-01,bar,12-bar box,d2c,endurance,no
O04166,C3040,2026-07-01,bar,12-bar box,marketplace,weight_loss,no
O04167,C3057,2026-07-01,bar,12-bar box,d2c,gym_regular,yes
O04168,C3118,2026-07-01,bar,12-bar box,marketplace,endurance,no
O04169,C3217,2026-07-01,bar,12-bar box,d2c,vegetarian,yes
O04170,C3262,2026-07-01,bar,12-bar box,marketplace,endurance,no
O04171,C3378,2026-07-01,bar,12-bar box,marketplace,gym_regular,no
O04172,C3563,2026-07-01,bar,12-bar box,d2c,weight_loss,yes
O04173,C3790,2026-07-01,bar,12-bar box,marketplace,weight_loss,no
O04174,C3963,2026-07-01,bar,12-bar box,marketplace,weight_loss,no
O04175,C3964,2026-07-01,bar,12-bar box,marketplace,weight_loss,no
O04176,C0274,2026-07-02,bar,12-bar box,marketplace,weight_loss,no
O04177,C0423,2026-07-02,bar,12-bar box,d2c,gym_regular,yes
O04178,C0672,2026-07-02,bar,12-bar box,d2c,endurance,no
O04179,C0735,2026-07-02,bar,12-bar box,d2c,vegetarian,no
O04180,C0753,2026-07-02,bar,12-bar box,marketplace,gym_regular,no
O04181,C0771,2026-07-02,bar,12-bar box,d2c,vegetarian,yes
O04182,C0901,2026-07-02,bar,12-bar box,d2c,weight_loss,yes
O04183,C1037,2026-07-02,bar,12-bar box,marketplace,weight_loss,no
O04184,C1098,2026-07-02,bar,12-bar box,marketplace,gym_regular,no
O04185,C1166,2026-07-02,bar,12-bar box,marketplace,vegetarian,no
O04186,C1224,2026-07-02,bar,12-bar box,marketplace,vegetarian,no
O04187,C1356,2026-07-02,bar,12-bar box,marketplace,gym_regular,no
O04188,C1357,2026-07-02,bar,12-bar box,d2c,gym_regular,yes
O04189,C1634,2026-07-02,bar,12-bar box,marketplace,weight_loss,no
O04190,C1664,2026-07-02,bar,12-bar box,d2c,weight_loss,yes
O04191,C1882,2026-07-02,bar,12-bar box,d2c,endurance,yes
O04192,C1894,2026-07-02,bar,12-bar box,marketplace,gym_regular,no
O04193,C1981,2026-07-02,bar,12-bar box,d2c,gym_regular,no
O04194,C1985,2026-07-02,bar,12-bar box,d2c,weight_loss,yes
O04195,C2127,2026-07-02,bar,12-bar box,d2c,beginner,yes
O04196,C2346,2026-07-02,bar,12-bar box,marketplace,gym_regular,no
O04197,C2368,2026-07-02,bar,12-bar box,d2c,gym_regular,yes
O04198,C2417,2026-07-02,bar,12-bar box,marketplace,weight_loss,no
O04199,C2456,2026-07-02,bar,12-bar box,d2c,gym_regular,no
O04200,C2482,2026-07-02,bar,12-bar box,d2c,gym_regular,yes
O04201,C2549,2026-07-02,bar,12-bar box,marketplace,gym_regular,no
O04202,C2552,2026-07-02,bar,12-bar box,d2c,gym_regular,yes
O04203,C2621,2026-07-02,bar,12-bar box,d2c,gym_regular,yes
O04204,C2672,2026-07-02,bar,12-bar box,d2c,beginner,yes
O04205,C2715,2026-07-02,bar,12-bar box,d2c,endurance,yes
O04206,C2834,2026-07-02,bar,12-bar box,marketplace,gym_regular,no
O04207,C2942,2026-07-02,bar,12-bar box,marketplace,gym_regular,no
O04208,C3041,2026-07-02,bar,12-bar box,marketplace,gym_regular,no
O04209,C3066,2026-07-02,bar,12-bar box,marketplace,gym_regular,no
O04210,C3350,2026-07-02,bar,12-bar box,marketplace,vegetarian,no
O04211,C3510,2026-07-02,bar,12-bar box,marketplace,gym_regular,no
O04212,C3778,2026-07-02,bar,12-bar box,marketplace,endurance,no
O04213,C3873,2026-07-02,bar,12-bar box,marketplace,beginner,no
O04214,C3877,2026-07-02,bar,12-bar box,marketplace,weight_loss,no
O04215,C0040,2026-07-03,bar,12-bar box,marketplace,vegetarian,no
O04216,C0080,2026-07-03,bar,12-bar box,d2c,weight_loss,no
O04217,C0201,2026-07-03,bar,12-bar box,marketplace,vegetarian,no
O04218,C0215,2026-07-03,bar,12-bar box,d2c,gym_regular,no
O04219,C0482,2026-07-03,bar,12-bar box,d2c,gym_regular,yes
O04220,C0662,2026-07-03,bar,12-bar box,d2c,endurance,yes
O04221,C0664,2026-07-03,bar,12-bar box,marketplace,beginner,no
O04222,C0705,2026-07-03,bar,12-bar box,d2c,vegetarian,no
O04223,C0827,2026-07-03,bar,12-bar box,marketplace,weight_loss,no
O04224,C0872,2026-07-03,bar,12-bar box,marketplace,weight_loss,no
O04225,C1010,2026-07-03,bar,12-bar box,marketplace,endurance,no
O04226,C1075,2026-07-03,bar,12-bar box,d2c,beginner,yes
O04227,C1626,2026-07-03,bar,12-bar box,d2c,endurance,no
O04228,C1629,2026-07-03,bar,12-bar box,d2c,gym_regular,yes
O04229,C1639,2026-07-03,bar,12-bar box,d2c,gym_regular,yes
O04230,C1694,2026-07-03,bar,12-bar box,marketplace,vegetarian,no
O04231,C1710,2026-07-03,bar,12-bar box,marketplace,beginner,no
O04232,C1987,2026-07-03,bar,12-bar box,d2c,vegetarian,no
O04233,C2104,2026-07-03,bar,12-bar box,marketplace,gym_regular,no
O04234,C2138,2026-07-03,bar,12-bar box,d2c,endurance,yes
O04235,C2755,2026-07-03,bar,12-bar box,d2c,endurance,no
O04236,C2807,2026-07-03,bar,12-bar box,marketplace,gym_regular,no
O04237,C2861,2026-07-03,bar,12-bar box,marketplace,vegetarian,no
O04238,C3011,2026-07-03,bar,12-bar box,d2c,gym_regular,no
O04239,C3163,2026-07-03,bar,12-bar box,d2c,endurance,no
O04240,C3171,2026-07-03,bar,12-bar box,d2c,vegetarian,yes
O04241,C3237,2026-07-03,bar,12-bar box,marketplace,weight_loss,no
O04242,C3603,2026-07-03,bar,12-bar box,d2c,endurance,no
O04243,C3744,2026-07-03,bar,12-bar box,marketplace,gym_regular,no
O04244,C3943,2026-07-03,bar,12-bar box,d2c,weight_loss,no
O04245,C0002,2026-07-04,bar,12-bar box,d2c,vegetarian,no
O04246,C0004,2026-07-04,bar,12-bar box,d2c,gym_regular,yes
O04247,C0220,2026-07-04,bar,12-bar box,marketplace,weight_loss,no
O04248,C0320,2026-07-04,bar,12-bar box,marketplace,weight_loss,no
O04249,C0448,2026-07-04,bar,12-bar box,d2c,weight_loss,no
O04250,C0466,2026-07-04,bar,12-bar box,marketplace,vegetarian,no
O04251,C0553,2026-07-04,bar,12-bar box,d2c,endurance,yes
O04252,C0618,2026-07-04,bar,12-bar box,d2c,endurance,no
O04253,C0632,2026-07-04,bar,12-bar box,d2c,weight_loss,yes
O04254,C0634,2026-07-04,bar,12-bar box,marketplace,beginner,no
O04255,C0660,2026-07-04,bar,12-bar box,d2c,gym_regular,yes
O04256,C0856,2026-07-04,bar,12-bar box,d2c,gym_regular,yes
O04257,C1083,2026-07-04,bar,12-bar box,d2c,weight_loss,no
O04258,C1448,2026-07-04,bar,12-bar box,d2c,vegetarian,no
O04259,C1546,2026-07-04,bar,12-bar box,marketplace,beginner,no
O04260,C1562,2026-07-04,bar,12-bar box,d2c,weight_loss,no
O04261,C1770,2026-07-04,bar,12-bar box,d2c,gym_regular,yes
O04262,C1772,2026-07-04,bar,12-bar box,d2c,vegetarian,yes
O04263,C1873,2026-07-04,bar,12-bar box,marketplace,beginner,no
O04264,C2331,2026-07-04,bar,12-bar box,marketplace,vegetarian,no
O04265,C2526,2026-07-04,bar,12-bar box,marketplace,gym_regular,no
O04266,C2587,2026-07-04,bar,12-bar box,d2c,vegetarian,yes
O04267,C2743,2026-07-04,bar,12-bar box,marketplace,beginner,no
O04268,C2893,2026-07-04,bar,12-bar box,marketplace,beginner,no
O04269,C3062,2026-07-04,bar,12-bar box,marketplace,beginner,no
O04270,C3073,2026-07-04,bar,12-bar box,d2c,beginner,yes
O04271,C3173,2026-07-04,bar,12-bar box,marketplace,gym_regular,no
O04272,C3207,2026-07-04,bar,12-bar box,d2c,weight_loss,no
O04273,C3275,2026-07-04,bar,12-bar box,marketplace,beginner,no
O04274,C3297,2026-07-04,bar,12-bar box,d2c,gym_regular,no
O04275,C3757,2026-07-04,bar,12-bar box,d2c,gym_regular,no
O04276,C3784,2026-07-04,bar,12-bar box,marketplace,weight_loss,no
O04277,C3872,2026-07-04,bar,12-bar box,marketplace,gym_regular,no
O04278,C0278,2026-07-05,bar,12-bar box,d2c,vegetarian,yes
O04279,C0288,2026-07-05,bar,12-bar box,d2c,vegetarian,yes
O04280,C0339,2026-07-05,bar,12-bar box,marketplace,endurance,no
O04281,C0348,2026-07-05,bar,12-bar box,marketplace,vegetarian,no
O04282,C0523,2026-07-05,bar,12-bar box,marketplace,endurance,no
O04283,C0581,2026-07-05,bar,12-bar box,marketplace,weight_loss,no
O04284,C0784,2026-07-05,bar,12-bar box,d2c,gym_regular,no
O04285,C0850,2026-07-05,bar,12-bar box,marketplace,gym_regular,no
O04286,C1093,2026-07-05,bar,12-bar box,marketplace,gym_regular,no
O04287,C1110,2026-07-05,bar,12-bar box,d2c,gym_regular,no
O04288,C1462,2026-07-05,bar,12-bar box,d2c,gym_regular,no
O04289,C1714,2026-07-05,bar,12-bar box,marketplace,beginner,no
O04290,C1950,2026-07-05,bar,12-bar box,d2c,beginner,no
O04291,C2291,2026-07-05,bar,12-bar box,marketplace,beginner,no
O04292,C2319,2026-07-05,bar,12-bar box,marketplace,weight_loss,no
O04293,C2689,2026-07-05,bar,12-bar box,marketplace,endurance,no
O04294,C2762,2026-07-05,bar,12-bar box,marketplace,beginner,no
O04295,C2879,2026-07-05,bar,12-bar box,d2c,gym_regular,yes
O04296,C2902,2026-07-05,bar,12-bar box,marketplace,weight_loss,no
O04297,C3112,2026-07-05,bar,12-bar box,marketplace,endurance,no
O04298,C3754,2026-07-05,bar,12-bar box,d2c,gym_regular,no
O04299,C0028,2026-07-06,bar,12-bar box,marketplace,endurance,no
O04300,C0162,2026-07-06,bar,12-bar box,marketplace,beginner,no
O04301,C0400,2026-07-06,bar,12-bar box,d2c,weight_loss,no
O04302,C0405,2026-07-06,bar,12-bar box,d2c,gym_regular,yes
O04303,C0424,2026-07-06,bar,12-bar box,d2c,gym_regular,yes
O04304,C0636,2026-07-06,bar,12-bar box,d2c,gym_regular,no
O04305,C0644,2026-07-06,bar,12-bar box,marketplace,beginner,no
O04306,C0723,2026-07-06,bar,12-bar box,d2c,weight_loss,no
O04307,C0778,2026-07-06,bar,12-bar box,marketplace,endurance,no
O04308,C0852,2026-07-06,bar,12-bar box,marketplace,beginner,no
O04309,C0900,2026-07-06,bar,12-bar box,marketplace,endurance,no
O04310,C0906,2026-07-06,bar,12-bar box,d2c,weight_loss,no
O04311,C0945,2026-07-06,bar,12-bar box,marketplace,weight_loss,no
O04312,C1603,2026-07-06,bar,12-bar box,d2c,endurance,yes
O04313,C1653,2026-07-06,bar,12-bar box,d2c,weight_loss,yes
O04314,C1699,2026-07-06,bar,12-bar box,d2c,beginner,no
O04315,C1711,2026-07-06,bar,12-bar box,d2c,beginner,yes
O04316,C1783,2026-07-06,bar,12-bar box,d2c,vegetarian,yes
O04317,C2146,2026-07-06,bar,12-bar box,d2c,weight_loss,yes
O04318,C2181,2026-07-06,bar,12-bar box,marketplace,vegetarian,no
O04319,C2262,2026-07-06,bar,12-bar box,d2c,gym_regular,yes
O04320,C2281,2026-07-06,bar,12-bar box,d2c,gym_regular,no
O04321,C2564,2026-07-06,bar,12-bar box,d2c,gym_regular,yes
O04322,C2717,2026-07-06,bar,12-bar box,d2c,gym_regular,yes
O04323,C2740,2026-07-06,bar,12-bar box,marketplace,beginner,no
O04324,C3007,2026-07-06,bar,12-bar box,marketplace,endurance,no
O04325,C3140,2026-07-06,bar,12-bar box,d2c,endurance,yes
O04326,C3182,2026-07-06,bar,12-bar box,d2c,gym_regular,yes
O04327,C3263,2026-07-06,bar,12-bar box,marketplace,gym_regular,no
O04328,C3276,2026-07-06,bar,12-bar box,d2c,weight_loss,yes
O04329,C3301,2026-07-06,bar,12-bar box,d2c,vegetarian,yes
O04330,C3310,2026-07-06,bar,12-bar box,d2c,endurance,yes
O04331,C3381,2026-07-06,bar,12-bar box,d2c,gym_regular,no
O04332,C3383,2026-07-06,bar,12-bar box,d2c,gym_regular,yes
O04333,C3419,2026-07-06,bar,12-bar box,marketplace,gym_regular,no
O04334,C3505,2026-07-06,bar,12-bar box,marketplace,vegetarian,no
O04335,C3594,2026-07-06,bar,12-bar box,d2c,endurance,no
O04336,C3595,2026-07-06,bar,12-bar box,marketplace,weight_loss,no
O04337,C3626,2026-07-06,bar,12-bar box,marketplace,vegetarian,no
O04338,C3631,2026-07-06,bar,12-bar box,d2c,gym_regular,no
O04339,C3767,2026-07-06,bar,12-bar box,marketplace,gym_regular,no
O04340,C0019,2026-07-07,bar,12-bar box,d2c,vegetarian,no
O04341,C0039,2026-07-07,bar,12-bar box,marketplace,weight_loss,no
O04342,C0089,2026-07-07,bar,12-bar box,d2c,weight_loss,no
O04343,C0183,2026-07-07,bar,12-bar box,marketplace,gym_regular,no
O04344,C0429,2026-07-07,bar,12-bar box,d2c,gym_regular,no
O04345,C0507,2026-07-07,bar,12-bar box,marketplace,gym_regular,no
O04346,C0577,2026-07-07,bar,12-bar box,d2c,vegetarian,no
O04347,C0589,2026-07-07,bar,12-bar box,marketplace,gym_regular,no
O04348,C0594,2026-07-07,bar,12-bar box,d2c,endurance,yes
O04349,C0598,2026-07-07,bar,12-bar box,d2c,weight_loss,yes
O04350,C0684,2026-07-07,bar,12-bar box,marketplace,weight_loss,no
O04351,C0752,2026-07-07,bar,12-bar box,marketplace,endurance,no
O04352,C0836,2026-07-07,bar,12-bar box,d2c,weight_loss,yes
O04353,C1007,2026-07-07,bar,12-bar box,marketplace,vegetarian,no
O04354,C1017,2026-07-07,bar,12-bar box,marketplace,beginner,no
O04355,C1088,2026-07-07,bar,12-bar box,d2c,vegetarian,yes
O04356,C1113,2026-07-07,bar,12-bar box,d2c,vegetarian,yes
O04357,C1155,2026-07-07,bar,12-bar box,d2c,gym_regular,yes
O04358,C1183,2026-07-07,bar,12-bar box,d2c,beginner,yes
O04359,C1270,2026-07-07,bar,12-bar box,marketplace,endurance,no
O04360,C1648,2026-07-07,bar,12-bar box,d2c,gym_regular,no
O04361,C1668,2026-07-07,bar,12-bar box,d2c,gym_regular,no
O04362,C1678,2026-07-07,bar,12-bar box,d2c,gym_regular,yes
O04363,C1680,2026-07-07,bar,12-bar box,d2c,gym_regular,yes
O04364,C1819,2026-07-07,bar,12-bar box,marketplace,weight_loss,no
O04365,C1991,2026-07-07,bar,12-bar box,d2c,weight_loss,no
O04366,C2004,2026-07-07,bar,12-bar box,marketplace,gym_regular,no
O04367,C2256,2026-07-07,bar,12-bar box,d2c,gym_regular,no
O04368,C2271,2026-07-07,bar,12-bar box,d2c,beginner,no
O04369,C2330,2026-07-07,bar,12-bar box,d2c,vegetarian,no
O04370,C2603,2026-07-07,bar,12-bar box,d2c,beginner,no
O04371,C2739,2026-07-07,bar,12-bar box,d2c,vegetarian,no
O04372,C2962,2026-07-07,bar,12-bar box,d2c,gym_regular,yes
O04373,C3189,2026-07-07,bar,12-bar box,d2c,gym_regular,yes
O04374,C3215,2026-07-07,bar,12-bar box,marketplace,vegetarian,no
O04375,C3255,2026-07-07,bar,12-bar box,marketplace,endurance,no
O04376,C3371,2026-07-07,bar,12-bar box,d2c,gym_regular,yes
O04377,C3602,2026-07-07,bar,12-bar box,d2c,weight_loss,no
O04378,C3802,2026-07-07,bar,12-bar box,marketplace,beginner,no
O04379,C3919,2026-07-07,bar,12-bar box,d2c,beginner,yes
O04380,C3988,2026-07-07,bar,12-bar box,marketplace,gym_regular,no
O04381,C0091,2026-07-08,bar,12-bar box,d2c,gym_regular,no
O04382,C0145,2026-07-08,bar,12-bar box,marketplace,gym_regular,no
O04383,C0155,2026-07-08,bar,12-bar box,marketplace,vegetarian,no
O04384,C0392,2026-07-08,bar,12-bar box,d2c,gym_regular,no
O04385,C0481,2026-07-08,bar,12-bar box,marketplace,gym_regular,no
O04386,C0528,2026-07-08,bar,12-bar box,marketplace,endurance,no
O04387,C0560,2026-07-08,bar,12-bar box,d2c,vegetarian,yes
O04388,C0775,2026-07-08,bar,12-bar box,d2c,gym_regular,yes
O04389,C0853,2026-07-08,bar,12-bar box,marketplace,gym_regular,no
O04390,C0959,2026-07-08,bar,12-bar box,d2c,beginner,yes
O04391,C1205,2026-07-08,bar,12-bar box,d2c,vegetarian,no
O04392,C1245,2026-07-08,bar,12-bar box,d2c,weight_loss,yes
O04393,C1252,2026-07-08,bar,12-bar box,marketplace,gym_regular,no
O04394,C1355,2026-07-08,bar,12-bar box,marketplace,gym_regular,no
O04395,C1385,2026-07-08,bar,12-bar box,marketplace,vegetarian,no
O04396,C1425,2026-07-08,bar,12-bar box,d2c,gym_regular,yes
O04397,C1731,2026-07-08,bar,12-bar box,d2c,gym_regular,yes
O04398,C1756,2026-07-08,bar,12-bar box,d2c,vegetarian,yes
O04399,C1861,2026-07-08,bar,12-bar box,d2c,vegetarian,no
O04400,C2109,2026-07-08,bar,12-bar box,d2c,beginner,yes
O04401,C2155,2026-07-08,bar,12-bar box,d2c,beginner,yes
O04402,C2369,2026-07-08,bar,12-bar box,marketplace,weight_loss,no
O04403,C2472,2026-07-08,bar,12-bar box,marketplace,gym_regular,no
O04404,C2630,2026-07-08,bar,12-bar box,marketplace,weight_loss,no
O04405,C2631,2026-07-08,bar,12-bar box,marketplace,weight_loss,no
O04406,C2945,2026-07-08,bar,12-bar box,d2c,vegetarian,no
O04407,C3087,2026-07-08,bar,12-bar box,marketplace,gym_regular,no
O04408,C3100,2026-07-08,bar,12-bar box,d2c,gym_regular,no
O04409,C3129,2026-07-08,bar,12-bar box,marketplace,weight_loss,no
O04410,C3303,2026-07-08,bar,12-bar box,marketplace,gym_regular,no
O04411,C3421,2026-07-08,bar,12-bar box,d2c,beginner,yes
O04412,C3436,2026-07-08,bar,12-bar box,d2c,beginner,no
O04413,C3460,2026-07-08,bar,12-bar box,marketplace,weight_loss,no
O04414,C3516,2026-07-08,bar,12-bar box,d2c,gym_regular,no
O04415,C3519,2026-07-08,bar,12-bar box,marketplace,vegetarian,no
O04416,C3554,2026-07-08,bar,12-bar box,marketplace,weight_loss,no
O04417,C3583,2026-07-08,bar,12-bar box,d2c,weight_loss,no
O04418,C3596,2026-07-08,bar,12-bar box,d2c,vegetarian,no
O04419,C3740,2026-07-08,bar,12-bar box,d2c,beginner,no
O04420,C3849,2026-07-08,bar,12-bar box,d2c,gym_regular,yes
O04421,C3961,2026-07-08,bar,12-bar box,marketplace,gym_regular,no
O04422,C0030,2026-07-09,bar,12-bar box,d2c,weight_loss,yes
O04423,C0202,2026-07-09,bar,12-bar box,d2c,gym_regular,yes
O04424,C0307,2026-07-09,bar,12-bar box,marketplace,vegetarian,no
O04425,C0366,2026-07-09,bar,12-bar box,marketplace,beginner,no
O04426,C0397,2026-07-09,bar,12-bar box,marketplace,endurance,no
O04427,C0416,2026-07-09,bar,12-bar box,d2c,weight_loss,yes
O04428,C0499,2026-07-09,bar,12-bar box,marketplace,beginner,no
O04429,C0617,2026-07-09,bar,12-bar box,d2c,gym_regular,yes
O04430,C0628,2026-07-09,bar,12-bar box,marketplace,beginner,no
O04431,C0749,2026-07-09,bar,12-bar box,d2c,vegetarian,no
O04432,C0758,2026-07-09,bar,12-bar box,d2c,endurance,no
O04433,C0799,2026-07-09,bar,12-bar box,d2c,gym_regular,yes
O04434,C0808,2026-07-09,bar,12-bar box,marketplace,vegetarian,no
O04435,C0914,2026-07-09,bar,12-bar box,d2c,weight_loss,no
O04436,C0928,2026-07-09,bar,12-bar box,marketplace,vegetarian,no
O04437,C0979,2026-07-09,bar,12-bar box,d2c,gym_regular,no
O04438,C1279,2026-07-09,bar,12-bar box,d2c,vegetarian,no
O04439,C1362,2026-07-09,bar,12-bar box,d2c,vegetarian,no
O04440,C1502,2026-07-09,bar,12-bar box,marketplace,gym_regular,no
O04441,C1527,2026-07-09,bar,12-bar box,marketplace,endurance,no
O04442,C1624,2026-07-09,bar,12-bar box,d2c,gym_regular,no
O04443,C1628,2026-07-09,bar,12-bar box,marketplace,gym_regular,no
O04444,C1895,2026-07-09,bar,12-bar box,marketplace,gym_regular,no
O04445,C2049,2026-07-09,bar,12-bar box,d2c,weight_loss,yes
O04446,C2167,2026-07-09,bar,12-bar box,d2c,beginner,no
O04447,C2394,2026-07-09,bar,12-bar box,marketplace,gym_regular,no
O04448,C2488,2026-07-09,bar,12-bar box,marketplace,beginner,no
O04449,C2637,2026-07-09,bar,12-bar box,d2c,gym_regular,no
O04450,C2758,2026-07-09,bar,12-bar box,marketplace,vegetarian,no
O04451,C3084,2026-07-09,bar,12-bar box,marketplace,gym_regular,no
O04452,C3110,2026-07-09,bar,12-bar box,d2c,gym_regular,yes
O04453,C3145,2026-07-09,bar,12-bar box,marketplace,weight_loss,no
O04454,C3497,2026-07-09,bar,12-bar box,d2c,endurance,yes
O04455,C3653,2026-07-09,bar,12-bar box,marketplace,vegetarian,no
O04456,C3819,2026-07-09,bar,12-bar box,d2c,weight_loss,yes
O04457,C3962,2026-07-09,bar,12-bar box,marketplace,beginner,no
O04458,C0140,2026-07-10,bar,12-bar box,d2c,endurance,yes
O04459,C0144,2026-07-10,bar,12-bar box,d2c,weight_loss,yes
O04460,C0326,2026-07-10,bar,12-bar box,d2c,gym_regular,no
O04461,C0496,2026-07-10,bar,12-bar box,d2c,gym_regular,no
O04462,C0522,2026-07-10,bar,12-bar box,marketplace,beginner,no
O04463,C0537,2026-07-10,bar,12-bar box,d2c,gym_regular,no
O04464,C0573,2026-07-10,bar,12-bar box,d2c,endurance,no
O04465,C0614,2026-07-10,bar,12-bar box,d2c,vegetarian,yes
O04466,C0623,2026-07-10,bar,12-bar box,marketplace,gym_regular,no
O04467,C0665,2026-07-10,bar,12-bar box,marketplace,beginner,no
O04468,C0730,2026-07-10,bar,12-bar box,d2c,gym_regular,yes
O04469,C0772,2026-07-10,bar,12-bar box,marketplace,gym_regular,no
O04470,C0855,2026-07-10,bar,12-bar box,d2c,weight_loss,yes
O04471,C0936,2026-07-10,bar,12-bar box,marketplace,gym_regular,no
O04472,C1154,2026-07-10,bar,12-bar box,d2c,endurance,yes
O04473,C1264,2026-07-10,bar,12-bar box,marketplace,gym_regular,no
O04474,C1386,2026-07-10,bar,12-bar box,marketplace,gym_regular,no
O04475,C1535,2026-07-10,bar,12-bar box,d2c,gym_regular,yes
O04476,C1568,2026-07-10,bar,12-bar box,d2c,vegetarian,no
O04477,C1604,2026-07-10,bar,12-bar box,d2c,beginner,no
O04478,C1805,2026-07-10,bar,12-bar box,d2c,gym_regular,yes
O04479,C1958,2026-07-10,bar,12-bar box,marketplace,beginner,no
O04480,C2089,2026-07-10,bar,12-bar box,d2c,weight_loss,yes
O04481,C2361,2026-07-10,bar,12-bar box,d2c,vegetarian,yes
O04482,C2386,2026-07-10,bar,12-bar box,marketplace,beginner,no
O04483,C2458,2026-07-10,bar,12-bar box,d2c,endurance,no
O04484,C2481,2026-07-10,bar,12-bar box,d2c,vegetarian,no
O04485,C2525,2026-07-10,bar,12-bar box,marketplace,weight_loss,no
O04486,C2695,2026-07-10,bar,12-bar box,d2c,weight_loss,yes
O04487,C2712,2026-07-10,bar,12-bar box,marketplace,beginner,no
O04488,C2801,2026-07-10,bar,12-bar box,d2c,gym_regular,no
O04489,C2895,2026-07-10,bar,12-bar box,marketplace,endurance,no
O04490,C2998,2026-07-10,bar,12-bar box,marketplace,vegetarian,no
O04491,C3249,2026-07-10,bar,12-bar box,marketplace,gym_regular,no
O04492,C3396,2026-07-10,bar,12-bar box,marketplace,weight_loss,no
O04493,C3524,2026-07-10,bar,12-bar box,d2c,endurance,no
O04494,C3559,2026-07-10,bar,12-bar box,d2c,gym_regular,no
O04495,C3674,2026-07-10,bar,12-bar box,marketplace,endurance,no
O04496,C3948,2026-07-10,bar,12-bar box,d2c,weight_loss,no
O04497,C0016,2026-07-11,bar,12-bar box,d2c,vegetarian,yes
O04498,C0083,2026-07-11,bar,12-bar box,d2c,beginner,no
O04499,C0111,2026-07-11,bar,12-bar box,marketplace,endurance,no
O04500,C0826,2026-07-11,bar,12-bar box,marketplace,gym_regular,no
O04501,C0830,2026-07-11,bar,12-bar box,d2c,endurance,no
O04502,C0989,2026-07-11,bar,12-bar box,d2c,gym_regular,yes
O04503,C1207,2026-07-11,bar,12-bar box,d2c,gym_regular,no
O04504,C1398,2026-07-11,bar,12-bar box,marketplace,gym_regular,no
O04505,C1419,2026-07-11,bar,12-bar box,d2c,weight_loss,no
O04506,C1536,2026-07-11,bar,12-bar box,marketplace,endurance,no
O04507,C1822,2026-07-11,bar,12-bar box,d2c,beginner,no
O04508,C2005,2026-07-11,bar,12-bar box,d2c,weight_loss,yes
O04509,C2065,2026-07-11,bar,12-bar box,d2c,gym_regular,yes
O04510,C2071,2026-07-11,bar,12-bar box,d2c,vegetarian,yes
O04511,C2088,2026-07-11,bar,12-bar box,marketplace,weight_loss,no
O04512,C2228,2026-07-11,bar,12-bar box,marketplace,endurance,no
O04513,C2370,2026-07-11,bar,12-bar box,d2c,gym_regular,yes
O04514,C2372,2026-07-11,bar,12-bar box,d2c,gym_regular,no
O04515,C2459,2026-07-11,bar,12-bar box,d2c,gym_regular,no
O04516,C2713,2026-07-11,bar,12-bar box,d2c,gym_regular,no
O04517,C2877,2026-07-11,bar,12-bar box,d2c,beginner,yes
O04518,C2952,2026-07-11,bar,12-bar box,marketplace,beginner,no
O04519,C3362,2026-07-11,bar,12-bar box,marketplace,weight_loss,no
O04520,C3521,2026-07-11,bar,12-bar box,d2c,endurance,no
O04521,C3590,2026-07-11,bar,12-bar box,d2c,weight_loss,yes
O04522,C3604,2026-07-11,bar,12-bar box,d2c,gym_regular,yes
O04523,C3688,2026-07-11,bar,12-bar box,d2c,weight_loss,yes
O04524,C3912,2026-07-11,bar,12-bar box,marketplace,gym_regular,no
O04525,C3958,2026-07-11,bar,12-bar box,marketplace,weight_loss,no
O04526,C4000,2026-07-11,bar,12-bar box,d2c,beginner,no
O04527,C0279,2026-07-12,bar,12-bar box,marketplace,gym_regular,no
O04528,C0300,2026-07-12,bar,12-bar box,marketplace,weight_loss,no
O04529,C0401,2026-07-12,bar,12-bar box,marketplace,vegetarian,no
O04530,C0539,2026-07-12,bar,12-bar box,d2c,weight_loss,no
O04531,C0712,2026-07-12,bar,12-bar box,marketplace,beginner,no
O04532,C0747,2026-07-12,bar,12-bar box,d2c,weight_loss,no
O04533,C0940,2026-07-12,bar,12-bar box,marketplace,endurance,no
O04534,C1056,2026-07-12,bar,12-bar box,d2c,vegetarian,no
O04535,C1106,2026-07-12,bar,12-bar box,d2c,weight_loss,yes
O04536,C1489,2026-07-12,bar,12-bar box,d2c,vegetarian,no
O04537,C1577,2026-07-12,bar,12-bar box,marketplace,beginner,no
O04538,C1593,2026-07-12,bar,12-bar box,marketplace,gym_regular,no
O04539,C1706,2026-07-12,bar,12-bar box,d2c,beginner,no
O04540,C1812,2026-07-12,bar,12-bar box,d2c,vegetarian,no
O04541,C1857,2026-07-12,bar,12-bar box,marketplace,gym_regular,no
O04542,C1862,2026-07-12,bar,12-bar box,d2c,vegetarian,yes
O04543,C1902,2026-07-12,bar,12-bar box,d2c,vegetarian,no
O04544,C2028,2026-07-12,bar,12-bar box,marketplace,vegetarian,no
O04545,C2038,2026-07-12,bar,12-bar box,marketplace,beginner,no
O04546,C2042,2026-07-12,bar,12-bar box,d2c,gym_regular,no
O04547,C2079,2026-07-12,bar,12-bar box,marketplace,gym_regular,no
O04548,C2816,2026-07-12,bar,12-bar box,d2c,weight_loss,no
O04549,C3257,2026-07-12,bar,12-bar box,marketplace,vegetarian,no
O04550,C3287,2026-07-12,bar,12-bar box,d2c,beginner,yes
O04551,C3305,2026-07-12,bar,12-bar box,d2c,gym_regular,no
O04552,C3321,2026-07-12,bar,12-bar box,d2c,weight_loss,yes
O04553,C3537,2026-07-12,bar,12-bar box,d2c,vegetarian,no
O04554,C3587,2026-07-12,bar,12-bar box,d2c,gym_regular,yes
O04555,C3645,2026-07-12,bar,12-bar box,d2c,beginner,no
O04556,C3973,2026-07-12,bar,12-bar box,marketplace,weight_loss,no
O04557,C3976,2026-07-12,bar,12-bar box,marketplace,beginner,no
O04558,C3990,2026-07-12,bar,12-bar box,marketplace,beginner,no
O04559,C0021,2026-07-13,bar,12-bar box,d2c,endurance,yes
O04560,C0041,2026-07-13,bar,12-bar box,d2c,vegetarian,yes
O04561,C0184,2026-07-13,bar,12-bar box,marketplace,beginner,no
O04562,C0198,2026-07-13,bar,12-bar box,d2c,beginner,no
O04563,C0500,2026-07-13,bar,12-bar box,marketplace,weight_loss,no
O04564,C0586,2026-07-13,bar,12-bar box,marketplace,weight_loss,no
O04565,C0993,2026-07-13,bar,12-bar box,d2c,vegetarian,yes
O04566,C1078,2026-07-13,bar,12-bar box,marketplace,beginner,no
O04567,C1292,2026-07-13,bar,12-bar box,marketplace,gym_regular,no
O04568,C1347,2026-07-13,bar,12-bar box,d2c,gym_regular,yes
O04569,C1348,2026-07-13,bar,12-bar box,marketplace,endurance,no
O04570,C1377,2026-07-13,bar,12-bar box,d2c,beginner,yes
O04571,C1478,2026-07-13,bar,12-bar box,marketplace,weight_loss,no
O04572,C1611,2026-07-13,bar,12-bar box,marketplace,vegetarian,no
O04573,C1620,2026-07-13,bar,12-bar box,d2c,gym_regular,yes
O04574,C1682,2026-07-13,bar,12-bar box,d2c,gym_regular,no
O04575,C1703,2026-07-13,bar,12-bar box,marketplace,beginner,no
O04576,C1795,2026-07-13,bar,12-bar box,d2c,weight_loss,no
O04577,C1866,2026-07-13,bar,12-bar box,d2c,endurance,no
O04578,C1982,2026-07-13,bar,12-bar box,d2c,beginner,no
O04579,C2135,2026-07-13,bar,12-bar box,d2c,vegetarian,yes
O04580,C2165,2026-07-13,bar,12-bar box,marketplace,beginner,no
O04581,C2219,2026-07-13,bar,12-bar box,d2c,beginner,yes
O04582,C2300,2026-07-13,bar,12-bar box,marketplace,endurance,no
O04583,C2320,2026-07-13,bar,12-bar box,d2c,weight_loss,yes
O04584,C2375,2026-07-13,bar,12-bar box,marketplace,gym_regular,no
O04585,C2381,2026-07-13,bar,12-bar box,marketplace,vegetarian,no
O04586,C2450,2026-07-13,bar,12-bar box,marketplace,gym_regular,no
O04587,C2671,2026-07-13,bar,12-bar box,marketplace,weight_loss,no
O04588,C3080,2026-07-13,bar,12-bar box,d2c,gym_regular,yes
O04589,C3091,2026-07-13,bar,12-bar box,marketplace,weight_loss,no
O04590,C3558,2026-07-13,bar,12-bar box,d2c,endurance,no
O04591,C3890,2026-07-13,bar,12-bar box,marketplace,gym_regular,no
O04592,C0020,2026-07-14,bar,12-bar box,d2c,gym_regular,yes
O04593,C0066,2026-07-14,bar,12-bar box,marketplace,gym_regular,no
O04594,C0390,2026-07-14,bar,12-bar box,marketplace,endurance,no
O04595,C0414,2026-07-14,bar,12-bar box,marketplace,gym_regular,no
O04596,C0793,2026-07-14,bar,12-bar box,marketplace,gym_regular,no
O04597,C0794,2026-07-14,bar,12-bar box,d2c,gym_regular,yes
O04598,C1005,2026-07-14,bar,12-bar box,d2c,weight_loss,yes
O04599,C1069,2026-07-14,bar,12-bar box,d2c,gym_regular,yes
O04600,C1137,2026-07-14,bar,12-bar box,d2c,gym_regular,no
O04601,C1156,2026-07-14,bar,12-bar box,d2c,vegetarian,yes
O04602,C1305,2026-07-14,bar,12-bar box,d2c,vegetarian,yes
O04603,C1420,2026-07-14,bar,12-bar box,marketplace,gym_regular,no
O04604,C1430,2026-07-14,bar,12-bar box,d2c,weight_loss,yes
O04605,C1437,2026-07-14,bar,12-bar box,d2c,weight_loss,yes
O04606,C1630,2026-07-14,bar,12-bar box,d2c,endurance,yes
O04607,C1735,2026-07-14,bar,12-bar box,d2c,vegetarian,no
O04608,C1785,2026-07-14,bar,12-bar box,marketplace,beginner,no
O04609,C1845,2026-07-14,bar,12-bar box,d2c,weight_loss,yes
O04610,C2214,2026-07-14,bar,12-bar box,d2c,gym_regular,yes
O04611,C2422,2026-07-14,bar,12-bar box,marketplace,gym_regular,no
O04612,C2707,2026-07-14,bar,12-bar box,d2c,gym_regular,no
O04613,C2730,2026-07-14,bar,12-bar box,marketplace,gym_regular,no
O04614,C2736,2026-07-14,bar,12-bar box,marketplace,beginner,no
O04615,C2738,2026-07-14,bar,12-bar box,d2c,gym_regular,no
O04616,C2831,2026-07-14,bar,12-bar box,marketplace,endurance,no
O04617,C2888,2026-07-14,bar,12-bar box,d2c,beginner,yes
O04618,C2918,2026-07-14,bar,12-bar box,marketplace,gym_regular,no
O04619,C2936,2026-07-14,bar,12-bar box,d2c,endurance,yes
O04620,C3059,2026-07-14,bar,12-bar box,marketplace,vegetarian,no
O04621,C3142,2026-07-14,bar,12-bar box,d2c,gym_regular,no
O04622,C3209,2026-07-14,bar,12-bar box,d2c,gym_regular,yes
O04623,C3280,2026-07-14,bar,12-bar box,d2c,gym_regular,yes
O04624,C3335,2026-07-14,bar,12-bar box,d2c,vegetarian,yes
O04625,C3336,2026-07-14,bar,12-bar box,d2c,gym_regular,yes
O04626,C3337,2026-07-14,bar,12-bar box,d2c,gym_regular,yes
O04627,C3440,2026-07-14,bar,12-bar box,d2c,beginner,no
O04628,C3637,2026-07-14,bar,12-bar box,d2c,gym_regular,yes
O04629,C3666,2026-07-14,bar,12-bar box,marketplace,endurance,no
O04630,C3781,2026-07-14,bar,12-bar box,d2c,vegetarian,yes
O04631,C3824,2026-07-14,bar,12-bar box,d2c,endurance,yes
O04632,C3826,2026-07-14,bar,12-bar box,d2c,weight_loss,yes
O04633,C3837,2026-07-14,bar,12-bar box,d2c,vegetarian,yes
O04634,C3937,2026-07-14,bar,12-bar box,d2c,weight_loss,yes
O04635,C0114,2026-07-15,bar,12-bar box,d2c,endurance,no
O04636,C0209,2026-07-15,bar,12-bar box,d2c,endurance,yes
O04637,C0299,2026-07-15,bar,12-bar box,d2c,weight_loss,no
O04638,C0370,2026-07-15,bar,12-bar box,d2c,gym_regular,yes
O04639,C0435,2026-07-15,bar,12-bar box,marketplace,gym_regular,no
O04640,C0556,2026-07-15,bar,12-bar box,marketplace,weight_loss,no
O04641,C0680,2026-07-15,bar,12-bar box,marketplace,vegetarian,no
O04642,C0965,2026-07-15,bar,12-bar box,d2c,endurance,yes
O04643,C0969,2026-07-15,bar,12-bar box,marketplace,weight_loss,no
O04644,C1111,2026-07-15,bar,12-bar box,d2c,beginner,no
O04645,C1148,2026-07-15,bar,12-bar box,marketplace,vegetarian,no
O04646,C1186,2026-07-15,bar,12-bar box,d2c,endurance,no
O04647,C1458,2026-07-15,bar,12-bar box,marketplace,gym_regular,no
O04648,C1623,2026-07-15,bar,12-bar box,marketplace,endurance,no
O04649,C1641,2026-07-15,bar,12-bar box,d2c,gym_regular,yes
O04650,C1790,2026-07-15,bar,12-bar box,marketplace,weight_loss,no
O04651,C1794,2026-07-15,bar,12-bar box,d2c,gym_regular,yes
O04652,C1910,2026-07-15,bar,12-bar box,marketplace,weight_loss,no
O04653,C2194,2026-07-15,bar,12-bar box,marketplace,vegetarian,no
O04654,C2371,2026-07-15,bar,12-bar box,d2c,gym_regular,no
O04655,C2798,2026-07-15,bar,12-bar box,marketplace,beginner,no
O04656,C2963,2026-07-15,bar,12-bar box,d2c,gym_regular,no
O04657,C2964,2026-07-15,bar,12-bar box,marketplace,weight_loss,no
O04658,C2969,2026-07-15,bar,12-bar box,marketplace,gym_regular,no
O04659,C3001,2026-07-15,bar,12-bar box,d2c,weight_loss,no
O04660,C3268,2026-07-15,bar,12-bar box,d2c,gym_regular,yes
O04661,C3705,2026-07-15,bar,12-bar box,d2c,gym_regular,yes
O04662,C3742,2026-07-15,bar,12-bar box,marketplace,gym_regular,no
O04663,C3813,2026-07-15,bar,12-bar box,d2c,endurance,yes
O04664,C3896,2026-07-15,bar,12-bar box,marketplace,vegetarian,no
O04665,C3910,2026-07-15,bar,12-bar box,d2c,beginner,yes
O04666,C3934,2026-07-15,bar,12-bar box,marketplace,weight_loss,no
O04667,C0110,2026-07-16,bar,12-bar box,d2c,gym_regular,yes
O04668,C0797,2026-07-16,bar,12-bar box,marketplace,gym_regular,no
O04669,C1058,2026-07-16,bar,12-bar box,d2c,weight_loss,no
O04670,C1140,2026-07-16,bar,12-bar box,d2c,gym_regular,yes
O04671,C1168,2026-07-16,bar,12-bar box,d2c,vegetarian,no
O04672,C1294,2026-07-16,bar,12-bar box,d2c,endurance,yes
O04673,C1319,2026-07-16,bar,12-bar box,d2c,vegetarian,yes
O04674,C1363,2026-07-16,bar,12-bar box,marketplace,beginner,no
O04675,C1375,2026-07-16,bar,12-bar box,d2c,weight_loss,no
O04676,C1470,2026-07-16,bar,12-bar box,d2c,weight_loss,no
O04677,C1636,2026-07-16,bar,12-bar box,marketplace,beginner,no
O04678,C1659,2026-07-16,bar,12-bar box,d2c,gym_regular,yes
O04679,C1776,2026-07-16,bar,12-bar box,d2c,weight_loss,no
O04680,C1811,2026-07-16,bar,12-bar box,marketplace,gym_regular,no
O04681,C1817,2026-07-16,bar,12-bar box,marketplace,weight_loss,no
O04682,C1824,2026-07-16,bar,12-bar box,marketplace,weight_loss,no
O04683,C1903,2026-07-16,bar,12-bar box,d2c,gym_regular,yes
O04684,C1995,2026-07-16,bar,12-bar box,d2c,weight_loss,no
O04685,C2157,2026-07-16,bar,12-bar box,d2c,beginner,no
O04686,C2185,2026-07-16,bar,12-bar box,d2c,gym_regular,yes
O04687,C2305,2026-07-16,bar,12-bar box,d2c,vegetarian,yes
O04688,C2384,2026-07-16,bar,12-bar box,marketplace,vegetarian,no
O04689,C2389,2026-07-16,bar,12-bar box,d2c,beginner,yes
O04690,C2418,2026-07-16,bar,12-bar box,d2c,vegetarian,yes
O04691,C2605,2026-07-16,bar,12-bar box,d2c,vegetarian,yes
O04692,C2821,2026-07-16,bar,12-bar box,marketplace,endurance,no
O04693,C2878,2026-07-16,bar,12-bar box,d2c,weight_loss,yes
O04694,C3012,2026-07-16,bar,12-bar box,d2c,beginner,no
O04695,C3030,2026-07-16,bar,12-bar box,marketplace,beginner,no
O04696,C3127,2026-07-16,bar,12-bar box,marketplace,weight_loss,no
O04697,C3128,2026-07-16,bar,12-bar box,marketplace,gym_regular,no
O04698,C3156,2026-07-16,bar,12-bar box,d2c,gym_regular,no
O04699,C3390,2026-07-16,bar,12-bar box,d2c,gym_regular,no
O04700,C3467,2026-07-16,bar,12-bar box,d2c,beginner,yes
O04701,C3901,2026-07-16,bar,12-bar box,marketplace,gym_regular,no
O04702,C3987,2026-07-16,bar,12-bar box,marketplace,endurance,no
O04703,C0035,2026-07-17,bar,12-bar box,d2c,vegetarian,no
O04704,C0064,2026-07-17,bar,12-bar box,d2c,weight_loss,yes
O04705,C0230,2026-07-17,bar,12-bar box,d2c,beginner,no
O04706,C0276,2026-07-17,bar,12-bar box,d2c,gym_regular,yes
O04707,C0291,2026-07-17,bar,12-bar box,d2c,endurance,no
O04708,C0818,2026-07-17,bar,12-bar box,d2c,endurance,yes
O04709,C0990,2026-07-17,bar,12-bar box,marketplace,weight_loss,no
O04710,C1144,2026-07-17,bar,12-bar box,d2c,beginner,yes
O04711,C1402,2026-07-17,bar,12-bar box,d2c,weight_loss,no
O04712,C1408,2026-07-17,bar,12-bar box,marketplace,beginner,no
O04713,C1555,2026-07-17,bar,12-bar box,d2c,beginner,yes
O04714,C1567,2026-07-17,bar,12-bar box,d2c,gym_regular,no
O04715,C1572,2026-07-17,bar,12-bar box,marketplace,beginner,no
O04716,C1638,2026-07-17,bar,12-bar box,d2c,gym_regular,yes
O04717,C1758,2026-07-17,bar,12-bar box,d2c,vegetarian,no
O04718,C2063,2026-07-17,bar,12-bar box,d2c,endurance,no
O04719,C2175,2026-07-17,bar,12-bar box,marketplace,weight_loss,no
O04720,C2332,2026-07-17,bar,12-bar box,d2c,gym_regular,yes
O04721,C2604,2026-07-17,bar,12-bar box,d2c,gym_regular,yes
O04722,C2723,2026-07-17,bar,12-bar box,marketplace,gym_regular,no
O04723,C2800,2026-07-17,bar,12-bar box,d2c,gym_regular,no
O04724,C2827,2026-07-17,bar,12-bar box,d2c,beginner,yes
O04725,C2840,2026-07-17,bar,12-bar box,d2c,gym_regular,yes
O04726,C2968,2026-07-17,bar,12-bar box,marketplace,beginner,no
O04727,C2980,2026-07-17,bar,12-bar box,marketplace,beginner,no
O04728,C3098,2026-07-17,bar,12-bar box,d2c,gym_regular,no
O04729,C3545,2026-07-17,bar,12-bar box,marketplace,beginner,no
O04730,C3647,2026-07-17,bar,12-bar box,marketplace,endurance,no
O04731,C3712,2026-07-17,bar,12-bar box,d2c,gym_regular,yes
O04732,C3840,2026-07-17,bar,12-bar box,marketplace,vegetarian,no
O04733,C3864,2026-07-17,bar,12-bar box,marketplace,gym_regular,no
O04734,C3959,2026-07-17,bar,12-bar box,marketplace,gym_regular,no
O04735,C3983,2026-07-17,bar,12-bar box,marketplace,gym_regular,no
O04736,C0011,2026-07-18,bar,12-bar box,d2c,beginner,yes
O04737,C0038,2026-07-18,bar,12-bar box,d2c,gym_regular,yes
O04738,C0373,2026-07-18,bar,12-bar box,d2c,vegetarian,no
O04739,C0497,2026-07-18,bar,12-bar box,marketplace,beginner,no
O04740,C0593,2026-07-18,bar,12-bar box,marketplace,gym_regular,no
O04741,C1012,2026-07-18,bar,12-bar box,d2c,vegetarian,no
O04742,C1031,2026-07-18,bar,12-bar box,marketplace,gym_regular,no
O04743,C1107,2026-07-18,bar,12-bar box,d2c,vegetarian,yes
O04744,C1132,2026-07-18,bar,12-bar box,d2c,endurance,yes
O04745,C1153,2026-07-18,bar,12-bar box,marketplace,beginner,no
O04746,C1194,2026-07-18,bar,12-bar box,marketplace,beginner,no
O04747,C1388,2026-07-18,bar,12-bar box,d2c,weight_loss,yes
O04748,C1473,2026-07-18,bar,12-bar box,d2c,weight_loss,yes
O04749,C1481,2026-07-18,bar,12-bar box,marketplace,gym_regular,no
O04750,C1549,2026-07-18,bar,12-bar box,d2c,beginner,yes
O04751,C1561,2026-07-18,bar,12-bar box,marketplace,weight_loss,no
O04752,C1643,2026-07-18,bar,12-bar box,marketplace,gym_regular,no
O04753,C1689,2026-07-18,bar,12-bar box,d2c,gym_regular,no
O04754,C1716,2026-07-18,bar,12-bar box,d2c,gym_regular,no
O04755,C1904,2026-07-18,bar,12-bar box,marketplace,beginner,no
O04756,C1968,2026-07-18,bar,12-bar box,d2c,weight_loss,yes
O04757,C1973,2026-07-18,bar,12-bar box,marketplace,weight_loss,no
O04758,C1979,2026-07-18,bar,12-bar box,d2c,beginner,no
O04759,C2032,2026-07-18,bar,12-bar box,marketplace,vegetarian,no
O04760,C2046,2026-07-18,bar,12-bar box,d2c,gym_regular,yes
O04761,C2078,2026-07-18,bar,12-bar box,d2c,beginner,no
O04762,C2116,2026-07-18,bar,12-bar box,d2c,vegetarian,yes
O04763,C2199,2026-07-18,bar,12-bar box,d2c,gym_regular,no
O04764,C2240,2026-07-18,bar,12-bar box,marketplace,vegetarian,no
O04765,C2247,2026-07-18,bar,12-bar box,marketplace,vegetarian,no
O04766,C2248,2026-07-18,bar,12-bar box,marketplace,beginner,no
O04767,C2328,2026-07-18,bar,12-bar box,d2c,gym_regular,yes
O04768,C2576,2026-07-18,bar,12-bar box,marketplace,gym_regular,no
O04769,C2733,2026-07-18,bar,12-bar box,d2c,gym_regular,yes
O04770,C2925,2026-07-18,bar,12-bar box,marketplace,endurance,no
O04771,C2996,2026-07-18,bar,12-bar box,d2c,beginner,yes
O04772,C3003,2026-07-18,bar,12-bar box,d2c,beginner,yes
O04773,C3134,2026-07-18,bar,12-bar box,d2c,gym_regular,yes
O04774,C3426,2026-07-18,bar,12-bar box,d2c,gym_regular,yes
O04775,C3432,2026-07-18,bar,12-bar box,d2c,gym_regular,yes
O04776,C3464,2026-07-18,bar,12-bar box,marketplace,vegetarian,no
O04777,C3474,2026-07-18,bar,12-bar box,marketplace,gym_regular,no
O04778,C3504,2026-07-18,bar,12-bar box,d2c,gym_regular,no
O04779,C3858,2026-07-18,bar,12-bar box,d2c,weight_loss,no
O04780,C3862,2026-07-18,bar,12-bar box,marketplace,weight_loss,no
O04781,C3972,2026-07-18,bar,12-bar box,marketplace,gym_regular,no
O04782,C0153,2026-07-19,bar,12-bar box,d2c,vegetarian,no
O04783,C0167,2026-07-19,bar,12-bar box,d2c,endurance,yes
O04784,C0302,2026-07-19,bar,12-bar box,d2c,endurance,yes
O04785,C0352,2026-07-19,bar,12-bar box,marketplace,gym_regular,no
O04786,C0408,2026-07-19,bar,12-bar box,marketplace,gym_regular,no
O04787,C0441,2026-07-19,bar,12-bar box,d2c,gym_regular,no
O04788,C0486,2026-07-19,bar,12-bar box,marketplace,gym_regular,no
O04789,C0530,2026-07-19,bar,12-bar box,marketplace,beginner,no
O04790,C0579,2026-07-19,bar,12-bar box,marketplace,beginner,no
O04791,C0590,2026-07-19,bar,12-bar box,d2c,gym_regular,yes
O04792,C0607,2026-07-19,bar,12-bar box,marketplace,beginner,no
O04793,C0777,2026-07-19,bar,12-bar box,d2c,gym_regular,no
O04794,C0832,2026-07-19,bar,12-bar box,marketplace,beginner,no
O04795,C0884,2026-07-19,bar,12-bar box,marketplace,weight_loss,no
O04796,C1099,2026-07-19,bar,12-bar box,d2c,beginner,yes
O04797,C1177,2026-07-19,bar,12-bar box,marketplace,weight_loss,no
O04798,C1417,2026-07-19,bar,12-bar box,d2c,beginner,yes
O04799,C1455,2026-07-19,bar,12-bar box,d2c,beginner,yes
O04800,C1530,2026-07-19,bar,12-bar box,marketplace,gym_regular,no
O04801,C1655,2026-07-19,bar,12-bar box,d2c,beginner,yes
O04802,C1810,2026-07-19,bar,12-bar box,marketplace,beginner,no
O04803,C1927,2026-07-19,bar,12-bar box,d2c,weight_loss,yes
O04804,C1948,2026-07-19,bar,12-bar box,d2c,vegetarian,yes
O04805,C1972,2026-07-19,bar,12-bar box,marketplace,weight_loss,no
O04806,C2448,2026-07-19,bar,12-bar box,marketplace,endurance,no
O04807,C2626,2026-07-19,bar,12-bar box,marketplace,beginner,no
O04808,C2859,2026-07-19,bar,12-bar box,marketplace,beginner,no
O04809,C2890,2026-07-19,bar,12-bar box,marketplace,vegetarian,no
O04810,C3019,2026-07-19,bar,12-bar box,d2c,weight_loss,no
O04811,C3256,2026-07-19,bar,12-bar box,d2c,gym_regular,yes
O04812,C3328,2026-07-19,bar,12-bar box,marketplace,endurance,no
O04813,C3347,2026-07-19,bar,12-bar box,marketplace,endurance,no
O04814,C3392,2026-07-19,bar,12-bar box,d2c,gym_regular,no
O04815,C3431,2026-07-19,bar,12-bar box,marketplace,beginner,no
O04816,C3518,2026-07-19,bar,12-bar box,d2c,gym_regular,no
O04817,C3621,2026-07-19,bar,12-bar box,marketplace,gym_regular,no
O04818,C3679,2026-07-19,bar,12-bar box,marketplace,vegetarian,no
O04819,C3702,2026-07-19,bar,12-bar box,d2c,beginner,yes
O04820,C3706,2026-07-19,bar,12-bar box,d2c,weight_loss,yes
O04821,C3952,2026-07-19,bar,12-bar box,d2c,weight_loss,yes
O04822,C3964,2026-07-19,bar,12-bar box,marketplace,weight_loss,no
O04823,C0210,2026-07-20,bar,12-bar box,d2c,endurance,no
O04824,C0261,2026-07-20,bar,12-bar box,d2c,weight_loss,no
O04825,C0274,2026-07-20,bar,12-bar box,marketplace,weight_loss,no
O04826,C0570,2026-07-20,bar,12-bar box,d2c,weight_loss,yes
O04827,C0585,2026-07-20,bar,12-bar box,d2c,beginner,yes
O04828,C0726,2026-07-20,bar,12-bar box,d2c,vegetarian,yes
O04829,C0729,2026-07-20,bar,12-bar box,d2c,weight_loss,yes
O04830,C0787,2026-07-20,bar,12-bar box,d2c,gym_regular,yes
O04831,C0821,2026-07-20,bar,12-bar box,d2c,gym_regular,yes
O04832,C0848,2026-07-20,bar,12-bar box,d2c,gym_regular,yes
O04833,C0992,2026-07-20,bar,12-bar box,d2c,endurance,no
O04834,C1065,2026-07-20,bar,12-bar box,marketplace,gym_regular,no
O04835,C1085,2026-07-20,bar,12-bar box,d2c,vegetarian,no
O04836,C1204,2026-07-20,bar,12-bar box,marketplace,weight_loss,no
O04837,C1268,2026-07-20,bar,12-bar box,d2c,weight_loss,yes
O04838,C1271,2026-07-20,bar,12-bar box,d2c,gym_regular,yes
O04839,C1321,2026-07-20,bar,12-bar box,d2c,gym_regular,yes
O04840,C1339,2026-07-20,bar,12-bar box,d2c,gym_regular,no
O04841,C1576,2026-07-20,bar,12-bar box,d2c,gym_regular,no
O04842,C1649,2026-07-20,bar,12-bar box,marketplace,weight_loss,no
O04843,C1675,2026-07-20,bar,12-bar box,d2c,weight_loss,yes
O04844,C1809,2026-07-20,bar,12-bar box,marketplace,vegetarian,no
O04845,C1830,2026-07-20,bar,12-bar box,marketplace,vegetarian,no
O04846,C1907,2026-07-20,bar,12-bar box,marketplace,vegetarian,no
O04847,C2061,2026-07-20,bar,12-bar box,d2c,gym_regular,yes
O04848,C2195,2026-07-20,bar,12-bar box,marketplace,gym_regular,no
O04849,C2202,2026-07-20,bar,12-bar box,d2c,vegetarian,no
O04850,C2210,2026-07-20,bar,12-bar box,d2c,weight_loss,no
O04851,C2223,2026-07-20,bar,12-bar box,marketplace,gym_regular,no
O04852,C2348,2026-07-20,bar,12-bar box,d2c,vegetarian,yes
O04853,C2503,2026-07-20,bar,12-bar box,d2c,gym_regular,no
O04854,C2546,2026-07-20,bar,12-bar box,marketplace,weight_loss,no
O04855,C2646,2026-07-20,bar,12-bar box,marketplace,gym_regular,no
O04856,C2654,2026-07-20,bar,12-bar box,d2c,beginner,no
O04857,C2704,2026-07-20,bar,12-bar box,marketplace,beginner,no
O04858,C2729,2026-07-20,bar,12-bar box,d2c,gym_regular,yes
O04859,C2942,2026-07-20,bar,12-bar box,marketplace,gym_regular,no
O04860,C3074,2026-07-20,bar,12-bar box,marketplace,beginner,no
O04861,C3126,2026-07-20,bar,12-bar box,marketplace,gym_regular,no
O04862,C3462,2026-07-20,bar,12-bar box,d2c,weight_loss,no
O04863,C3526,2026-07-20,bar,12-bar box,d2c,vegetarian,no
O04864,C3625,2026-07-20,bar,12-bar box,d2c,weight_loss,no
O04865,C3724,2026-07-20,bar,12-bar box,marketplace,gym_regular,no
O04866,C3771,2026-07-20,bar,12-bar box,marketplace,beginner,no
O04867,C3789,2026-07-20,bar,12-bar box,d2c,beginner,no
O04868,C3865,2026-07-20,bar,12-bar box,marketplace,gym_regular,no
O04869,C3951,2026-07-20,bar,12-bar box,d2c,gym_regular,no
O04870,C3967,2026-07-20,bar,12-bar box,d2c,endurance,no
O04871,C0148,2026-07-21,bar,12-bar box,d2c,weight_loss,no
O04872,C0207,2026-07-21,bar,12-bar box,d2c,endurance,no
O04873,C0480,2026-07-21,bar,12-bar box,d2c,gym_regular,no
O04874,C0685,2026-07-21,bar,12-bar box,marketplace,weight_loss,no
O04875,C0863,2026-07-21,bar,12-bar box,d2c,beginner,no
O04876,C1098,2026-07-21,bar,12-bar box,marketplace,gym_regular,no
O04877,C1101,2026-07-21,bar,12-bar box,d2c,vegetarian,no
O04878,C1241,2026-07-21,bar,12-bar box,marketplace,endurance,no
O04879,C1314,2026-07-21,bar,12-bar box,d2c,gym_regular,no
O04880,C1350,2026-07-21,bar,12-bar box,marketplace,beginner,no
O04881,C1378,2026-07-21,bar,12-bar box,d2c,beginner,yes
O04882,C1528,2026-07-21,bar,12-bar box,d2c,gym_regular,yes
O04883,C1974,2026-07-21,bar,12-bar box,marketplace,vegetarian,no
O04884,C1987,2026-07-21,bar,12-bar box,d2c,vegetarian,no
O04885,C2346,2026-07-21,bar,12-bar box,marketplace,gym_regular,no
O04886,C2451,2026-07-21,bar,12-bar box,d2c,gym_regular,yes
O04887,C2560,2026-07-21,bar,12-bar box,marketplace,gym_regular,no
O04888,C2780,2026-07-21,bar,12-bar box,d2c,vegetarian,yes
O04889,C2811,2026-07-21,bar,12-bar box,d2c,gym_regular,yes
O04890,C2932,2026-07-21,bar,12-bar box,d2c,vegetarian,yes
O04891,C2986,2026-07-21,bar,12-bar box,marketplace,endurance,no
O04892,C3236,2026-07-21,bar,12-bar box,d2c,weight_loss,no
O04893,C3373,2026-07-21,bar,12-bar box,marketplace,endurance,no
O04894,C3744,2026-07-21,bar,12-bar box,marketplace,gym_regular,no
O04895,C3745,2026-07-21,bar,12-bar box,d2c,gym_regular,yes
O04896,C3752,2026-07-21,bar,12-bar box,d2c,gym_regular,yes
O04897,C3796,2026-07-21,bar,12-bar box,d2c,gym_regular,yes
O04898,C3885,2026-07-21,bar,12-bar box,marketplace,weight_loss,no
O04899,C3944,2026-07-21,bar,12-bar box,marketplace,gym_regular,no
O04900,C3963,2026-07-21,bar,12-bar box,marketplace,weight_loss,no
O04901,C3994,2026-07-21,bar,12-bar box,d2c,gym_regular,no
O04902,C0050,2026-07-22,bar,12-bar box,d2c,gym_regular,no
O04903,C0069,2026-07-22,bar,12-bar box,d2c,gym_regular,no
O04904,C0165,2026-07-22,bar,12-bar box,d2c,gym_regular,no
O04905,C0205,2026-07-22,bar,12-bar box,d2c,weight_loss,no
O04906,C0448,2026-07-22,bar,12-bar box,d2c,weight_loss,no
O04907,C0728,2026-07-22,bar,12-bar box,marketplace,beginner,no
O04908,C0913,2026-07-22,bar,12-bar box,d2c,weight_loss,yes
O04909,C1045,2026-07-22,bar,12-bar box,marketplace,endurance,no
O04910,C1096,2026-07-22,bar,12-bar box,marketplace,weight_loss,no
O04911,C1404,2026-07-22,bar,12-bar box,marketplace,endurance,no
O04912,C1406,2026-07-22,bar,12-bar box,marketplace,endurance,no
O04913,C1416,2026-07-22,bar,12-bar box,marketplace,beginner,no
O04914,C1480,2026-07-22,bar,12-bar box,marketplace,gym_regular,no
O04915,C1485,2026-07-22,bar,12-bar box,marketplace,gym_regular,no
O04916,C1531,2026-07-22,bar,12-bar box,d2c,beginner,no
O04917,C1565,2026-07-22,bar,12-bar box,marketplace,weight_loss,no
O04918,C1625,2026-07-22,bar,12-bar box,marketplace,vegetarian,no
O04919,C1673,2026-07-22,bar,12-bar box,d2c,gym_regular,yes
O04920,C1729,2026-07-22,bar,12-bar box,d2c,gym_regular,no
O04921,C1865,2026-07-22,bar,12-bar box,marketplace,gym_regular,no
O04922,C2456,2026-07-22,bar,12-bar box,d2c,gym_regular,no
O04923,C2461,2026-07-22,bar,12-bar box,marketplace,vegetarian,no
O04924,C2502,2026-07-22,bar,12-bar box,marketplace,weight_loss,no
O04925,C2584,2026-07-22,bar,12-bar box,d2c,endurance,yes
O04926,C2610,2026-07-22,bar,12-bar box,marketplace,gym_regular,no
O04927,C2643,2026-07-22,bar,12-bar box,d2c,endurance,no
O04928,C2690,2026-07-22,bar,12-bar box,marketplace,gym_regular,no
O04929,C2732,2026-07-22,bar,12-bar box,d2c,weight_loss,no
O04930,C2734,2026-07-22,bar,12-bar box,d2c,beginner,yes
O04931,C2814,2026-07-22,bar,12-bar box,marketplace,beginner,no
O04932,C2875,2026-07-22,bar,12-bar box,d2c,gym_regular,no
O04933,C3099,2026-07-22,bar,12-bar box,d2c,weight_loss,no
O04934,C3412,2026-07-22,bar,12-bar box,marketplace,gym_regular,no
O04935,C3413,2026-07-22,bar,12-bar box,d2c,gym_regular,no
O04936,C3502,2026-07-22,bar,12-bar box,d2c,beginner,no
O04937,C3566,2026-07-22,bar,12-bar box,d2c,weight_loss,no
O04938,C3877,2026-07-22,bar,12-bar box,marketplace,weight_loss,no
O04939,C3891,2026-07-22,bar,12-bar box,marketplace,beginner,no
O04940,C3950,2026-07-22,bar,12-bar box,marketplace,weight_loss,no
O04941,C0040,2026-07-23,bar,12-bar box,marketplace,vegetarian,no
O04942,C0188,2026-07-23,bar,12-bar box,d2c,weight_loss,no
O04943,C0201,2026-07-23,bar,12-bar box,marketplace,vegetarian,no
O04944,C0325,2026-07-23,bar,12-bar box,d2c,beginner,yes
O04945,C0333,2026-07-23,bar,12-bar box,d2c,gym_regular,no
O04946,C0348,2026-07-23,bar,12-bar box,marketplace,vegetarian,no
O04947,C0468,2026-07-23,bar,12-bar box,d2c,weight_loss,yes
O04948,C0525,2026-07-23,bar,12-bar box,marketplace,weight_loss,no
O04949,C0666,2026-07-23,bar,12-bar box,marketplace,endurance,no
O04950,C0721,2026-07-23,bar,12-bar box,d2c,gym_regular,no
O04951,C0743,2026-07-23,bar,12-bar box,d2c,weight_loss,yes
O04952,C0841,2026-07-23,bar,12-bar box,d2c,weight_loss,yes
O04953,C1164,2026-07-23,bar,12-bar box,d2c,weight_loss,no
O04954,C1189,2026-07-23,bar,12-bar box,d2c,gym_regular,yes
O04955,C1224,2026-07-23,bar,12-bar box,marketplace,vegetarian,no
O04956,C1242,2026-07-23,bar,12-bar box,d2c,gym_regular,yes
O04957,C1298,2026-07-23,bar,12-bar box,marketplace,gym_regular,no
O04958,C1361,2026-07-23,bar,12-bar box,d2c,gym_regular,no
O04959,C1405,2026-07-23,bar,12-bar box,marketplace,vegetarian,no
O04960,C1559,2026-07-23,bar,12-bar box,marketplace,weight_loss,no
O04961,C1746,2026-07-23,bar,12-bar box,d2c,beginner,yes
O04962,C1834,2026-07-23,bar,12-bar box,marketplace,weight_loss,no
O04963,C1899,2026-07-23,bar,12-bar box,d2c,endurance,no
O04964,C2286,2026-07-23,bar,12-bar box,d2c,vegetarian,yes
O04965,C2787,2026-07-23,bar,12-bar box,d2c,vegetarian,no
O04966,C2905,2026-07-23,bar,12-bar box,d2c,gym_regular,yes
O04967,C2958,2026-07-23,bar,12-bar box,marketplace,vegetarian,no
O04968,C2992,2026-07-23,bar,12-bar box,d2c,beginner,no
O04969,C3484,2026-07-23,bar,12-bar box,d2c,weight_loss,no
O04970,C3510,2026-07-23,bar,12-bar box,marketplace,gym_regular,no
O04971,C3527,2026-07-23,bar,12-bar box,d2c,gym_regular,no
O04972,C3543,2026-07-23,bar,12-bar box,d2c,gym_regular,yes
O04973,C3586,2026-07-23,bar,12-bar box,d2c,gym_regular,yes
O04974,C3603,2026-07-23,bar,12-bar box,d2c,endurance,no
O04975,C3778,2026-07-23,bar,12-bar box,marketplace,endurance,no
O04976,C3859,2026-07-23,bar,12-bar box,d2c,weight_loss,no
O04977,C0219,2026-07-24,bar,12-bar box,d2c,beginner,no
O04978,C0308,2026-07-24,bar,12-bar box,d2c,vegetarian,no
O04979,C0425,2026-07-24,bar,12-bar box,d2c,vegetarian,yes
O04980,C0454,2026-07-24,bar,12-bar box,d2c,endurance,no
O04981,C0494,2026-07-24,bar,12-bar box,d2c,endurance,no
O04982,C0571,2026-07-24,bar,12-bar box,d2c,beginner,yes
O04983,C0634,2026-07-24,bar,12-bar box,marketplace,beginner,no
O04984,C0657,2026-07-24,bar,12-bar box,marketplace,weight_loss,no
O04985,C0659,2026-07-24,bar,12-bar box,marketplace,vegetarian,no
O04986,C0861,2026-07-24,bar,12-bar box,d2c,vegetarian,no
O04987,C0879,2026-07-24,bar,12-bar box,d2c,beginner,no
O04988,C1010,2026-07-24,bar,12-bar box,marketplace,endurance,no
O04989,C1032,2026-07-24,bar,12-bar box,marketplace,beginner,no
O04990,C1076,2026-07-24,bar,12-bar box,d2c,vegetarian,no
O04991,C1087,2026-07-24,bar,12-bar box,d2c,weight_loss,yes
O04992,C1146,2026-07-24,bar,12-bar box,marketplace,endurance,no
O04993,C1283,2026-07-24,bar,12-bar box,d2c,weight_loss,no
O04994,C1342,2026-07-24,bar,12-bar box,d2c,endurance,yes
O04995,C1379,2026-07-24,bar,12-bar box,marketplace,weight_loss,no
O04996,C1414,2026-07-24,bar,12-bar box,d2c,gym_regular,no
O04997,C1692,2026-07-24,bar,12-bar box,marketplace,weight_loss,no
O04998,C1747,2026-07-24,bar,12-bar box,d2c,weight_loss,no
O04999,C2027,2026-07-24,bar,12-bar box,marketplace,gym_regular,no
O05000,C2097,2026-07-24,bar,12-bar box,d2c,vegetarian,no
O05001,C2103,2026-07-24,bar,12-bar box,d2c,gym_regular,no
O05002,C2108,2026-07-24,bar,12-bar box,d2c,endurance,no
O05003,C2127,2026-07-24,bar,12-bar box,d2c,beginner,yes
O05004,C2270,2026-07-24,bar,12-bar box,d2c,beginner,no
O05005,C2358,2026-07-24,bar,12-bar box,d2c,beginner,yes
O05006,C2452,2026-07-24,bar,12-bar box,marketplace,gym_regular,no
O05007,C2482,2026-07-24,bar,12-bar box,d2c,gym_regular,yes
O05008,C2551,2026-07-24,bar,12-bar box,d2c,vegetarian,yes
O05009,C2674,2026-07-24,bar,12-bar box,d2c,weight_loss,yes
O05010,C2716,2026-07-24,bar,12-bar box,d2c,beginner,yes
O05011,C2806,2026-07-24,bar,12-bar box,marketplace,gym_regular,no
O05012,C3011,2026-07-24,bar,12-bar box,d2c,gym_regular,no
O05013,C3115,2026-07-24,bar,12-bar box,d2c,weight_loss,yes
O05014,C3186,2026-07-24,bar,12-bar box,marketplace,weight_loss,no
O05015,C3306,2026-07-24,bar,12-bar box,d2c,gym_regular,no
O05016,C3360,2026-07-24,bar,12-bar box,marketplace,gym_regular,no
O05017,C3589,2026-07-24,bar,12-bar box,d2c,weight_loss,yes
O05018,C3691,2026-07-24,bar,12-bar box,d2c,vegetarian,no
O05019,C3803,2026-07-24,bar,12-bar box,d2c,gym_regular,yes
O05020,C3830,2026-07-24,bar,12-bar box,marketplace,gym_regular,no
O05021,C0039,2026-07-25,bar,12-bar box,marketplace,weight_loss,no
O05022,C0080,2026-07-25,bar,12-bar box,d2c,weight_loss,no
O05023,C0208,2026-07-25,bar,12-bar box,d2c,weight_loss,yes
O05024,C0482,2026-07-25,bar,12-bar box,d2c,gym_regular,yes
O05025,C0589,2026-07-25,bar,12-bar box,marketplace,gym_regular,no
O05026,C0672,2026-07-25,bar,12-bar box,d2c,endurance,no
O05027,C0835,2026-07-25,bar,12-bar box,marketplace,beginner,no
O05028,C1071,2026-07-25,bar,12-bar box,d2c,endurance,no
O05029,C1277,2026-07-25,bar,12-bar box,marketplace,beginner,no
O05030,C1448,2026-07-25,bar,12-bar box,d2c,vegetarian,no
O05031,C1507,2026-07-25,bar,12-bar box,marketplace,vegetarian,no
O05032,C1667,2026-07-25,bar,12-bar box,d2c,vegetarian,no
O05033,C1696,2026-07-25,bar,12-bar box,marketplace,vegetarian,no
O05034,C1997,2026-07-25,bar,12-bar box,d2c,gym_regular,no
O05035,C2014,2026-07-25,bar,12-bar box,d2c,weight_loss,no
O05036,C2291,2026-07-25,bar,12-bar box,marketplace,beginner,no
O05037,C2523,2026-07-25,bar,12-bar box,marketplace,gym_regular,no
O05038,C2547,2026-07-25,bar,12-bar box,marketplace,gym_regular,no
O05039,C2552,2026-07-25,bar,12-bar box,d2c,gym_regular,yes
O05040,C2642,2026-07-25,bar,12-bar box,d2c,gym_regular,yes
O05041,C2691,2026-07-25,bar,12-bar box,d2c,gym_regular,no
O05042,C2881,2026-07-25,bar,12-bar box,marketplace,weight_loss,no
O05043,C3041,2026-07-25,bar,12-bar box,marketplace,gym_regular,no
O05044,C3056,2026-07-25,bar,12-bar box,marketplace,vegetarian,no
O05045,C3077,2026-07-25,bar,12-bar box,marketplace,beginner,no
O05046,C3107,2026-07-25,bar,12-bar box,d2c,gym_regular,no
O05047,C3173,2026-07-25,bar,12-bar box,marketplace,gym_regular,no
O05048,C3212,2026-07-25,bar,12-bar box,marketplace,vegetarian,no
O05049,C3512,2026-07-25,bar,12-bar box,d2c,gym_regular,no
O05050,C3751,2026-07-25,bar,12-bar box,d2c,weight_loss,no
O05051,C3790,2026-07-25,bar,12-bar box,marketplace,weight_loss,no
O05052,C3943,2026-07-25,bar,12-bar box,d2c,weight_loss,no
O05053,C0017,2026-07-26,bar,12-bar box,marketplace,weight_loss,no
O05054,C0100,2026-07-26,bar,12-bar box,d2c,gym_regular,no
O05055,C0109,2026-07-26,bar,12-bar box,marketplace,gym_regular,no
O05056,C0172,2026-07-26,bar,12-bar box,d2c,gym_regular,no
O05057,C0215,2026-07-26,bar,12-bar box,d2c,gym_regular,no
O05058,C0400,2026-07-26,bar,12-bar box,d2c,weight_loss,no
O05059,C0423,2026-07-26,bar,12-bar box,d2c,gym_regular,yes
O05060,C0470,2026-07-26,bar,12-bar box,marketplace,beginner,no
O05061,C0473,2026-07-26,bar,12-bar box,d2c,beginner,yes
O05062,C0647,2026-07-26,bar,12-bar box,d2c,vegetarian,no
O05063,C1052,2026-07-26,bar,12-bar box,d2c,gym_regular,no
O05064,C1104,2026-07-26,bar,12-bar box,marketplace,gym_regular,no
O05065,C1110,2026-07-26,bar,12-bar box,d2c,gym_regular,no
O05066,C1149,2026-07-26,bar,12-bar box,d2c,gym_regular,yes
O05067,C1160,2026-07-26,bar,12-bar box,d2c,gym_regular,no
O05068,C1312,2026-07-26,bar,12-bar box,marketplace,vegetarian,no
O05069,C1330,2026-07-26,bar,12-bar box,marketplace,beginner,no
O05070,C1557,2026-07-26,bar,12-bar box,marketplace,vegetarian,no
O05071,C1562,2026-07-26,bar,12-bar box,d2c,weight_loss,no
O05072,C1581,2026-07-26,bar,12-bar box,d2c,endurance,no
O05073,C1648,2026-07-26,bar,12-bar box,d2c,gym_regular,no
O05074,C1694,2026-07-26,bar,12-bar box,marketplace,vegetarian,no
O05075,C1861,2026-07-26,bar,12-bar box,d2c,vegetarian,no
O05076,C1882,2026-07-26,bar,12-bar box,d2c,endurance,yes
O05077,C2090,2026-07-26,bar,12-bar box,d2c,gym_regular,yes
O05078,C2112,2026-07-26,bar,12-bar box,marketplace,beginner,no
O05079,C2148,2026-07-26,bar,12-bar box,marketplace,weight_loss,no
O05080,C2256,2026-07-26,bar,12-bar box,d2c,gym_regular,no
O05081,C2369,2026-07-26,bar,12-bar box,marketplace,weight_loss,no
O05082,C2439,2026-07-26,bar,12-bar box,d2c,endurance,yes
O05083,C2587,2026-07-26,bar,12-bar box,d2c,vegetarian,yes
O05084,C2593,2026-07-26,bar,12-bar box,d2c,weight_loss,yes
O05085,C2672,2026-07-26,bar,12-bar box,d2c,beginner,yes
O05086,C2755,2026-07-26,bar,12-bar box,d2c,endurance,no
O05087,C2849,2026-07-26,bar,12-bar box,d2c,endurance,no
O05088,C2894,2026-07-26,bar,12-bar box,d2c,endurance,no
O05089,C3007,2026-07-26,bar,12-bar box,marketplace,endurance,no
O05090,C3057,2026-07-26,bar,12-bar box,d2c,gym_regular,yes
O05091,C3210,2026-07-26,bar,12-bar box,marketplace,weight_loss,no
O05092,C3272,2026-07-26,bar,12-bar box,marketplace,beginner,no
O05093,C3414,2026-07-26,bar,12-bar box,marketplace,gym_regular,no
O05094,C3419,2026-07-26,bar,12-bar box,marketplace,gym_regular,no
O05095,C3563,2026-07-26,bar,12-bar box,d2c,weight_loss,yes
O05096,C3573,2026-07-26,bar,12-bar box,marketplace,endurance,no
O05097,C3595,2026-07-26,bar,12-bar box,marketplace,weight_loss,no
O05098,C3703,2026-07-26,bar,12-bar box,marketplace,endurance,no
O05099,C3756,2026-07-26,bar,12-bar box,marketplace,beginner,no
O05100,C3767,2026-07-26,bar,12-bar box,marketplace,gym_regular,no
O05101,C3808,2026-07-26,bar,12-bar box,d2c,gym_regular,no
O05102,C0028,2026-07-27,bar,12-bar box,marketplace,endurance,no
O05103,C0162,2026-07-27,bar,12-bar box,marketplace,beginner,no
O05104,C0275,2026-07-27,bar,12-bar box,marketplace,weight_loss,no
O05105,C0553,2026-07-27,bar,12-bar box,d2c,endurance,yes
O05106,C0662,2026-07-27,bar,12-bar box,d2c,endurance,yes
O05107,C0673,2026-07-27,bar,12-bar box,marketplace,weight_loss,no
O05108,C0705,2026-07-27,bar,12-bar box,d2c,vegetarian,no
O05109,C0749,2026-07-27,bar,12-bar box,d2c,vegetarian,no
O05110,C0919,2026-07-27,bar,12-bar box,marketplace,vegetarian,no
O05111,C1044,2026-07-27,bar,12-bar box,d2c,weight_loss,no
O05112,C1166,2026-07-27,bar,12-bar box,marketplace,vegetarian,no
O05113,C1188,2026-07-27,bar,12-bar box,d2c,gym_regular,yes
O05114,C1265,2026-07-27,bar,12-bar box,marketplace,gym_regular,no
O05115,C1285,2026-07-27,bar,12-bar box,marketplace,beginner,no
O05116,C1304,2026-07-27,bar,12-bar box,d2c,gym_regular,no
O05117,C1357,2026-07-27,bar,12-bar box,d2c,gym_regular,yes
O05118,C1428,2026-07-27,bar,12-bar box,marketplace,weight_loss,no
O05119,C1465,2026-07-27,bar,12-bar box,marketplace,weight_loss,no
O05120,C1502,2026-07-27,bar,12-bar box,marketplace,gym_regular,no
O05121,C1564,2026-07-27,bar,12-bar box,d2c,beginner,no
O05122,C1634,2026-07-27,bar,12-bar box,marketplace,weight_loss,no
O05123,C1639,2026-07-27,bar,12-bar box,d2c,gym_regular,yes
O05124,C1664,2026-07-27,bar,12-bar box,d2c,weight_loss,yes
O05125,C1687,2026-07-27,bar,12-bar box,marketplace,beginner,no
O05126,C1770,2026-07-27,bar,12-bar box,d2c,gym_regular,yes
O05127,C1772,2026-07-27,bar,12-bar box,d2c,vegetarian,yes
O05128,C1868,2026-07-27,bar,12-bar box,marketplace,beginner,no
O05129,C1945,2026-07-27,bar,12-bar box,marketplace,beginner,no
O05130,C2104,2026-07-27,bar,12-bar box,marketplace,gym_regular,no
O05131,C2138,2026-07-27,bar,12-bar box,d2c,endurance,yes
O05132,C2150,2026-07-27,bar,12-bar box,marketplace,beginner,no
O05133,C2168,2026-07-27,bar,12-bar box,d2c,gym_regular,no
O05134,C2179,2026-07-27,bar,12-bar box,marketplace,endurance,no
O05135,C2340,2026-07-27,bar,12-bar box,d2c,gym_regular,no
O05136,C2362,2026-07-27,bar,12-bar box,d2c,beginner,no
O05137,C2368,2026-07-27,bar,12-bar box,d2c,gym_regular,yes
O05138,C2407,2026-07-27,bar,12-bar box,marketplace,endurance,no
O05139,C2575,2026-07-27,bar,12-bar box,d2c,beginner,no
O05140,C2603,2026-07-27,bar,12-bar box,d2c,beginner,no
O05141,C2621,2026-07-27,bar,12-bar box,d2c,gym_regular,yes
O05142,C2715,2026-07-27,bar,12-bar box,d2c,endurance,yes
O05143,C2758,2026-07-27,bar,12-bar box,marketplace,vegetarian,no
O05144,C2824,2026-07-27,bar,12-bar box,d2c,endurance,no
O05145,C2902,2026-07-27,bar,12-bar box,marketplace,weight_loss,no
O05146,C3166,2026-07-27,bar,12-bar box,d2c,gym_regular,no
O05147,C3217,2026-07-27,bar,12-bar box,d2c,vegetarian,yes
O05148,C3482,2026-07-27,bar,12-bar box,marketplace,endurance,no
O05149,C3704,2026-07-27,bar,12-bar box,d2c,vegetarian,no
O05150,C0096,2026-07-28,bar,12-bar box,d2c,vegetarian,no
O05151,C0278,2026-07-28,bar,12-bar box,d2c,vegetarian,yes
O05152,C0288,2026-07-28,bar,12-bar box,d2c,vegetarian,yes
O05153,C0307,2026-07-28,bar,12-bar box,marketplace,vegetarian,no
O05154,C0424,2026-07-28,bar,12-bar box,d2c,gym_regular,yes
O05155,C0626,2026-07-28,bar,12-bar box,marketplace,gym_regular,no
O05156,C0679,2026-07-28,bar,12-bar box,marketplace,weight_loss,no
O05157,C0735,2026-07-28,bar,12-bar box,d2c,vegetarian,no
O05158,C0771,2026-07-28,bar,12-bar box,d2c,vegetarian,yes
O05159,C0791,2026-07-28,bar,12-bar box,marketplace,gym_regular,no
O05160,C0856,2026-07-28,bar,12-bar box,d2c,gym_regular,yes
O05161,C0892,2026-07-28,bar,12-bar box,marketplace,beginner,no
O05162,C0901,2026-07-28,bar,12-bar box,d2c,weight_loss,yes
O05163,C0974,2026-07-28,bar,12-bar box,marketplace,weight_loss,no
O05164,C1205,2026-07-28,bar,12-bar box,d2c,vegetarian,no
O05165,C1275,2026-07-28,bar,12-bar box,marketplace,beginner,no
O05166,C1316,2026-07-28,bar,12-bar box,marketplace,vegetarian,no
O05167,C1604,2026-07-28,bar,12-bar box,d2c,beginner,no
O05168,C1629,2026-07-28,bar,12-bar box,d2c,gym_regular,yes
O05169,C1653,2026-07-28,bar,12-bar box,d2c,weight_loss,yes
O05170,C1661,2026-07-28,bar,12-bar box,marketplace,weight_loss,no
O05171,C1783,2026-07-28,bar,12-bar box,d2c,vegetarian,yes
O05172,C1858,2026-07-28,bar,12-bar box,d2c,weight_loss,no
O05173,C1985,2026-07-28,bar,12-bar box,d2c,weight_loss,yes
O05174,C2057,2026-07-28,bar,12-bar box,marketplace,weight_loss,no
O05175,C2105,2026-07-28,bar,12-bar box,d2c,vegetarian,yes
O05176,C2347,2026-07-28,bar,12-bar box,marketplace,gym_regular,no
O05177,C2785,2026-07-28,bar,12-bar box,marketplace,gym_regular,no
O05178,C3112,2026-07-28,bar,12-bar box,marketplace,endurance,no
O05179,C3161,2026-07-28,bar,12-bar box,d2c,vegetarian,no
O05180,C3255,2026-07-28,bar,12-bar box,marketplace,endurance,no
O05181,C3262,2026-07-28,bar,12-bar box,marketplace,endurance,no
O05182,C3297,2026-07-28,bar,12-bar box,d2c,gym_regular,no
O05183,C3378,2026-07-28,bar,12-bar box,marketplace,gym_regular,no
O05184,C3381,2026-07-28,bar,12-bar box,d2c,gym_regular,no
O05185,C3554,2026-07-28,bar,12-bar box,marketplace,weight_loss,no
O05186,C3580,2026-07-28,bar,12-bar box,marketplace,vegetarian,no
O05187,C3631,2026-07-28,bar,12-bar box,d2c,gym_regular,no
O05188,C3685,2026-07-28,bar,12-bar box,marketplace,beginner,no
O05189,C3753,2026-07-28,bar,12-bar box,d2c,gym_regular,no
O05190,C3757,2026-07-28,bar,12-bar box,d2c,gym_regular,no
O05191,C3978,2026-07-28,bar,12-bar box,d2c,gym_regular,no
O05192,C3991,2026-07-28,bar,12-bar box,marketplace,gym_regular,no
O05193,C0002,2026-07-29,bar,12-bar box,d2c,vegetarian,no
O05194,C0012,2026-07-29,bar,12-bar box,d2c,gym_regular,yes
O05195,C0019,2026-07-29,bar,12-bar box,d2c,vegetarian,no
O05196,C0132,2026-07-29,bar,12-bar box,marketplace,beginner,no
O05197,C0239,2026-07-29,bar,12-bar box,d2c,beginner,no
O05198,C0266,2026-07-29,bar,12-bar box,d2c,weight_loss,no
O05199,C0359,2026-07-29,bar,12-bar box,marketplace,beginner,no
O05200,C0366,2026-07-29,bar,12-bar box,marketplace,beginner,no
O05201,C0405,2026-07-29,bar,12-bar box,d2c,gym_regular,yes
O05202,C0499,2026-07-29,bar,12-bar box,marketplace,beginner,no
O05203,C0507,2026-07-29,bar,12-bar box,marketplace,gym_regular,no
O05204,C0632,2026-07-29,bar,12-bar box,d2c,weight_loss,yes
O05205,C0636,2026-07-29,bar,12-bar box,d2c,gym_regular,no
O05206,C0660,2026-07-29,bar,12-bar box,d2c,gym_regular,yes
O05207,C0836,2026-07-29,bar,12-bar box,d2c,weight_loss,yes
O05208,C0872,2026-07-29,bar,12-bar box,marketplace,weight_loss,no
O05209,C0961,2026-07-29,bar,12-bar box,marketplace,gym_regular,no
O05210,C1037,2026-07-29,bar,12-bar box,marketplace,weight_loss,no
O05211,C1075,2026-07-29,bar,12-bar box,d2c,beginner,yes
O05212,C1088,2026-07-29,bar,12-bar box,d2c,vegetarian,yes
O05213,C1536,2026-07-29,bar,12-bar box,marketplace,endurance,no
O05214,C1751,2026-07-29,bar,12-bar box,d2c,gym_regular,no
O05215,C1873,2026-07-29,bar,12-bar box,marketplace,beginner,no
O05216,C1908,2026-07-29,bar,12-bar box,marketplace,gym_regular,no
O05217,C2102,2026-07-29,bar,12-bar box,marketplace,gym_regular,no
O05218,C2146,2026-07-29,bar,12-bar box,d2c,weight_loss,yes
O05219,C2183,2026-07-29,bar,12-bar box,marketplace,beginner,no
O05220,C2262,2026-07-29,bar,12-bar box,d2c,gym_regular,yes
O05221,C2307,2026-07-29,bar,12-bar box,d2c,weight_loss,no
O05222,C2526,2026-07-29,bar,12-bar box,marketplace,gym_regular,no
O05223,C2564,2026-07-29,bar,12-bar box,d2c,gym_regular,yes
O05224,C2807,2026-07-29,bar,12-bar box,marketplace,gym_regular,no
O05225,C2843,2026-07-29,bar,12-bar box,d2c,weight_loss,no
O05226,C2962,2026-07-29,bar,12-bar box,d2c,gym_regular,yes
O05227,C3058,2026-07-29,bar,12-bar box,d2c,weight_loss,no
O05228,C3073,2026-07-29,bar,12-bar box,d2c,beginner,yes
O05229,C3087,2026-07-29,bar,12-bar box,marketplace,gym_regular,no
O05230,C3100,2026-07-29,bar,12-bar box,d2c,gym_regular,no
O05231,C3118,2026-07-29,bar,12-bar box,marketplace,endurance,no
O05232,C3171,2026-07-29,bar,12-bar box,d2c,vegetarian,yes
O05233,C3303,2026-07-29,bar,12-bar box,marketplace,gym_regular,no
O05234,C3716,2026-07-29,bar,12-bar box,marketplace,vegetarian,no
O05235,C0004,2026-07-30,bar,12-bar box,d2c,gym_regular,yes
O05236,C0339,2026-07-30,bar,12-bar box,marketplace,endurance,no
O05237,C0456,2026-07-30,bar,12-bar box,d2c,vegetarian,no
O05238,C0528,2026-07-30,bar,12-bar box,marketplace,endurance,no
O05239,C0595,2026-07-30,bar,12-bar box,marketplace,beginner,no
O05240,C0598,2026-07-30,bar,12-bar box,d2c,weight_loss,yes
O05241,C0644,2026-07-30,bar,12-bar box,marketplace,beginner,no
O05242,C0775,2026-07-30,bar,12-bar box,d2c,gym_regular,yes
O05243,C0816,2026-07-30,bar,12-bar box,marketplace,gym_regular,no
O05244,C0900,2026-07-30,bar,12-bar box,marketplace,endurance,no
O05245,C0959,2026-07-30,bar,12-bar box,d2c,beginner,yes
O05246,C1083,2026-07-30,bar,12-bar box,d2c,weight_loss,no
O05247,C1183,2026-07-30,bar,12-bar box,d2c,beginner,yes
O05248,C1425,2026-07-30,bar,12-bar box,d2c,gym_regular,yes
O05249,C1603,2026-07-30,bar,12-bar box,d2c,endurance,yes
O05250,C1731,2026-07-30,bar,12-bar box,d2c,gym_regular,yes
O05251,C1994,2026-07-30,bar,12-bar box,marketplace,endurance,no
O05252,C2086,2026-07-30,bar,12-bar box,d2c,gym_regular,yes
O05253,C2109,2026-07-30,bar,12-bar box,d2c,beginner,yes
O05254,C2739,2026-07-30,bar,12-bar box,d2c,vegetarian,no
O05255,C2740,2026-07-30,bar,12-bar box,marketplace,beginner,no
O05256,C2879,2026-07-30,bar,12-bar box,d2c,gym_regular,yes
O05257,C2983,2026-07-30,bar,12-bar box,d2c,weight_loss,yes
O05258,C3062,2026-07-30,bar,12-bar box,marketplace,beginner,no
O05259,C3182,2026-07-30,bar,12-bar box,d2c,gym_regular,yes
O05260,C3201,2026-07-30,bar,12-bar box,marketplace,gym_regular,no
O05261,C3257,2026-07-30,bar,12-bar box,marketplace,vegetarian,no
O05262,C3310,2026-07-30,bar,12-bar box,d2c,endurance,yes
O05263,C3350,2026-07-30,bar,12-bar box,marketplace,vegetarian,no
O05264,C3383,2026-07-30,bar,12-bar box,d2c,gym_regular,yes
O05265,C3424,2026-07-30,bar,12-bar box,marketplace,beginner,no
O05266,C3559,2026-07-30,bar,12-bar box,d2c,gym_regular,no
O05267,C3669,2026-07-30,bar,12-bar box,marketplace,gym_regular,no
O05268,C3870,2026-07-30,bar,12-bar box,d2c,gym_regular,no
O05269,C3919,2026-07-30,bar,12-bar box,d2c,beginner,yes
O05270,C0135,2026-07-31,bar,12-bar box,marketplace,gym_regular,no
O05271,C0202,2026-07-31,bar,12-bar box,d2c,gym_regular,yes
O05272,C0628,2026-07-31,bar,12-bar box,marketplace,beginner,no
O05273,C0712,2026-07-31,bar,12-bar box,marketplace,beginner,no
O05274,C0778,2026-07-31,bar,12-bar box,marketplace,endurance,no
O05275,C0830,2026-07-31,bar,12-bar box,d2c,endurance,no
O05276,C1007,2026-07-31,bar,12-bar box,marketplace,vegetarian,no
O05277,C1155,2026-07-31,bar,12-bar box,d2c,gym_regular,yes
O05278,C1245,2026-07-31,bar,12-bar box,d2c,weight_loss,yes
O05279,C1264,2026-07-31,bar,12-bar box,marketplace,gym_regular,no
O05280,C1270,2026-07-31,bar,12-bar box,marketplace,endurance,no
O05281,C1493,2026-07-31,bar,12-bar box,marketplace,beginner,no
O05282,C1678,2026-07-31,bar,12-bar box,d2c,gym_regular,yes
O05283,C1711,2026-07-31,bar,12-bar box,d2c,beginner,yes
O05284,C1777,2026-07-31,bar,12-bar box,d2c,weight_loss,no
O05285,C2074,2026-07-31,bar,12-bar box,d2c,weight_loss,yes
O05286,C2255,2026-07-31,bar,12-bar box,d2c,gym_regular,no
O05287,C3189,2026-07-31,bar,12-bar box,d2c,gym_regular,yes
O05288,C3276,2026-07-31,bar,12-bar box,d2c,weight_loss,yes
O05289,C3295,2026-07-31,bar,12-bar box,d2c,weight_loss,no
O05290,C3301,2026-07-31,bar,12-bar box,d2c,vegetarian,yes
O05291,C3421,2026-07-31,bar,12-bar box,d2c,beginner,yes
O05292,C3497,2026-07-31,bar,12-bar box,d2c,endurance,yes
O05293,C3849,2026-07-31,bar,12-bar box,d2c,gym_regular,yes
O05294,C3872,2026-07-31,bar,12-bar box,marketplace,gym_regular,no
O05295,C0144,2026-08-01,bar,12-bar box,d2c,weight_loss,yes
O05296,C0183,2026-08-01,bar,12-bar box,marketplace,gym_regular,no
O05297,C0416,2026-08-01,bar,12-bar box,d2c,weight_loss,yes
O05298,C0466,2026-08-01,bar,12-bar box,marketplace,vegetarian,no
O05299,C0481,2026-08-01,bar,12-bar box,marketplace,gym_regular,no
O05300,C0537,2026-08-01,bar,12-bar box,d2c,gym_regular,no
O05301,C0577,2026-08-01,bar,12-bar box,d2c,vegetarian,no
O05302,C0594,2026-08-01,bar,12-bar box,d2c,endurance,yes
O05303,C0617,2026-08-01,bar,12-bar box,d2c,gym_regular,yes
O05304,C0799,2026-08-01,bar,12-bar box,d2c,gym_regular,yes
O05305,C1527,2026-08-01,bar,12-bar box,marketplace,endurance,no
O05306,C1699,2026-08-01,bar,12-bar box,d2c,beginner,no
O05307,C1717,2026-08-01,bar,12-bar box,marketplace,vegetarian,no
O05308,C1822,2026-08-01,bar,12-bar box,d2c,beginner,no
O05309,C1902,2026-08-01,bar,12-bar box,d2c,vegetarian,no
O05310,C1905,2026-08-01,bar,12-bar box,d2c,gym_regular,yes
O05311,C2279,2026-08-01,bar,12-bar box,marketplace,vegetarian,no
O05312,C2281,2026-08-01,bar,12-bar box,d2c,gym_regular,no
O05313,C2387,2026-08-01,bar,12-bar box,d2c,gym_regular,no
O05314,C2436,2026-08-01,bar,12-bar box,d2c,beginner,no
O05315,C2528,2026-08-01,bar,12-bar box,d2c,beginner,no
O05316,C2557,2026-08-01,bar,12-bar box,d2c,weight_loss,no
O05317,C2579,2026-08-01,bar,12-bar box,d2c,gym_regular,no
O05318,C2594,2026-08-01,bar,12-bar box,d2c,weight_loss,no
O05319,C2628,2026-08-01,bar,12-bar box,marketplace,weight_loss,no
O05320,C2695,2026-08-01,bar,12-bar box,d2c,weight_loss,yes
O05321,C2717,2026-08-01,bar,12-bar box,d2c,gym_regular,yes
O05322,C2769,2026-08-01,bar,12-bar box,marketplace,gym_regular,no
O05323,C3110,2026-08-01,bar,12-bar box,d2c,gym_regular,yes
O05324,C3140,2026-08-01,bar,12-bar box,d2c,endurance,yes
O05325,C3145,2026-08-01,bar,12-bar box,marketplace,weight_loss,no
O05326,C3239,2026-08-01,bar,12-bar box,d2c,vegetarian,no
O05327,C3371,2026-08-01,bar,12-bar box,d2c,gym_regular,yes
O05328,C3375,2026-08-01,bar,12-bar box,d2c,gym_regular,no
O05329,C3521,2026-08-01,bar,12-bar box,d2c,endurance,no
O05330,C3747,2026-08-01,bar,12-bar box,marketplace,beginner,no
O05331,C3819,2026-08-01,bar,12-bar box,d2c,weight_loss,yes
O05332,C3948,2026-08-01,bar,12-bar box,d2c,weight_loss,no
O05333,C3958,2026-08-01,bar,12-bar box,marketplace,weight_loss,no
O05334,C3961,2026-08-01,bar,12-bar box,marketplace,gym_regular,no
O05335,C0164,2026-08-02,bar,12-bar box,marketplace,gym_regular,no
O05336,C0279,2026-08-02,bar,12-bar box,marketplace,gym_regular,no
O05337,C0871,2026-08-02,bar,12-bar box,d2c,vegetarian,no
O05338,C0893,2026-08-02,bar,12-bar box,d2c,beginner,no
O05339,C1040,2026-08-02,bar,12-bar box,marketplace,gym_regular,no
O05340,C1113,2026-08-02,bar,12-bar box,d2c,vegetarian,yes
O05341,C1196,2026-08-02,bar,12-bar box,d2c,weight_loss,yes
O05342,C1207,2026-08-02,bar,12-bar box,d2c,gym_regular,no
O05343,C1535,2026-08-02,bar,12-bar box,d2c,gym_regular,yes
O05344,C1644,2026-08-02,bar,12-bar box,marketplace,vegetarian,no
O05345,C1680,2026-08-02,bar,12-bar box,d2c,gym_regular,yes
O05346,C1805,2026-08-02,bar,12-bar box,d2c,gym_regular,yes
O05347,C2045,2026-08-02,bar,12-bar box,marketplace,beginner,no
O05348,C2049,2026-08-02,bar,12-bar box,d2c,weight_loss,yes
O05349,C2089,2026-08-02,bar,12-bar box,d2c,weight_loss,yes
O05350,C2155,2026-08-02,bar,12-bar box,d2c,beginner,yes
O05351,C2208,2026-08-02,bar,12-bar box,marketplace,beginner,no
O05352,C2304,2026-08-02,bar,12-bar box,d2c,gym_regular,yes
O05353,C2370,2026-08-02,bar,12-bar box,d2c,gym_regular,yes
O05354,C2375,2026-08-02,bar,12-bar box,marketplace,gym_regular,no
O05355,C2394,2026-08-02,bar,12-bar box,marketplace,gym_regular,no
O05356,C3354,2026-08-02,bar,12-bar box,marketplace,endurance,no
O05357,C3988,2026-08-02,bar,12-bar box,marketplace,gym_regular,no
O05358,C0560,2026-08-03,bar,12-bar box,d2c,vegetarian,yes
O05359,C0855,2026-08-03,bar,12-bar box,d2c,weight_loss,yes
O05360,C0969,2026-08-03,bar,12-bar box,marketplace,weight_loss,no
O05361,C1058,2026-08-03,bar,12-bar box,d2c,weight_loss,no
O05362,C1111,2026-08-03,bar,12-bar box,d2c,beginner,no
O05363,C1186,2026-08-03,bar,12-bar box,d2c,endurance,no
O05364,C1458,2026-08-03,bar,12-bar box,marketplace,gym_regular,no
O05365,C1668,2026-08-03,bar,12-bar box,d2c,gym_regular,no
O05366,C1756,2026-08-03,bar,12-bar box,d2c,vegetarian,yes
O05367,C2004,2026-08-03,bar,12-bar box,marketplace,gym_regular,no
O05368,C2071,2026-08-03,bar,12-bar box,d2c,vegetarian,yes
O05369,C2354,2026-08-03,bar,12-bar box,d2c,beginner,no
O05370,C2357,2026-08-03,bar,12-bar box,d2c,gym_regular,no
O05371,C2481,2026-08-03,bar,12-bar box,d2c,vegetarian,no
O05372,C2535,2026-08-03,bar,12-bar box,marketplace,gym_regular,no
O05373,C2567,2026-08-03,bar,12-bar box,d2c,beginner,no
O05374,C2637,2026-08-03,bar,12-bar box,d2c,gym_regular,no
O05375,C2754,2026-08-03,bar,12-bar box,marketplace,vegetarian,no
O05376,C2782,2026-08-03,bar,12-bar box,marketplace,gym_regular,no
O05377,C2783,2026-08-03,bar,12-bar box,d2c,gym_regular,yes
O05378,C2933,2026-08-03,bar,12-bar box,d2c,gym_regular,yes
O05379,C3198,2026-08-03,bar,12-bar box,marketplace,endurance,no
O05380,C3249,2026-08-03,bar,12-bar box,marketplace,gym_regular,no
O05381,C3321,2026-08-03,bar,12-bar box,d2c,weight_loss,yes
O05382,C3505,2026-08-03,bar,12-bar box,marketplace,vegetarian,no
O05383,C3602,2026-08-03,bar,12-bar box,d2c,weight_loss,no
O05384,C3604,2026-08-03,bar,12-bar box,d2c,gym_regular,yes
O05385,C3772,2026-08-03,bar,12-bar box,marketplace,weight_loss,no
O05386,C3890,2026-08-03,bar,12-bar box,marketplace,gym_regular,no
O05387,C3899,2026-08-03,bar,12-bar box,d2c,beginner,no
O05388,C4000,2026-08-03,bar,12-bar box,d2c,beginner,no
O05389,C0030,2026-08-04,bar,12-bar box,d2c,weight_loss,yes
O05390,C0134,2026-08-04,bar,12-bar box,marketplace,gym_regular,no
O05391,C0175,2026-08-04,bar,12-bar box,d2c,weight_loss,no
O05392,C0200,2026-08-04,bar,12-bar box,marketplace,gym_regular,no
O05393,C0543,2026-08-04,bar,12-bar box,d2c,weight_loss,no
O05394,C0808,2026-08-04,bar,12-bar box,marketplace,vegetarian,no
O05395,C0883,2026-08-04,bar,12-bar box,marketplace,endurance,no
O05396,C0928,2026-08-04,bar,12-bar box,marketplace,vegetarian,no
O05397,C0979,2026-08-04,bar,12-bar box,d2c,gym_regular,no
O05398,C1017,2026-08-04,bar,12-bar box,marketplace,beginner,no
O05399,C1347,2026-08-04,bar,12-bar box,d2c,gym_regular,yes
O05400,C1371,2026-08-04,bar,12-bar box,d2c,beginner,no
O05401,C1435,2026-08-04,bar,12-bar box,d2c,beginner,yes
O05402,C1489,2026-08-04,bar,12-bar box,d2c,vegetarian,no
O05403,C1620,2026-08-04,bar,12-bar box,d2c,gym_regular,yes
O05404,C1636,2026-08-04,bar,12-bar box,marketplace,beginner,no
O05405,C1885,2026-08-04,bar,12-bar box,marketplace,gym_regular,no
O05406,C1982,2026-08-04,bar,12-bar box,d2c,beginner,no
O05407,C2028,2026-08-04,bar,12-bar box,marketplace,vegetarian,no
O05408,C2351,2026-08-04,bar,12-bar box,d2c,gym_regular,yes
O05409,C2631,2026-08-04,bar,12-bar box,marketplace,weight_loss,no
O05410,C2636,2026-08-04,bar,12-bar box,d2c,beginner,yes
O05411,C2736,2026-08-04,bar,12-bar box,marketplace,beginner,no
O05412,C2964,2026-08-04,bar,12-bar box,marketplace,weight_loss,no
O05413,C3080,2026-08-04,bar,12-bar box,d2c,gym_regular,yes
O05414,C3363,2026-08-04,bar,12-bar box,marketplace,beginner,no
O05415,C3516,2026-08-04,bar,12-bar box,d2c,gym_regular,no
O05416,C3688,2026-08-04,bar,12-bar box,d2c,weight_loss,yes
O05417,C0016,2026-08-05,bar,12-bar box,d2c,vegetarian,yes
O05418,C0041,2026-08-05,bar,12-bar box,d2c,vegetarian,yes
O05419,C0140,2026-08-05,bar,12-bar box,d2c,endurance,yes
O05420,C0574,2026-08-05,bar,12-bar box,d2c,beginner,no
O05421,C0586,2026-08-05,bar,12-bar box,marketplace,weight_loss,no
O05422,C0614,2026-08-05,bar,12-bar box,d2c,vegetarian,yes
O05423,C0730,2026-08-05,bar,12-bar box,d2c,gym_regular,yes
O05424,C0770,2026-08-05,bar,12-bar box,marketplace,beginner,no
O05425,C0874,2026-08-05,bar,12-bar box,marketplace,endurance,no
O05426,C0989,2026-08-05,bar,12-bar box,d2c,gym_regular,yes
O05427,C1004,2026-08-05,bar,12-bar box,d2c,vegetarian,no
O05428,C1005,2026-08-05,bar,12-bar box,d2c,weight_loss,yes
O05429,C1031,2026-08-05,bar,12-bar box,marketplace,gym_regular,no
O05430,C1090,2026-08-05,bar,12-bar box,d2c,weight_loss,no
O05431,C1106,2026-08-05,bar,12-bar box,d2c,weight_loss,yes
O05432,C1137,2026-08-05,bar,12-bar box,d2c,gym_regular,no
O05433,C1154,2026-08-05,bar,12-bar box,d2c,endurance,yes
O05434,C1215,2026-08-05,bar,12-bar box,d2c,gym_regular,no
O05435,C1398,2026-08-05,bar,12-bar box,marketplace,gym_regular,no
O05436,C1594,2026-08-05,bar,12-bar box,marketplace,beginner,no
O05437,C1646,2026-08-05,bar,12-bar box,marketplace,beginner,no
O05438,C1656,2026-08-05,bar,12-bar box,d2c,beginner,yes
O05439,C1910,2026-08-05,bar,12-bar box,marketplace,weight_loss,no
O05440,C2050,2026-08-05,bar,12-bar box,d2c,endurance,no
O05441,C2065,2026-08-05,bar,12-bar box,d2c,gym_regular,yes
O05442,C2135,2026-08-05,bar,12-bar box,d2c,vegetarian,yes
O05443,C2214,2026-08-05,bar,12-bar box,d2c,gym_regular,yes
O05444,C2247,2026-08-05,bar,12-bar box,marketplace,vegetarian,no
O05445,C2361,2026-08-05,bar,12-bar box,d2c,vegetarian,yes
O05446,C2376,2026-08-05,bar,12-bar box,marketplace,weight_loss,no
O05447,C2500,2026-08-05,bar,12-bar box,d2c,beginner,no
O05448,C2576,2026-08-05,bar,12-bar box,marketplace,gym_regular,no
O05449,C2597,2026-08-05,bar,12-bar box,d2c,gym_regular,no
O05450,C2801,2026-08-05,bar,12-bar box,d2c,gym_regular,no
O05451,C2980,2026-08-05,bar,12-bar box,marketplace,beginner,no
O05452,C3333,2026-08-05,bar,12-bar box,d2c,endurance,no
O05453,C3335,2026-08-05,bar,12-bar box,d2c,vegetarian,yes
O05454,C3337,2026-08-05,bar,12-bar box,d2c,gym_regular,yes
O05455,C3524,2026-08-05,bar,12-bar box,d2c,endurance,no
O05456,C3570,2026-08-05,bar,12-bar box,marketplace,gym_regular,no
O05457,C3637,2026-08-05,bar,12-bar box,d2c,gym_regular,yes
O05458,C3638,2026-08-05,bar,12-bar box,marketplace,vegetarian,no
O05459,C3912,2026-08-05,bar,12-bar box,marketplace,gym_regular,no
O05460,C3925,2026-08-05,bar,12-bar box,marketplace,beginner,no
O05461,C3937,2026-08-05,bar,12-bar box,d2c,weight_loss,yes
O05462,C0085,2026-08-06,bar,12-bar box,d2c,weight_loss,no
O05463,C0209,2026-08-06,bar,12-bar box,d2c,endurance,yes
O05464,C0444,2026-08-06,bar,12-bar box,marketplace,gym_regular,no
O05465,C0522,2026-08-06,bar,12-bar box,marketplace,beginner,no
O05466,C0569,2026-08-06,bar,12-bar box,marketplace,beginner,no
O05467,C0668,2026-08-06,bar,12-bar box,marketplace,gym_regular,no
O05468,C0951,2026-08-06,bar,12-bar box,marketplace,gym_regular,no
O05469,C0993,2026-08-06,bar,12-bar box,d2c,vegetarian,yes
O05470,C1012,2026-08-06,bar,12-bar box,d2c,vegetarian,no
O05471,C1025,2026-08-06,bar,12-bar box,d2c,gym_regular,yes
O05472,C1179,2026-08-06,bar,12-bar box,marketplace,weight_loss,no
O05473,C1254,2026-08-06,bar,12-bar box,d2c,vegetarian,yes
O05474,C1377,2026-08-06,bar,12-bar box,d2c,beginner,yes
O05475,C1430,2026-08-06,bar,12-bar box,d2c,weight_loss,yes
O05476,C1530,2026-08-06,bar,12-bar box,marketplace,gym_regular,no
O05477,C1593,2026-08-06,bar,12-bar box,marketplace,gym_regular,no
O05478,C1866,2026-08-06,bar,12-bar box,d2c,endurance,no
O05479,C1869,2026-08-06,bar,12-bar box,d2c,vegetarian,no
O05480,C1972,2026-08-06,bar,12-bar box,marketplace,weight_loss,no
O05481,C2005,2026-08-06,bar,12-bar box,d2c,weight_loss,yes
O05482,C2063,2026-08-06,bar,12-bar box,d2c,endurance,no
O05483,C2300,2026-08-06,bar,12-bar box,marketplace,endurance,no
O05484,C2453,2026-08-06,bar,12-bar box,d2c,beginner,no
O05485,C2877,2026-08-06,bar,12-bar box,d2c,beginner,yes
O05486,C2918,2026-08-06,bar,12-bar box,marketplace,gym_regular,no
O05487,C2936,2026-08-06,bar,12-bar box,d2c,endurance,yes
O05488,C3128,2026-08-06,bar,12-bar box,marketplace,gym_regular,no
O05489,C3175,2026-08-06,bar,12-bar box,d2c,weight_loss,no
O05490,C3287,2026-08-06,bar,12-bar box,d2c,beginner,yes
O05491,C3390,2026-08-06,bar,12-bar box,d2c,gym_regular,no
O05492,C3392,2026-08-06,bar,12-bar box,d2c,gym_regular,no
O05493,C3587,2026-08-06,bar,12-bar box,d2c,gym_regular,yes
O05494,C3590,2026-08-06,bar,12-bar box,d2c,weight_loss,yes
O05495,C3666,2026-08-06,bar,12-bar box,marketplace,endurance,no
O05496,C3813,2026-08-06,bar,12-bar box,d2c,endurance,yes
O05497,C3959,2026-08-06,bar,12-bar box,marketplace,gym_regular,no
O05498,C0021,2026-08-07,bar,12-bar box,d2c,endurance,yes
O05499,C0178,2026-08-07,bar,12-bar box,d2c,vegetarian,no
O05500,C0396,2026-08-07,bar,12-bar box,marketplace,vegetarian,no
O05501,C0435,2026-08-07,bar,12-bar box,marketplace,gym_regular,no
O05502,C0496,2026-08-07,bar,12-bar box,d2c,gym_regular,no
O05503,C0573,2026-08-07,bar,12-bar box,d2c,endurance,no
O05504,C0623,2026-08-07,bar,12-bar box,marketplace,gym_regular,no
O05505,C1069,2026-08-07,bar,12-bar box,d2c,gym_regular,yes
O05506,C1177,2026-08-07,bar,12-bar box,marketplace,weight_loss,no
O05507,C1305,2026-08-07,bar,12-bar box,d2c,vegetarian,yes
O05508,C1360,2026-08-07,bar,12-bar box,d2c,weight_loss,no
O05509,C1402,2026-08-07,bar,12-bar box,d2c,weight_loss,no
O05510,C1432,2026-08-07,bar,12-bar box,marketplace,beginner,no
O05511,C1437,2026-08-07,bar,12-bar box,d2c,weight_loss,yes
O05512,C1641,2026-08-07,bar,12-bar box,d2c,gym_regular,yes
O05513,C1682,2026-08-07,bar,12-bar box,d2c,gym_regular,no
O05514,C1745,2026-08-07,bar,12-bar box,marketplace,beginner,no
O05515,C1794,2026-08-07,bar,12-bar box,d2c,gym_regular,yes
O05516,C1862,2026-08-07,bar,12-bar box,d2c,vegetarian,yes
O05517,C2193,2026-08-07,bar,12-bar box,d2c,vegetarian,no
O05518,C2219,2026-08-07,bar,12-bar box,d2c,beginner,yes
O05519,C2320,2026-08-07,bar,12-bar box,d2c,weight_loss,yes
O05520,C2389,2026-08-07,bar,12-bar box,d2c,beginner,yes
O05521,C2448,2026-08-07,bar,12-bar box,marketplace,endurance,no
O05522,C2459,2026-08-07,bar,12-bar box,d2c,gym_regular,no
O05523,C2501,2026-08-07,bar,12-bar box,d2c,vegetarian,no
O05524,C2605,2026-08-07,bar,12-bar box,d2c,vegetarian,yes
O05525,C2800,2026-08-07,bar,12-bar box,d2c,gym_regular,no
O05526,C3537,2026-08-07,bar,12-bar box,d2c,vegetarian,no
O05527,C3561,2026-08-07,bar,12-bar box,marketplace,vegetarian,no
O05528,C3616,2026-08-07,bar,12-bar box,d2c,gym_regular,no
O05529,C3719,2026-08-07,bar,12-bar box,d2c,vegetarian,yes
O05530,C3826,2026-08-07,bar,12-bar box,d2c,weight_loss,yes
O05531,C3987,2026-08-07,bar,12-bar box,marketplace,endurance,no
O05532,C0020,2026-08-08,bar,12-bar box,d2c,gym_regular,yes
O05533,C0276,2026-08-08,bar,12-bar box,d2c,gym_regular,yes
O05534,C0370,2026-08-08,bar,12-bar box,d2c,gym_regular,yes
O05535,C0487,2026-08-08,bar,12-bar box,marketplace,weight_loss,no
O05536,C0506,2026-08-08,bar,12-bar box,d2c,vegetarian,no
O05537,C0965,2026-08-08,bar,12-bar box,d2c,endurance,yes
O05538,C1124,2026-08-08,bar,12-bar box,marketplace,weight_loss,no
O05539,C1156,2026-08-08,bar,12-bar box,d2c,vegetarian,yes
O05540,C1319,2026-08-08,bar,12-bar box,d2c,vegetarian,yes
O05541,C1391,2026-08-08,bar,12-bar box,d2c,weight_loss,no
O05542,C1408,2026-08-08,bar,12-bar box,marketplace,beginner,no
O05543,C1512,2026-08-08,bar,12-bar box,marketplace,gym_regular,no
O05544,C1576,2026-08-08,bar,12-bar box,d2c,gym_regular,no
O05545,C1622,2026-08-08,bar,12-bar box,d2c,weight_loss,no
O05546,C1649,2026-08-08,bar,12-bar box,marketplace,weight_loss,no
O05547,C1654,2026-08-08,bar,12-bar box,d2c,endurance,no
O05548,C1706,2026-08-08,bar,12-bar box,d2c,beginner,no
O05549,C1845,2026-08-08,bar,12-bar box,d2c,weight_loss,yes
O05550,C1884,2026-08-08,bar,12-bar box,marketplace,beginner,no
O05551,C2032,2026-08-08,bar,12-bar box,marketplace,vegetarian,no
O05552,C2175,2026-08-08,bar,12-bar box,marketplace,weight_loss,no
O05553,C2321,2026-08-08,bar,12-bar box,d2c,gym_regular,yes
O05554,C2332,2026-08-08,bar,12-bar box,d2c,gym_regular,yes
O05555,C2707,2026-08-08,bar,12-bar box,d2c,gym_regular,no
O05556,C2827,2026-08-08,bar,12-bar box,d2c,beginner,yes
O05557,C2888,2026-08-08,bar,12-bar box,d2c,beginner,yes
O05558,C2925,2026-08-08,bar,12-bar box,marketplace,endurance,no
O05559,C3214,2026-08-08,bar,12-bar box,d2c,vegetarian,no
O05560,C3268,2026-08-08,bar,12-bar box,d2c,gym_regular,yes
O05561,C3280,2026-08-08,bar,12-bar box,d2c,gym_regular,yes
O05562,C3364,2026-08-08,bar,12-bar box,marketplace,gym_regular,no
O05563,C3431,2026-08-08,bar,12-bar box,marketplace,beginner,no
O05564,C3440,2026-08-08,bar,12-bar box,d2c,beginner,no
O05565,C3467,2026-08-08,bar,12-bar box,d2c,beginner,yes
O05566,C3558,2026-08-08,bar,12-bar box,d2c,endurance,no
O05567,C3712,2026-08-08,bar,12-bar box,d2c,gym_regular,yes
O05568,C3781,2026-08-08,bar,12-bar box,d2c,vegetarian,yes
O05569,C3788,2026-08-08,bar,12-bar box,d2c,gym_regular,no
O05570,C3824,2026-08-08,bar,12-bar box,d2c,endurance,yes
O05571,C3837,2026-08-08,bar,12-bar box,d2c,vegetarian,yes
O05572,C3934,2026-08-08,bar,12-bar box,marketplace,weight_loss,no
O05573,C3985,2026-08-08,bar,12-bar box,d2c,gym_regular,no
O05574,C0198,2026-08-09,bar,12-bar box,d2c,beginner,no
O05575,C0230,2026-08-09,bar,12-bar box,d2c,beginner,no
O05576,C0231,2026-08-09,bar,12-bar box,d2c,weight_loss,no
O05577,C0334,2026-08-09,bar,12-bar box,d2c,weight_loss,yes
O05578,C0352,2026-08-09,bar,12-bar box,marketplace,gym_regular,no
O05579,C0693,2026-08-09,bar,12-bar box,marketplace,gym_regular,no
O05580,C0724,2026-08-09,bar,12-bar box,marketplace,gym_regular,no
O05581,C0786,2026-08-09,bar,12-bar box,marketplace,gym_regular,no
O05582,C0788,2026-08-09,bar,12-bar box,marketplace,beginner,no
O05583,C0794,2026-08-09,bar,12-bar box,d2c,gym_regular,yes
O05584,C0863,2026-08-09,bar,12-bar box,d2c,beginner,no
O05585,C1140,2026-08-09,bar,12-bar box,d2c,gym_regular,yes
O05586,C1296,2026-08-09,bar,12-bar box,marketplace,weight_loss,no
O05587,C1630,2026-08-09,bar,12-bar box,d2c,endurance,yes
O05588,C1638,2026-08-09,bar,12-bar box,d2c,gym_regular,yes
O05589,C1735,2026-08-09,bar,12-bar box,d2c,vegetarian,no
O05590,C1785,2026-08-09,bar,12-bar box,marketplace,beginner,no
O05591,C1790,2026-08-09,bar,12-bar box,marketplace,weight_loss,no
O05592,C1993,2026-08-09,bar,12-bar box,marketplace,endurance,no
O05593,C2113,2026-08-09,bar,12-bar box,marketplace,gym_regular,no
O05594,C2210,2026-08-09,bar,12-bar box,d2c,weight_loss,no
O05595,C2305,2026-08-09,bar,12-bar box,d2c,vegetarian,yes
O05596,C2604,2026-08-09,bar,12-bar box,d2c,gym_regular,yes
O05597,C2733,2026-08-09,bar,12-bar box,d2c,gym_regular,yes
O05598,C3209,2026-08-09,bar,12-bar box,d2c,gym_regular,yes
O05599,C3336,2026-08-09,bar,12-bar box,d2c,gym_regular,yes
O05600,C3504,2026-08-09,bar,12-bar box,d2c,gym_regular,no
O05601,C3506,2026-08-09,bar,12-bar box,d2c,vegetarian,no
O05602,C3809,2026-08-09,bar,12-bar box,marketplace,gym_regular,no
O05603,C3895,2026-08-09,bar,12-bar box,marketplace,beginner,no
O05604,C3901,2026-08-09,bar,12-bar box,marketplace,gym_regular,no
O05605,C3910,2026-08-09,bar,12-bar box,d2c,beginner,yes
O05606,C0064,2026-08-10,bar,12-bar box,d2c,weight_loss,yes
O05607,C0114,2026-08-10,bar,12-bar box,d2c,endurance,no
O05608,C0167,2026-08-10,bar,12-bar box,d2c,endurance,yes
O05609,C0207,2026-08-10,bar,12-bar box,d2c,endurance,no
O05610,C0333,2026-08-10,bar,12-bar box,d2c,gym_regular,no
O05611,C0793,2026-08-10,bar,12-bar box,marketplace,gym_regular,no
O05612,C1224,2026-08-10,bar,12-bar box,marketplace,vegetarian,no
O05613,C1417,2026-08-10,bar,12-bar box,d2c,beginner,yes
O05614,C1473,2026-08-10,bar,12-bar box,d2c,weight_loss,yes
O05615,C1480,2026-08-10,bar,12-bar box,marketplace,gym_regular,no
O05616,C1685,2026-08-10,bar,12-bar box,d2c,beginner,no
O05617,C1810,2026-08-10,bar,12-bar box,marketplace,beginner,no
O05618,C2046,2026-08-10,bar,12-bar box,d2c,gym_regular,yes
O05619,C2083,2026-08-10,bar,12-bar box,marketplace,vegetarian,no
O05620,C2159,2026-08-10,bar,12-bar box,marketplace,vegetarian,no
O05621,C2185,2026-08-10,bar,12-bar box,d2c,gym_regular,yes
O05622,C2328,2026-08-10,bar,12-bar box,d2c,gym_regular,yes
O05623,C2380,2026-08-10,bar,12-bar box,marketplace,vegetarian,no
O05624,C2418,2026-08-10,bar,12-bar box,d2c,vegetarian,yes
O05625,C2730,2026-08-10,bar,12-bar box,marketplace,gym_regular,no
O05626,C2840,2026-08-10,bar,12-bar box,d2c,gym_regular,yes
O05627,C2937,2026-08-10,bar,12-bar box,marketplace,weight_loss,no
O05628,C2969,2026-08-10,bar,12-bar box,marketplace,gym_regular,no
O05629,C3134,2026-08-10,bar,12-bar box,d2c,gym_regular,yes
O05630,C3416,2026-08-10,bar,12-bar box,marketplace,gym_regular,no
O05631,C3426,2026-08-10,bar,12-bar box,d2c,gym_regular,yes
O05632,C3639,2026-08-10,bar,12-bar box,marketplace,weight_loss,no
O05633,C3647,2026-08-10,bar,12-bar box,marketplace,endurance,no
O05634,C3702,2026-08-10,bar,12-bar box,d2c,beginner,yes
O05635,C3705,2026-08-10,bar,12-bar box,d2c,gym_regular,yes
O05636,C3840,2026-08-10,bar,12-bar box,marketplace,vegetarian,no
O05637,C3945,2026-08-10,bar,12-bar box,marketplace,gym_regular,no
O05638,C3994,2026-08-10,bar,12-bar box,d2c,gym_regular,no
O05639,C0066,2026-08-11,bar,12-bar box,marketplace,gym_regular,no
O05640,C0110,2026-08-11,bar,12-bar box,d2c,gym_regular,yes
O05641,C0147,2026-08-11,bar,12-bar box,marketplace,gym_regular,no
O05642,C0158,2026-08-11,bar,12-bar box,marketplace,beginner,no
O05643,C0274,2026-08-11,bar,12-bar box,marketplace,weight_loss,no
O05644,C0302,2026-08-11,bar,12-bar box,d2c,endurance,yes
O05645,C0348,2026-08-11,bar,12-bar box,marketplace,vegetarian,no
O05646,C0516,2026-08-11,bar,12-bar box,d2c,weight_loss,no
O05647,C0739,2026-08-11,bar,12-bar box,d2c,weight_loss,no
O05648,C0787,2026-08-11,bar,12-bar box,d2c,gym_regular,yes
O05649,C0905,2026-08-11,bar,12-bar box,marketplace,vegetarian,no
O05650,C1118,2026-08-11,bar,12-bar box,marketplace,endurance,no
O05651,C1144,2026-08-11,bar,12-bar box,d2c,beginner,yes
O05652,C1294,2026-08-11,bar,12-bar box,d2c,endurance,yes
O05653,C1335,2026-08-11,bar,12-bar box,marketplace,beginner,no
O05654,C1363,2026-08-11,bar,12-bar box,marketplace,beginner,no
O05655,C1543,2026-08-11,bar,12-bar box,d2c,weight_loss,no
O05656,C1549,2026-08-11,bar,12-bar box,d2c,beginner,yes
O05657,C1555,2026-08-11,bar,12-bar box,d2c,beginner,yes
O05658,C1572,2026-08-11,bar,12-bar box,marketplace,beginner,no
O05659,C1574,2026-08-11,bar,12-bar box,d2c,weight_loss,no
O05660,C1643,2026-08-11,bar,12-bar box,marketplace,gym_regular,no
O05661,C1655,2026-08-11,bar,12-bar box,d2c,beginner,yes
O05662,C1659,2026-08-11,bar,12-bar box,d2c,gym_regular,yes
O05663,C1692,2026-08-11,bar,12-bar box,marketplace,weight_loss,no
O05664,C1742,2026-08-11,bar,12-bar box,d2c,endurance,no
O05665,C1903,2026-08-11,bar,12-bar box,d2c,gym_regular,yes
O05666,C1968,2026-08-11,bar,12-bar box,d2c,weight_loss,yes
O05667,C2103,2026-08-11,bar,12-bar box,d2c,gym_regular,no
O05668,C2116,2026-08-11,bar,12-bar box,d2c,vegetarian,yes
O05669,C2223,2026-08-11,bar,12-bar box,marketplace,gym_regular,no
O05670,C2646,2026-08-11,bar,12-bar box,marketplace,gym_regular,no
O05671,C2654,2026-08-11,bar,12-bar box,d2c,beginner,no
O05672,C2749,2026-08-11,bar,12-bar box,d2c,gym_regular,no
O05673,C2784,2026-08-11,bar,12-bar box,marketplace,weight_loss,no
O05674,C2878,2026-08-11,bar,12-bar box,d2c,weight_loss,yes
O05675,C2912,2026-08-11,bar,12-bar box,d2c,weight_loss,no
O05676,C2982,2026-08-11,bar,12-bar box,d2c,gym_regular,no
O05677,C2989,2026-08-11,bar,12-bar box,marketplace,vegetarian,no
O05678,C2996,2026-08-11,bar,12-bar box,d2c,beginner,yes
O05679,C3003,2026-08-11,bar,12-bar box,d2c,beginner,yes
O05680,C3098,2026-08-11,bar,12-bar box,d2c,gym_regular,no
O05681,C3099,2026-08-11,bar,12-bar box,d2c,weight_loss,no
O05682,C3243,2026-08-11,bar,12-bar box,marketplace,gym_regular,no
O05683,C3256,2026-08-11,bar,12-bar box,d2c,gym_regular,yes
O05684,C3464,2026-08-11,bar,12-bar box,marketplace,vegetarian,no
O05685,C3564,2026-08-11,bar,12-bar box,marketplace,gym_regular,no
O05686,C3722,2026-08-11,bar,12-bar box,marketplace,gym_regular,no
O05687,C0011,2026-08-12,bar,12-bar box,d2c,beginner,yes
O05688,C0038,2026-08-12,bar,12-bar box,d2c,gym_regular,yes
O05689,C0153,2026-08-12,bar,12-bar box,d2c,vegetarian,no
O05690,C0179,2026-08-12,bar,12-bar box,marketplace,endurance,no
O05691,C0376,2026-08-12,bar,12-bar box,d2c,gym_regular,no
O05692,C0441,2026-08-12,bar,12-bar box,d2c,gym_regular,no
O05693,C0530,2026-08-12,bar,12-bar box,marketplace,beginner,no
O05694,C0570,2026-08-12,bar,12-bar box,d2c,weight_loss,yes
O05695,C0590,2026-08-12,bar,12-bar box,d2c,gym_regular,yes
O05696,C0659,2026-08-12,bar,12-bar box,marketplace,vegetarian,no
O05697,C0703,2026-08-12,bar,12-bar box,marketplace,weight_loss,no
O05698,C0721,2026-08-12,bar,12-bar box,d2c,gym_regular,no
O05699,C0722,2026-08-12,bar,12-bar box,d2c,weight_loss,no
O05700,C0729,2026-08-12,bar,12-bar box,d2c,weight_loss,yes
O05701,C0765,2026-08-12,bar,12-bar box,marketplace,gym_regular,no
O05702,C0818,2026-08-12,bar,12-bar box,d2c,endurance,yes
O05703,C0990,2026-08-12,bar,12-bar box,marketplace,weight_loss,no
O05704,C1099,2026-08-12,bar,12-bar box,d2c,beginner,yes
O05705,C1107,2026-08-12,bar,12-bar box,d2c,vegetarian,yes
O05706,C1112,2026-08-12,bar,12-bar box,d2c,weight_loss,no
O05707,C1132,2026-08-12,bar,12-bar box,d2c,endurance,yes
O05708,C1204,2026-08-12,bar,12-bar box,marketplace,weight_loss,no
O05709,C1248,2026-08-12,bar,12-bar box,marketplace,gym_regular,no
O05710,C1388,2026-08-12,bar,12-bar box,d2c,weight_loss,yes
O05711,C1414,2026-08-12,bar,12-bar box,d2c,gym_regular,no
O05712,C1455,2026-08-12,bar,12-bar box,d2c,beginner,yes
O05713,C1528,2026-08-12,bar,12-bar box,d2c,gym_regular,yes
O05714,C1561,2026-08-12,bar,12-bar box,marketplace,weight_loss,no
O05715,C1906,2026-08-12,bar,12-bar box,marketplace,gym_regular,no
O05716,C1944,2026-08-12,bar,12-bar box,marketplace,gym_regular,no
O05717,C1995,2026-08-12,bar,12-bar box,d2c,weight_loss,no
O05718,C2061,2026-08-12,bar,12-bar box,d2c,gym_regular,yes
O05719,C2217,2026-08-12,bar,12-bar box,marketplace,beginner,no
O05720,C2371,2026-08-12,bar,12-bar box,d2c,gym_regular,no
O05721,C2764,2026-08-12,bar,12-bar box,marketplace,beginner,no
O05722,C2780,2026-08-12,bar,12-bar box,d2c,vegetarian,yes
O05723,C2826,2026-08-12,bar,12-bar box,marketplace,weight_loss,no
O05724,C3435,2026-08-12,bar,12-bar box,marketplace,gym_regular,no
O05725,C3820,2026-08-12,bar,12-bar box,d2c,vegetarian,no
O05726,C3864,2026-08-12,bar,12-bar box,marketplace,gym_regular,no
O05727,C3885,2026-08-12,bar,12-bar box,marketplace,weight_loss,no
O05728,C3943,2026-08-12,bar,12-bar box,d2c,weight_loss,no
O05729,C0018,2026-08-13,bar,12-bar box,marketplace,weight_loss,no
O05730,C0381,2026-08-13,bar,12-bar box,d2c,weight_loss,no
O05731,C0497,2026-08-13,bar,12-bar box,marketplace,beginner,no
O05732,C0585,2026-08-13,bar,12-bar box,d2c,beginner,yes
O05733,C0994,2026-08-13,bar,12-bar box,marketplace,gym_regular,no
O05734,C1146,2026-08-13,bar,12-bar box,marketplace,endurance,no
O05735,C1228,2026-08-13,bar,12-bar box,marketplace,gym_regular,no
O05736,C1321,2026-08-13,bar,12-bar box,d2c,gym_regular,yes
O05737,C1517,2026-08-13,bar,12-bar box,marketplace,beginner,no
O05738,C1675,2026-08-13,bar,12-bar box,d2c,weight_loss,yes
O05739,C1701,2026-08-13,bar,12-bar box,d2c,gym_regular,no
O05740,C1729,2026-08-13,bar,12-bar box,d2c,gym_regular,no
O05741,C1797,2026-08-13,bar,12-bar box,d2c,vegetarian,no
O05742,C1817,2026-08-13,bar,12-bar box,marketplace,weight_loss,no
O05743,C1825,2026-08-13,bar,12-bar box,d2c,weight_loss,no
O05744,C1849,2026-08-13,bar,12-bar box,d2c,endurance,no
O05745,C1926,2026-08-13,bar,12-bar box,marketplace,endurance,no
O05746,C1987,2026-08-13,bar,12-bar box,d2c,vegetarian,no
O05747,C2369,2026-08-13,bar,12-bar box,marketplace,weight_loss,no
O05748,C2584,2026-08-13,bar,12-bar box,d2c,endurance,yes
O05749,C2706,2026-08-13,bar,12-bar box,d2c,endurance,no
O05750,C2734,2026-08-13,bar,12-bar box,d2c,beginner,yes
O05751,C2968,2026-08-13,bar,12-bar box,marketplace,beginner,no
O05752,C3045,2026-08-13,bar,12-bar box,marketplace,gym_regular,no
O05753,C3277,2026-08-13,bar,12-bar box,marketplace,beginner,no
O05754,C3328,2026-08-13,bar,12-bar box,marketplace,endurance,no
O05755,C3360,2026-08-13,bar,12-bar box,marketplace,gym_regular,no
O05756,C3432,2026-08-13,bar,12-bar box,d2c,gym_regular,yes
O05757,C3745,2026-08-13,bar,12-bar box,d2c,gym_regular,yes
O05758,C3796,2026-08-13,bar,12-bar box,d2c,gym_regular,yes
O05759,C3859,2026-08-13,bar,12-bar box,d2c,weight_loss,no
O05760,C3952,2026-08-13,bar,12-bar box,d2c,weight_loss,yes
O05761,C3983,2026-08-13,bar,12-bar box,marketplace,gym_regular,no
O05762,C0106,2026-08-14,bar,12-bar box,d2c,weight_loss,no
O05763,C0201,2026-08-14,bar,12-bar box,marketplace,vegetarian,no
O05764,C0304,2026-08-14,bar,12-bar box,marketplace,beginner,no
O05765,C0373,2026-08-14,bar,12-bar box,d2c,vegetarian,no
O05766,C0785,2026-08-14,bar,12-bar box,d2c,gym_regular,no
O05767,C0823,2026-08-14,bar,12-bar box,d2c,gym_regular,no
O05768,C0986,2026-08-14,bar,12-bar box,marketplace,gym_regular,no
O05769,C1185,2026-08-14,bar,12-bar box,marketplace,vegetarian,no
O05770,C1241,2026-08-14,bar,12-bar box,marketplace,endurance,no
O05771,C1242,2026-08-14,bar,12-bar box,d2c,gym_regular,yes
O05772,C1268,2026-08-14,bar,12-bar box,d2c,weight_loss,yes
O05773,C1554,2026-08-14,bar,12-bar box,d2c,gym_regular,no
O05774,C1927,2026-08-14,bar,12-bar box,d2c,weight_loss,yes
O05775,C1948,2026-08-14,bar,12-bar box,d2c,vegetarian,yes
O05776,C1996,2026-08-14,bar,12-bar box,marketplace,vegetarian,no
O05777,C2240,2026-08-14,bar,12-bar box,marketplace,vegetarian,no
O05778,C2348,2026-08-14,bar,12-bar box,d2c,vegetarian,yes
O05779,C2451,2026-08-14,bar,12-bar box,d2c,gym_regular,yes
O05780,C2461,2026-08-14,bar,12-bar box,marketplace,vegetarian,no
O05781,C2474,2026-08-14,bar,12-bar box,d2c,weight_loss,no
O05782,C2546,2026-08-14,bar,12-bar box,marketplace,weight_loss,no
O05783,C2729,2026-08-14,bar,12-bar box,d2c,gym_regular,yes
O05784,C2811,2026-08-14,bar,12-bar box,d2c,gym_regular,yes
O05785,C2932,2026-08-14,bar,12-bar box,d2c,vegetarian,yes
O05786,C3382,2026-08-14,bar,12-bar box,marketplace,endurance,no
O05787,C3495,2026-08-14,bar,12-bar box,d2c,gym_regular,no
O05788,C3677,2026-08-14,bar,12-bar box,marketplace,gym_regular,no
O05789,C3703,2026-08-14,bar,12-bar box,marketplace,endurance,no
O05790,C3706,2026-08-14,bar,12-bar box,d2c,weight_loss,yes
O05791,C3752,2026-08-14,bar,12-bar box,d2c,gym_regular,yes
O05792,C3865,2026-08-14,bar,12-bar box,marketplace,gym_regular,no
O05793,C0109,2026-08-15,bar,12-bar box,marketplace,gym_regular,no
O05794,C0159,2026-08-15,bar,12-bar box,marketplace,gym_regular,no
O05795,C0227,2026-08-15,bar,12-bar box,d2c,gym_regular,no
O05796,C0425,2026-08-15,bar,12-bar box,d2c,vegetarian,yes
O05797,C0448,2026-08-15,bar,12-bar box,d2c,weight_loss,no
O05798,C0454,2026-08-15,bar,12-bar box,d2c,endurance,no
O05799,C0681,2026-08-15,bar,12-bar box,marketplace,gym_regular,no
O05800,C0705,2026-08-15,bar,12-bar box,d2c,vegetarian,no
O05801,C0726,2026-08-15,bar,12-bar box,d2c,vegetarian,yes
O05802,C0821,2026-08-15,bar,12-bar box,d2c,gym_regular,yes
O05803,C0848,2026-08-15,bar,12-bar box,d2c,gym_regular,yes
O05804,C0903,2026-08-15,bar,12-bar box,d2c,gym_regular,no
O05805,C0992,2026-08-15,bar,12-bar box,d2c,endurance,no
O05806,C1098,2026-08-15,bar,12-bar box,marketplace,gym_regular,no
O05807,C1201,2026-08-15,bar,12-bar box,d2c,vegetarian,no
O05808,C1220,2026-08-15,bar,12-bar box,marketplace,gym_regular,no
O05809,C1271,2026-08-15,bar,12-bar box,d2c,gym_regular,yes
O05810,C1283,2026-08-15,bar,12-bar box,d2c,weight_loss,no
O05811,C1298,2026-08-15,bar,12-bar box,marketplace,gym_regular,no
O05812,C1342,2026-08-15,bar,12-bar box,d2c,endurance,yes
O05813,C1465,2026-08-15,bar,12-bar box,marketplace,weight_loss,no
O05814,C1481,2026-08-15,bar,12-bar box,marketplace,gym_regular,no
O05815,C1565,2026-08-15,bar,12-bar box,marketplace,weight_loss,no
O05816,C1663,2026-08-15,bar,12-bar box,d2c,beginner,no
O05817,C1673,2026-08-15,bar,12-bar box,d2c,gym_regular,yes
O05818,C1689,2026-08-15,bar,12-bar box,d2c,gym_regular,no
O05819,C1979,2026-08-15,bar,12-bar box,d2c,beginner,no
O05820,C2099,2026-08-15,bar,12-bar box,marketplace,weight_loss,no
O05821,C2286,2026-08-15,bar,12-bar box,d2c,vegetarian,yes
O05822,C2291,2026-08-15,bar,12-bar box,marketplace,beginner,no
O05823,C2346,2026-08-15,bar,12-bar box,marketplace,gym_regular,no
O05824,C2349,2026-08-15,bar,12-bar box,d2c,weight_loss,no
O05825,C2358,2026-08-15,bar,12-bar box,d2c,beginner,yes
O05826,C2367,2026-08-15,bar,12-bar box,d2c,weight_loss,no
O05827,C2560,2026-08-15,bar,12-bar box,marketplace,gym_regular,no
O05828,C2603,2026-08-15,bar,12-bar box,d2c,beginner,no
O05829,C2610,2026-08-15,bar,12-bar box,marketplace,gym_regular,no
O05830,C2685,2026-08-15,bar,12-bar box,marketplace,gym_regular,no
O05831,C2830,2026-08-15,bar,12-bar box,marketplace,beginner,no
O05832,C2922,2026-08-15,bar,12-bar box,marketplace,beginner,no
O05833,C2942,2026-08-15,bar,12-bar box,marketplace,gym_regular,no
O05834,C3018,2026-08-15,bar,12-bar box,marketplace,beginner,no
O05835,C3158,2026-08-15,bar,12-bar box,d2c,beginner,no
O05836,C3212,2026-08-15,bar,12-bar box,marketplace,vegetarian,no
O05837,C3384,2026-08-15,bar,12-bar box,marketplace,gym_regular,no
O05838,C3566,2026-08-15,bar,12-bar box,d2c,weight_loss,no
O05839,C3573,2026-08-15,bar,12-bar box,marketplace,endurance,no
O05840,C3582,2026-08-15,bar,12-bar box,d2c,gym_regular,no
O05841,C3589,2026-08-15,bar,12-bar box,d2c,weight_loss,yes
O05842,C3789,2026-08-15,bar,12-bar box,d2c,beginner,no
O05843,C3917,2026-08-15,bar,12-bar box,marketplace,vegetarian,no
O05844,C3991,2026-08-15,bar,12-bar box,marketplace,gym_regular,no
O05845,C0019,2026-08-16,bar,12-bar box,d2c,vegetarian,no
O05846,C0069,2026-08-16,bar,12-bar box,d2c,gym_regular,no
O05847,C0215,2026-08-16,bar,12-bar box,d2c,gym_regular,no
O05848,C0236,2026-08-16,bar,12-bar box,marketplace,beginner,no
O05849,C0325,2026-08-16,bar,12-bar box,d2c,beginner,yes
O05850,C0361,2026-08-16,bar,12-bar box,marketplace,gym_regular,no
O05851,C0685,2026-08-16,bar,12-bar box,marketplace,weight_loss,no
O05852,C0743,2026-08-16,bar,12-bar box,d2c,weight_loss,yes
O05853,C0777,2026-08-16,bar,12-bar box,d2c,gym_regular,no
O05854,C0879,2026-08-16,bar,12-bar box,d2c,beginner,no
O05855,C1065,2026-08-16,bar,12-bar box,marketplace,gym_regular,no
O05856,C1142,2026-08-16,bar,12-bar box,marketplace,endurance,no
O05857,C1189,2026-08-16,bar,12-bar box,d2c,gym_regular,yes
O05858,C1304,2026-08-16,bar,12-bar box,d2c,gym_regular,no
O05859,C1378,2026-08-16,bar,12-bar box,d2c,beginner,yes
O05860,C1559,2026-08-16,bar,12-bar box,marketplace,weight_loss,no
O05861,C1768,2026-08-16,bar,12-bar box,marketplace,endurance,no
O05862,C1861,2026-08-16,bar,12-bar box,d2c,vegetarian,no
O05863,C2087,2026-08-16,bar,12-bar box,d2c,vegetarian,no
O05864,C2127,2026-08-16,bar,12-bar box,d2c,beginner,yes
O05865,C2312,2026-08-16,bar,12-bar box,marketplace,weight_loss,no
O05866,C2350,2026-08-16,bar,12-bar box,d2c,gym_regular,no
O05867,C2411,2026-08-16,bar,12-bar box,marketplace,beginner,no
O05868,C2551,2026-08-16,bar,12-bar box,d2c,vegetarian,yes
O05869,C2806,2026-08-16,bar,12-bar box,marketplace,gym_regular,no
O05870,C2824,2026-08-16,bar,12-bar box,d2c,endurance,no
O05871,C2881,2026-08-16,bar,12-bar box,marketplace,weight_loss,no
O05872,C3053,2026-08-16,bar,12-bar box,marketplace,beginner,no
O05873,C3136,2026-08-16,bar,12-bar box,d2c,weight_loss,no
O05874,C3297,2026-08-16,bar,12-bar box,d2c,gym_regular,no
O05875,C3543,2026-08-16,bar,12-bar box,d2c,gym_regular,yes
O05876,C3575,2026-08-16,bar,12-bar box,marketplace,vegetarian,no
O05877,C3698,2026-08-16,bar,12-bar box,d2c,weight_loss,no
O05878,C3756,2026-08-16,bar,12-bar box,marketplace,beginner,no
O05879,C3803,2026-08-16,bar,12-bar box,d2c,gym_regular,yes
O05880,C3964,2026-08-16,bar,12-bar box,marketplace,weight_loss,no
O05881,C3978,2026-08-16,bar,12-bar box,d2c,gym_regular,no
O05882,C0017,2026-08-17,bar,12-bar box,marketplace,weight_loss,no
O05883,C0080,2026-08-17,bar,12-bar box,d2c,weight_loss,no
O05884,C0208,2026-08-17,bar,12-bar box,d2c,weight_loss,yes
O05885,C0210,2026-08-17,bar,12-bar box,d2c,endurance,no
O05886,C0238,2026-08-17,bar,12-bar box,marketplace,beginner,no
O05887,C0243,2026-08-17,bar,12-bar box,marketplace,weight_loss,no
O05888,C0252,2026-08-17,bar,12-bar box,d2c,gym_regular,no
O05889,C0419,2026-08-17,bar,12-bar box,marketplace,beginner,no
O05890,C0468,2026-08-17,bar,12-bar box,d2c,weight_loss,yes
O05891,C0480,2026-08-17,bar,12-bar box,d2c,gym_regular,no
O05892,C0679,2026-08-17,bar,12-bar box,marketplace,weight_loss,no
O05893,C0841,2026-08-17,bar,12-bar box,d2c,weight_loss,yes
O05894,C0913,2026-08-17,bar,12-bar box,d2c,weight_loss,yes
O05895,C0987,2026-08-17,bar,12-bar box,d2c,gym_regular,no
O05896,C1010,2026-08-17,bar,12-bar box,marketplace,endurance,no
O05897,C1032,2026-08-17,bar,12-bar box,marketplace,beginner,no
O05898,C1087,2026-08-17,bar,12-bar box,d2c,weight_loss,yes
O05899,C1166,2026-08-17,bar,12-bar box,marketplace,vegetarian,no
O05900,C1167,2026-08-17,bar,12-bar box,d2c,gym_regular,no
O05901,C1197,2026-08-17,bar,12-bar box,marketplace,gym_regular,no
O05902,C1218,2026-08-17,bar,12-bar box,d2c,endurance,no
O05903,C1339,2026-08-17,bar,12-bar box,d2c,gym_regular,no
O05904,C1404,2026-08-17,bar,12-bar box,marketplace,endurance,no
O05905,C1746,2026-08-17,bar,12-bar box,d2c,beginner,yes
O05906,C1753,2026-08-17,bar,12-bar box,marketplace,endurance,no
O05907,C1994,2026-08-17,bar,12-bar box,marketplace,endurance,no
O05908,C2027,2026-08-17,bar,12-bar box,marketplace,gym_regular,no
O05909,C2123,2026-08-17,bar,12-bar box,marketplace,beginner,no
O05910,C2252,2026-08-17,bar,12-bar box,d2c,endurance,no
O05911,C2256,2026-08-17,bar,12-bar box,d2c,gym_regular,no
O05912,C2324,2026-08-17,bar,12-bar box,d2c,gym_regular,no
O05913,C2503,2026-08-17,bar,12-bar box,d2c,gym_regular,no
O05914,C2552,2026-08-17,bar,12-bar box,d2c,gym_regular,yes
O05915,C2593,2026-08-17,bar,12-bar box,d2c,weight_loss,yes
O05916,C2902,2026-08-17,bar,12-bar box,marketplace,weight_loss,no
O05917,C2905,2026-08-17,bar,12-bar box,d2c,gym_regular,yes
O05918,C2986,2026-08-17,bar,12-bar box,marketplace,endurance,no
O05919,C3041,2026-08-17,bar,12-bar box,marketplace,gym_regular,no
O05920,C3100,2026-08-17,bar,12-bar box,d2c,gym_regular,no
O05921,C3115,2026-08-17,bar,12-bar box,d2c,weight_loss,yes
O05922,C3118,2026-08-17,bar,12-bar box,marketplace,endurance,no
O05923,C3152,2026-08-17,bar,12-bar box,d2c,vegetarian,no
O05924,C3272,2026-08-17,bar,12-bar box,marketplace,beginner,no
O05925,C3502,2026-08-17,bar,12-bar box,d2c,beginner,no
O05926,C3527,2026-08-17,bar,12-bar box,d2c,gym_regular,no
O05927,C3559,2026-08-17,bar,12-bar box,d2c,gym_regular,no
O05928,C3790,2026-08-17,bar,12-bar box,marketplace,weight_loss,no
O05929,C3963,2026-08-17,bar,12-bar box,marketplace,weight_loss,no
O05930,C0002,2026-08-18,bar,12-bar box,d2c,vegetarian,no
O05931,C0188,2026-08-18,bar,12-bar box,d2c,weight_loss,no
O05932,C0307,2026-08-18,bar,12-bar box,marketplace,vegetarian,no
O05933,C0339,2026-08-18,bar,12-bar box,marketplace,endurance,no
O05934,C0473,2026-08-18,bar,12-bar box,d2c,beginner,yes
O05935,C0482,2026-08-18,bar,12-bar box,d2c,gym_regular,yes
O05936,C0571,2026-08-18,bar,12-bar box,d2c,beginner,yes
O05937,C0644,2026-08-18,bar,12-bar box,marketplace,beginner,no
O05938,C0712,2026-08-18,bar,12-bar box,marketplace,beginner,no
O05939,C1045,2026-08-18,bar,12-bar box,marketplace,endurance,no
O05940,C1164,2026-08-18,bar,12-bar box,d2c,weight_loss,no
O05941,C1188,2026-08-18,bar,12-bar box,d2c,gym_regular,yes
O05942,C1312,2026-08-18,bar,12-bar box,marketplace,vegetarian,no
O05943,C1504,2026-08-18,bar,12-bar box,d2c,weight_loss,no
O05944,C1639,2026-08-18,bar,12-bar box,d2c,gym_regular,yes
O05945,C1739,2026-08-18,bar,12-bar box,d2c,vegetarian,no
O05946,C1802,2026-08-18,bar,12-bar box,marketplace,weight_loss,no
O05947,C1873,2026-08-18,bar,12-bar box,marketplace,beginner,no
O05948,C1882,2026-08-18,bar,12-bar box,d2c,endurance,yes
O05949,C1941,2026-08-18,bar,12-bar box,marketplace,beginner,no
O05950,C2090,2026-08-18,bar,12-bar box,d2c,gym_regular,yes
O05951,C2097,2026-08-18,bar,12-bar box,d2c,vegetarian,no
O05952,C2168,2026-08-18,bar,12-bar box,d2c,gym_regular,no
O05953,C2398,2026-08-18,bar,12-bar box,d2c,weight_loss,no
O05954,C2426,2026-08-18,bar,12-bar box,marketplace,beginner,no
O05955,C2456,2026-08-18,bar,12-bar box,d2c,gym_regular,no
O05956,C2539,2026-08-18,bar,12-bar box,d2c,vegetarian,no
O05957,C2574,2026-08-18,bar,12-bar box,marketplace,weight_loss,no
O05958,C2587,2026-08-18,bar,12-bar box,d2c,vegetarian,yes
O05959,C2642,2026-08-18,bar,12-bar box,d2c,gym_regular,yes
O05960,C2674,2026-08-18,bar,12-bar box,d2c,weight_loss,yes
O05961,C2745,2026-08-18,bar,12-bar box,marketplace,endurance,no
O05962,C3255,2026-08-18,bar,12-bar box,marketplace,endurance,no
O05963,C3303,2026-08-18,bar,12-bar box,marketplace,gym_regular,no
O05964,C3373,2026-08-18,bar,12-bar box,marketplace,endurance,no
O05965,C3419,2026-08-18,bar,12-bar box,marketplace,gym_regular,no
O05966,C3456,2026-08-18,bar,12-bar box,marketplace,gym_regular,no
O05967,C3510,2026-08-18,bar,12-bar box,marketplace,gym_regular,no
O05968,C3512,2026-08-18,bar,12-bar box,d2c,gym_regular,no
O05969,C3586,2026-08-18,bar,12-bar box,d2c,gym_regular,yes
O05970,C3715,2026-08-18,bar,12-bar box,marketplace,weight_loss,no
O05971,C3744,2026-08-18,bar,12-bar box,marketplace,gym_regular,no
O05972,C3751,2026-08-18,bar,12-bar box,d2c,weight_loss,no
O05973,C3753,2026-08-18,bar,12-bar box,d2c,gym_regular,no
O05974,C3757,2026-08-18,bar,12-bar box,d2c,gym_regular,no
O05975,C0100,2026-08-19,bar,12-bar box,d2c,gym_regular,no
O05976,C0107,2026-08-19,bar,12-bar box,marketplace,endurance,no
O05977,C0160,2026-08-19,bar,12-bar box,d2c,gym_regular,no
O05978,C0205,2026-08-19,bar,12-bar box,d2c,weight_loss,no
O05979,C0278,2026-08-19,bar,12-bar box,d2c,vegetarian,yes
O05980,C0280,2026-08-19,bar,12-bar box,marketplace,gym_regular,no
O05981,C0387,2026-08-19,bar,12-bar box,marketplace,vegetarian,no
O05982,C0395,2026-08-19,bar,12-bar box,d2c,endurance,no
O05983,C0400,2026-08-19,bar,12-bar box,d2c,weight_loss,no
O05984,C0424,2026-08-19,bar,12-bar box,d2c,gym_regular,yes
O05985,C0494,2026-08-19,bar,12-bar box,d2c,endurance,no
O05986,C0577,2026-08-19,bar,12-bar box,d2c,vegetarian,no
O05987,C0589,2026-08-19,bar,12-bar box,marketplace,gym_regular,no
O05988,C0634,2026-08-19,bar,12-bar box,marketplace,beginner,no
O05989,C0696,2026-08-19,bar,12-bar box,marketplace,weight_loss,no
O05990,C0861,2026-08-19,bar,12-bar box,d2c,vegetarian,no
O05991,C0901,2026-08-19,bar,12-bar box,d2c,weight_loss,yes
O05992,C1052,2026-08-19,bar,12-bar box,d2c,gym_regular,no
O05993,C1074,2026-08-19,bar,12-bar box,marketplace,beginner,no
O05994,C1110,2026-08-19,bar,12-bar box,d2c,gym_regular,no
O05995,C1149,2026-08-19,bar,12-bar box,d2c,gym_regular,yes
O05996,C1225,2026-08-19,bar,12-bar box,d2c,gym_regular,no
O05997,C1264,2026-08-19,bar,12-bar box,marketplace,gym_regular,no
O05998,C1357,2026-08-19,bar,12-bar box,d2c,gym_regular,yes
O05999,C1527,2026-08-19,bar,12-bar box,marketplace,endurance,no
O06000,C1562,2026-08-19,bar,12-bar box,d2c,weight_loss,no
O06001,C1581,2026-08-19,bar,12-bar box,d2c,endurance,no
O06002,C1589,2026-08-19,bar,12-bar box,marketplace,vegetarian,no
O06003,C1621,2026-08-19,bar,12-bar box,marketplace,endurance,no
O06004,C1629,2026-08-19,bar,12-bar box,d2c,gym_regular,yes
O06005,C1667,2026-08-19,bar,12-bar box,d2c,vegetarian,no
O06006,C2105,2026-08-19,bar,12-bar box,d2c,vegetarian,yes
O06007,C2281,2026-08-19,bar,12-bar box,d2c,gym_regular,no
O06008,C2482,2026-08-19,bar,12-bar box,d2c,gym_regular,yes
O06009,C2502,2026-08-19,bar,12-bar box,marketplace,weight_loss,no
O06010,C2643,2026-08-19,bar,12-bar box,d2c,endurance,no
O06011,C2691,2026-08-19,bar,12-bar box,d2c,gym_regular,no
O06012,C2716,2026-08-19,bar,12-bar box,d2c,beginner,yes
O06013,C2755,2026-08-19,bar,12-bar box,d2c,endurance,no
O06014,C2775,2026-08-19,bar,12-bar box,marketplace,gym_regular,no
O06015,C2891,2026-08-19,bar,12-bar box,d2c,gym_regular,no
O06016,C3007,2026-08-19,bar,12-bar box,marketplace,endurance,no
O06017,C3130,2026-08-19,bar,12-bar box,marketplace,gym_regular,no
O06018,C3210,2026-08-19,bar,12-bar box,marketplace,weight_loss,no
O06019,C3217,2026-08-19,bar,12-bar box,d2c,vegetarian,yes
O06020,C3242,2026-08-19,bar,12-bar box,d2c,vegetarian,no
O06021,C3346,2026-08-19,bar,12-bar box,marketplace,beginner,no
O06022,C3414,2026-08-19,bar,12-bar box,marketplace,gym_regular,no
O06023,C3433,2026-08-19,bar,12-bar box,marketplace,beginner,no
O06024,C3563,2026-08-19,bar,12-bar box,d2c,weight_loss,yes
O06025,C3691,2026-08-19,bar,12-bar box,d2c,vegetarian,no
O06026,C3872,2026-08-19,bar,12-bar box,marketplace,gym_regular,no
O06027,C3929,2026-08-19,bar,12-bar box,d2c,weight_loss,no
O06028,C3958,2026-08-19,bar,12-bar box,marketplace,weight_loss,no
O06029,C0423,2026-08-20,bar,12-bar box,d2c,gym_regular,yes
O06030,C0626,2026-08-20,bar,12-bar box,marketplace,gym_regular,no
O06031,C0662,2026-08-20,bar,12-bar box,d2c,endurance,yes
O06032,C0961,2026-08-20,bar,12-bar box,marketplace,gym_regular,no
O06033,C1007,2026-08-20,bar,12-bar box,marketplace,vegetarian,no
O06034,C1075,2026-08-20,bar,12-bar box,d2c,beginner,yes
O06035,C1131,2026-08-20,bar,12-bar box,marketplace,beginner,no
O06036,C1160,2026-08-20,bar,12-bar box,d2c,gym_regular,no
O06037,C1361,2026-08-20,bar,12-bar box,d2c,gym_regular,no
O06038,C1428,2026-08-20,bar,12-bar box,marketplace,weight_loss,no
O06039,C1694,2026-08-20,bar,12-bar box,marketplace,vegetarian,no
O06040,C1699,2026-08-20,bar,12-bar box,d2c,beginner,no
O06041,C1738,2026-08-20,bar,12-bar box,marketplace,gym_regular,no
O06042,C1777,2026-08-20,bar,12-bar box,d2c,weight_loss,no
O06043,C1834,2026-08-20,bar,12-bar box,marketplace,weight_loss,no
O06044,C1985,2026-08-20,bar,12-bar box,d2c,weight_loss,yes
O06045,C2368,2026-08-20,bar,12-bar box,d2c,gym_regular,yes
O06046,C2439,2026-08-20,bar,12-bar box,d2c,endurance,yes
O06047,C2547,2026-08-20,bar,12-bar box,marketplace,gym_regular,no
O06048,C2564,2026-08-20,bar,12-bar box,d2c,gym_regular,yes
O06049,C2653,2026-08-20,bar,12-bar box,marketplace,weight_loss,no
O06050,C2672,2026-08-20,bar,12-bar box,d2c,beginner,yes
O06051,C2737,2026-08-20,bar,12-bar box,marketplace,gym_regular,no
O06052,C2740,2026-08-20,bar,12-bar box,marketplace,beginner,no
O06053,C2758,2026-08-20,bar,12-bar box,marketplace,vegetarian,no
O06054,C2962,2026-08-20,bar,12-bar box,d2c,gym_regular,yes
O06055,C3173,2026-08-20,bar,12-bar box,marketplace,gym_regular,no
O06056,C3306,2026-08-20,bar,12-bar box,d2c,gym_regular,no
O06057,C3314,2026-08-20,bar,12-bar box,marketplace,endurance,no
O06058,C3350,2026-08-20,bar,12-bar box,marketplace,vegetarian,no
O06059,C3477,2026-08-20,bar,12-bar box,d2c,endurance,no
O06060,C3554,2026-08-20,bar,12-bar box,marketplace,weight_loss,no
O06061,C3580,2026-08-20,bar,12-bar box,marketplace,vegetarian,no
O06062,C3685,2026-08-20,bar,12-bar box,marketplace,beginner,no
O06063,C3718,2026-08-20,bar,12-bar box,d2c,gym_regular,no
O06064,C3743,2026-08-20,bar,12-bar box,d2c,vegetarian,no
O06065,C0101,2026-08-21,bar,12-bar box,d2c,vegetarian,no
O06066,C0135,2026-08-21,bar,12-bar box,marketplace,gym_regular,no
O06067,C0183,2026-08-21,bar,12-bar box,marketplace,gym_regular,no
O06068,C0421,2026-08-21,bar,12-bar box,marketplace,weight_loss,no
O06069,C0466,2026-08-21,bar,12-bar box,marketplace,vegetarian,no
O06070,C0551,2026-08-21,bar,12-bar box,marketplace,endurance,no
O06071,C0553,2026-08-21,bar,12-bar box,d2c,endurance,yes
O06072,C0632,2026-08-21,bar,12-bar box,d2c,weight_loss,yes
O06073,C0660,2026-08-21,bar,12-bar box,d2c,gym_regular,yes
O06074,C0673,2026-08-21,bar,12-bar box,marketplace,weight_loss,no
O06075,C0735,2026-08-21,bar,12-bar box,d2c,vegetarian,no
O06076,C0749,2026-08-21,bar,12-bar box,d2c,vegetarian,no
O06077,C0830,2026-08-21,bar,12-bar box,d2c,endurance,no
O06078,C0969,2026-08-21,bar,12-bar box,marketplace,weight_loss,no
O06079,C1088,2026-08-21,bar,12-bar box,d2c,vegetarian,yes
O06080,C1102,2026-08-21,bar,12-bar box,marketplace,endurance,no
O06081,C1183,2026-08-21,bar,12-bar box,d2c,beginner,yes
O06082,C1379,2026-08-21,bar,12-bar box,marketplace,weight_loss,no
O06083,C1425,2026-08-21,bar,12-bar box,d2c,gym_regular,yes
O06084,C1502,2026-08-21,bar,12-bar box,marketplace,gym_regular,no
O06085,C1648,2026-08-21,bar,12-bar box,d2c,gym_regular,no
O06086,C1696,2026-08-21,bar,12-bar box,marketplace,vegetarian,no
O06087,C1747,2026-08-21,bar,12-bar box,d2c,weight_loss,no
O06088,C1772,2026-08-21,bar,12-bar box,d2c,vegetarian,yes
O06089,C1783,2026-08-21,bar,12-bar box,d2c,vegetarian,yes
O06090,C1868,2026-08-21,bar,12-bar box,marketplace,beginner,no
O06091,C2048,2026-08-21,bar,12-bar box,marketplace,beginner,no
O06092,C2086,2026-08-21,bar,12-bar box,d2c,gym_regular,yes
O06093,C2340,2026-08-21,bar,12-bar box,d2c,gym_regular,no
O06094,C2534,2026-08-21,bar,12-bar box,marketplace,beginner,no
O06095,C2637,2026-08-21,bar,12-bar box,d2c,gym_regular,no
O06096,C2894,2026-08-21,bar,12-bar box,d2c,endurance,no
O06097,C2983,2026-08-21,bar,12-bar box,d2c,weight_loss,yes
O06098,C3037,2026-08-21,bar,12-bar box,marketplace,gym_regular,no
O06099,C3057,2026-08-21,bar,12-bar box,d2c,gym_regular,yes
O06100,C3073,2026-08-21,bar,12-bar box,d2c,beginner,yes
O06101,C3145,2026-08-21,bar,12-bar box,marketplace,weight_loss,no
O06102,C3182,2026-08-21,bar,12-bar box,d2c,gym_regular,yes
O06103,C3201,2026-08-21,bar,12-bar box,marketplace,gym_regular,no
O06104,C3262,2026-08-21,bar,12-bar box,marketplace,endurance,no
O06105,C3310,2026-08-21,bar,12-bar box,d2c,endurance,yes
O06106,C3775,2026-08-21,bar,12-bar box,marketplace,vegetarian,no
O06107,C3993,2026-08-21,bar,12-bar box,marketplace,vegetarian,no
O06108,C3996,2026-08-21,bar,12-bar box,marketplace,weight_loss,no
O06109,C0039,2026-08-22,bar,12-bar box,marketplace,weight_loss,no
O06110,C0134,2026-08-22,bar,12-bar box,marketplace,gym_regular,no
O06111,C0202,2026-08-22,bar,12-bar box,d2c,gym_regular,yes
O06112,C0259,2026-08-22,bar,12-bar box,marketplace,weight_loss,no
O06113,C0288,2026-08-22,bar,12-bar box,d2c,vegetarian,yes
O06114,C0775,2026-08-22,bar,12-bar box,d2c,gym_regular,yes
O06115,C0833,2026-08-22,bar,12-bar box,d2c,vegetarian,no
O06116,C0836,2026-08-22,bar,12-bar box,d2c,weight_loss,yes
O06117,C0856,2026-08-22,bar,12-bar box,d2c,gym_regular,yes
O06118,C1037,2026-08-22,bar,12-bar box,marketplace,weight_loss,no
O06119,C1143,2026-08-22,bar,12-bar box,marketplace,vegetarian,no
O06120,C1207,2026-08-22,bar,12-bar box,d2c,gym_regular,no
O06121,C1265,2026-08-22,bar,12-bar box,marketplace,gym_regular,no
O06122,C1653,2026-08-22,bar,12-bar box,d2c,weight_loss,yes
O06123,C1664,2026-08-22,bar,12-bar box,d2c,weight_loss,yes
O06124,C1770,2026-08-22,bar,12-bar box,d2c,gym_regular,yes
O06125,C1945,2026-08-22,bar,12-bar box,marketplace,beginner,no
O06126,C2074,2026-08-22,bar,12-bar box,d2c,weight_loss,yes
O06127,C2104,2026-08-22,bar,12-bar box,marketplace,gym_regular,no
O06128,C2109,2026-08-22,bar,12-bar box,d2c,beginner,yes
O06129,C2138,2026-08-22,bar,12-bar box,d2c,endurance,yes
O06130,C2146,2026-08-22,bar,12-bar box,d2c,weight_loss,yes
O06131,C2329,2026-08-22,bar,12-bar box,marketplace,endurance,no
O06132,C2347,2026-08-22,bar,12-bar box,marketplace,gym_regular,no
O06133,C2526,2026-08-22,bar,12-bar box,marketplace,gym_regular,no
O06134,C2621,2026-08-22,bar,12-bar box,d2c,gym_regular,yes
O06135,C2715,2026-08-22,bar,12-bar box,d2c,endurance,yes
O06136,C2739,2026-08-22,bar,12-bar box,d2c,vegetarian,no
O06137,C2769,2026-08-22,bar,12-bar box,marketplace,gym_regular,no
O06138,C2782,2026-08-22,bar,12-bar box,marketplace,gym_regular,no
O06139,C2837,2026-08-22,bar,12-bar box,marketplace,gym_regular,no
O06140,C2964,2026-08-22,bar,12-bar box,marketplace,weight_loss,no
O06141,C3051,2026-08-22,bar,12-bar box,marketplace,beginner,no
O06142,C3056,2026-08-22,bar,12-bar box,marketplace,vegetarian,no
O06143,C3189,2026-08-22,bar,12-bar box,d2c,gym_regular,yes
O06144,C3257,2026-08-22,bar,12-bar box,marketplace,vegetarian,no
O06145,C3276,2026-08-22,bar,12-bar box,d2c,weight_loss,yes
O06146,C3301,2026-08-22,bar,12-bar box,d2c,vegetarian,yes
O06147,C3378,2026-08-22,bar,12-bar box,marketplace,gym_regular,no
O06148,C3497,2026-08-22,bar,12-bar box,d2c,endurance,yes
O06149,C3595,2026-08-22,bar,12-bar box,marketplace,weight_loss,no
O06150,C3818,2026-08-22,bar,12-bar box,d2c,gym_regular,no
O06151,C3988,2026-08-22,bar,12-bar box,marketplace,gym_regular,no
O06152,C4000,2026-08-22,bar,12-bar box,d2c,beginner,no
O06153,C0028,2026-08-23,bar,12-bar box,marketplace,endurance,no
O06154,C0118,2026-08-23,bar,12-bar box,d2c,vegetarian,no
O06155,C0139,2026-08-23,bar,12-bar box,marketplace,beginner,no
O06156,C0388,2026-08-23,bar,12-bar box,d2c,vegetarian,no
O06157,C0416,2026-08-23,bar,12-bar box,d2c,weight_loss,yes
O06158,C0499,2026-08-23,bar,12-bar box,marketplace,beginner,no
O06159,C0598,2026-08-23,bar,12-bar box,d2c,weight_loss,yes
O06160,C0617,2026-08-23,bar,12-bar box,d2c,gym_regular,yes
O06161,C0771,2026-08-23,bar,12-bar box,d2c,vegetarian,yes
O06162,C0791,2026-08-23,bar,12-bar box,marketplace,gym_regular,no
O06163,C0799,2026-08-23,bar,12-bar box,d2c,gym_regular,yes
O06164,C1073,2026-08-23,bar,12-bar box,marketplace,beginner,no
O06165,C1205,2026-08-23,bar,12-bar box,d2c,vegetarian,no
O06166,C1227,2026-08-23,bar,12-bar box,d2c,gym_regular,no
O06167,C1316,2026-08-23,bar,12-bar box,marketplace,vegetarian,no
O06168,C1422,2026-08-23,bar,12-bar box,marketplace,weight_loss,no
O06169,C1536,2026-08-23,bar,12-bar box,marketplace,endurance,no
O06170,C1575,2026-08-23,bar,12-bar box,marketplace,endurance,no
O06171,C1603,2026-08-23,bar,12-bar box,d2c,endurance,yes
O06172,C1634,2026-08-23,bar,12-bar box,marketplace,weight_loss,no
O06173,C1711,2026-08-23,bar,12-bar box,d2c,beginner,yes
O06174,C1803,2026-08-23,bar,12-bar box,d2c,weight_loss,no
O06175,C1822,2026-08-23,bar,12-bar box,d2c,beginner,no
O06176,C1982,2026-08-23,bar,12-bar box,d2c,beginner,no
O06177,C1983,2026-08-23,bar,12-bar box,marketplace,beginner,no
O06178,C2045,2026-08-23,bar,12-bar box,marketplace,beginner,no
O06179,C2053,2026-08-23,bar,12-bar box,d2c,endurance,no
O06180,C2179,2026-08-23,bar,12-bar box,marketplace,endurance,no
O06181,C2247,2026-08-23,bar,12-bar box,marketplace,vegetarian,no
O06182,C2262,2026-08-23,bar,12-bar box,d2c,gym_regular,yes
O06183,C2307,2026-08-23,bar,12-bar box,d2c,weight_loss,no
O06184,C2484,2026-08-23,bar,12-bar box,marketplace,beginner,no
O06185,C2736,2026-08-23,bar,12-bar box,marketplace,beginner,no
O06186,C2777,2026-08-23,bar,12-bar box,marketplace,gym_regular,no
O06187,C2849,2026-08-23,bar,12-bar box,d2c,endurance,no
O06188,C2867,2026-08-23,bar,12-bar box,marketplace,gym_regular,no
O06189,C2879,2026-08-23,bar,12-bar box,d2c,gym_regular,yes
O06190,C3087,2026-08-23,bar,12-bar box,marketplace,gym_regular,no
O06191,C3143,2026-08-23,bar,12-bar box,d2c,beginner,no
O06192,C3171,2026-08-23,bar,12-bar box,d2c,vegetarian,yes
O06193,C3354,2026-08-23,bar,12-bar box,marketplace,endurance,no
O06194,C3371,2026-08-23,bar,12-bar box,d2c,gym_regular,yes
O06195,C3443,2026-08-23,bar,12-bar box,d2c,beginner,no
O06196,C3733,2026-08-23,bar,12-bar box,marketplace,beginner,no
O06197,C3767,2026-08-23,bar,12-bar box,marketplace,gym_regular,no
O06198,C3849,2026-08-23,bar,12-bar box,d2c,gym_regular,yes
O06199,C3890,2026-08-23,bar,12-bar box,marketplace,gym_regular,no
O06200,C3919,2026-08-23,bar,12-bar box,d2c,beginner,yes
O06201,C0004,2026-08-24,bar,12-bar box,d2c,gym_regular,yes
O06202,C0012,2026-08-24,bar,12-bar box,d2c,gym_regular,yes
O06203,C0059,2026-08-24,bar,12-bar box,marketplace,beginner,no
O06204,C0162,2026-08-24,bar,12-bar box,marketplace,beginner,no
O06205,C0405,2026-08-24,bar,12-bar box,d2c,gym_regular,yes
O06206,C0507,2026-08-24,bar,12-bar box,marketplace,gym_regular,no
O06207,C0528,2026-08-24,bar,12-bar box,marketplace,endurance,no
O06208,C0946,2026-08-24,bar,12-bar box,marketplace,endurance,no
O06209,C0959,2026-08-24,bar,12-bar box,d2c,beginner,yes
O06210,C1458,2026-08-24,bar,12-bar box,marketplace,gym_regular,no
O06211,C1593,2026-08-24,bar,12-bar box,marketplace,gym_regular,no
O06212,C1604,2026-08-24,bar,12-bar box,d2c,beginner,no
O06213,C1678,2026-08-24,bar,12-bar box,d2c,gym_regular,yes
O06214,C1680,2026-08-24,bar,12-bar box,d2c,gym_regular,yes
O06215,C1731,2026-08-24,bar,12-bar box,d2c,gym_regular,yes
O06216,C1751,2026-08-24,bar,12-bar box,d2c,gym_regular,no
O06217,C1767,2026-08-24,bar,12-bar box,marketplace,weight_loss,no
O06218,C1781,2026-08-24,bar,12-bar box,d2c,vegetarian,no
O06219,C1856,2026-08-24,bar,12-bar box,d2c,endurance,no
O06220,C1858,2026-08-24,bar,12-bar box,d2c,weight_loss,no
O06221,C1885,2026-08-24,bar,12-bar box,marketplace,gym_regular,no
O06222,C1910,2026-08-24,bar,12-bar box,marketplace,weight_loss,no
O06223,C2155,2026-08-24,bar,12-bar box,d2c,beginner,yes
O06224,C2254,2026-08-24,bar,12-bar box,marketplace,weight_loss,no
O06225,C2575,2026-08-24,bar,12-bar box,d2c,beginner,no
O06226,C2597,2026-08-24,bar,12-bar box,d2c,gym_regular,no
O06227,C3112,2026-08-24,bar,12-bar box,marketplace,endurance,no
O06228,C3140,2026-08-24,bar,12-bar box,d2c,endurance,yes
O06229,C3239,2026-08-24,bar,12-bar box,d2c,vegetarian,no
O06230,C3390,2026-08-24,bar,12-bar box,d2c,gym_regular,no
O06231,C3421,2026-08-24,bar,12-bar box,d2c,beginner,yes
O06232,C3631,2026-08-24,bar,12-bar box,d2c,gym_regular,no
O06233,C3704,2026-08-24,bar,12-bar box,d2c,vegetarian,no
O06234,C3912,2026-08-24,bar,12-bar box,marketplace,gym_regular,no
O06235,C3923,2026-08-24,bar,12-bar box,marketplace,endurance,no
O06236,C0096,2026-08-25,bar,12-bar box,d2c,vegetarian,no
O06237,C0496,2026-08-25,bar,12-bar box,d2c,gym_regular,no
O06238,C0573,2026-08-25,bar,12-bar box,d2c,endurance,no
O06239,C0574,2026-08-25,bar,12-bar box,d2c,beginner,no
O06240,C0628,2026-08-25,bar,12-bar box,marketplace,beginner,no
O06241,C0778,2026-08-25,bar,12-bar box,marketplace,endurance,no
O06242,C0808,2026-08-25,bar,12-bar box,marketplace,vegetarian,no
O06243,C0872,2026-08-25,bar,12-bar box,marketplace,weight_loss,no
O06244,C0954,2026-08-25,bar,12-bar box,marketplace,gym_regular,no
O06245,C0974,2026-08-25,bar,12-bar box,marketplace,weight_loss,no
O06246,C1017,2026-08-25,bar,12-bar box,marketplace,beginner,no
O06247,C1059,2026-08-25,bar,12-bar box,d2c,beginner,no
O06248,C1196,2026-08-25,bar,12-bar box,d2c,weight_loss,yes
O06249,C1245,2026-08-25,bar,12-bar box,d2c,weight_loss,yes
O06250,C1349,2026-08-25,bar,12-bar box,d2c,beginner,no
O06251,C1489,2026-08-25,bar,12-bar box,d2c,vegetarian,no
O06252,C1594,2026-08-25,bar,12-bar box,marketplace,beginner,no
O06253,C1775,2026-08-25,bar,12-bar box,marketplace,weight_loss,no
O06254,C1805,2026-08-25,bar,12-bar box,d2c,gym_regular,yes
O06255,C1905,2026-08-25,bar,12-bar box,d2c,gym_regular,yes
O06256,C2180,2026-08-25,bar,12-bar box,marketplace,gym_regular,no
O06257,C2370,2026-08-25,bar,12-bar box,d2c,gym_regular,yes
O06258,C2466,2026-08-25,bar,12-bar box,d2c,gym_regular,no
O06259,C2535,2026-08-25,bar,12-bar box,marketplace,gym_regular,no
O06260,C2576,2026-08-25,bar,12-bar box,marketplace,gym_regular,no
O06261,C2606,2026-08-25,bar,12-bar box,d2c,weight_loss,no
O06262,C2695,2026-08-25,bar,12-bar box,d2c,weight_loss,yes
O06263,C2949,2026-08-25,bar,12-bar box,d2c,beginner,no
O06264,C3110,2026-08-25,bar,12-bar box,d2c,gym_regular,yes
O06265,C3381,2026-08-25,bar,12-bar box,d2c,gym_regular,no
O06266,C3383,2026-08-25,bar,12-bar box,d2c,gym_regular,yes
O06267,C3524,2026-08-25,bar,12-bar box,d2c,endurance,no
O06268,C3871,2026-08-25,bar,12-bar box,marketplace,vegetarian,no
O06269,C3908,2026-08-25,bar,12-bar box,marketplace,beginner,no
O06270,C3925,2026-08-25,bar,12-bar box,marketplace,beginner,no
O06271,C3926,2026-08-25,bar,12-bar box,marketplace,vegetarian,no
O06272,C0144,2026-08-26,bar,12-bar box,d2c,weight_loss,yes
O06273,C0256,2026-08-26,bar,12-bar box,marketplace,gym_regular,no
O06274,C0329,2026-08-26,bar,12-bar box,marketplace,vegetarian,no
O06275,C0366,2026-08-26,bar,12-bar box,marketplace,beginner,no
O06276,C0403,2026-08-26,bar,12-bar box,marketplace,weight_loss,no
O06277,C0481,2026-08-26,bar,12-bar box,marketplace,gym_regular,no
O06278,C0569,2026-08-26,bar,12-bar box,marketplace,beginner,no
O06279,C0594,2026-08-26,bar,12-bar box,d2c,endurance,yes
O06280,C0636,2026-08-26,bar,12-bar box,d2c,gym_regular,no
O06281,C0855,2026-08-26,bar,12-bar box,d2c,weight_loss,yes
O06282,C0937,2026-08-26,bar,12-bar box,marketplace,gym_regular,no
O06283,C1024,2026-08-26,bar,12-bar box,marketplace,beginner,no
O06284,C1155,2026-08-26,bar,12-bar box,d2c,gym_regular,yes
O06285,C1186,2026-08-26,bar,12-bar box,d2c,endurance,no
O06286,C1215,2026-08-26,bar,12-bar box,d2c,gym_regular,no
O06287,C1282,2026-08-26,bar,12-bar box,d2c,gym_regular,no
O06288,C1866,2026-08-26,bar,12-bar box,d2c,endurance,no
O06289,C1902,2026-08-26,bar,12-bar box,d2c,vegetarian,no
O06290,C2004,2026-08-26,bar,12-bar box,marketplace,gym_regular,no
O06291,C2351,2026-08-26,bar,12-bar box,d2c,gym_regular,yes
O06292,C2394,2026-08-26,bar,12-bar box,marketplace,gym_regular,no
O06293,C2800,2026-08-26,bar,12-bar box,d2c,gym_regular,no
O06294,C2807,2026-08-26,bar,12-bar box,marketplace,gym_regular,no
O06295,C2933,2026-08-26,bar,12-bar box,d2c,gym_regular,yes
O06296,C3128,2026-08-26,bar,12-bar box,marketplace,gym_regular,no
O06297,C3321,2026-08-26,bar,12-bar box,d2c,weight_loss,yes
O06298,C3424,2026-08-26,bar,12-bar box,marketplace,beginner,no
O06299,C3451,2026-08-26,bar,12-bar box,d2c,beginner,no
O06300,C3505,2026-08-26,bar,12-bar box,marketplace,vegetarian,no
O06301,C3516,2026-08-26,bar,12-bar box,d2c,gym_regular,no
O06302,C3604,2026-08-26,bar,12-bar box,d2c,gym_regular,yes
O06303,C3725,2026-08-26,bar,12-bar box,d2c,beginner,no
O06304,C3758,2026-08-26,bar,12-bar box,marketplace,gym_regular,no
O06305,C3819,2026-08-26,bar,12-bar box,d2c,weight_loss,yes
O06306,C3870,2026-08-26,bar,12-bar box,d2c,gym_regular,no
O06307,C3878,2026-08-26,bar,12-bar box,marketplace,beginner,no
O06308,C0124,2026-08-27,bar,12-bar box,d2c,gym_regular,no
O06309,C0279,2026-08-27,bar,12-bar box,marketplace,gym_regular,no
O06310,C0413,2026-08-27,bar,12-bar box,d2c,gym_regular,no
O06311,C0543,2026-08-27,bar,12-bar box,d2c,weight_loss,no
O06312,C0566,2026-08-27,bar,12-bar box,marketplace,beginner,no
O06313,C0595,2026-08-27,bar,12-bar box,marketplace,beginner,no
O06314,C0893,2026-08-27,bar,12-bar box,d2c,beginner,no
O06315,C0900,2026-08-27,bar,12-bar box,marketplace,endurance,no
O06316,C1035,2026-08-27,bar,12-bar box,d2c,beginner,no
O06317,C1083,2026-08-27,bar,12-bar box,d2c,weight_loss,no
O06318,C1113,2026-08-27,bar,12-bar box,d2c,vegetarian,yes
O06319,C1372,2026-08-27,bar,12-bar box,marketplace,gym_regular,no
O06320,C1535,2026-08-27,bar,12-bar box,d2c,gym_regular,yes
O06321,C1649,2026-08-27,bar,12-bar box,marketplace,weight_loss,no
O06322,C1706,2026-08-27,bar,12-bar box,d2c,beginner,no
O06323,C1756,2026-08-27,bar,12-bar box,d2c,vegetarian,yes
O06324,C1835,2026-08-27,bar,12-bar box,d2c,gym_regular,no
O06325,C2029,2026-08-27,bar,12-bar box,marketplace,beginner,no
O06326,C2084,2026-08-27,bar,12-bar box,marketplace,weight_loss,no
O06327,C2089,2026-08-27,bar,12-bar box,d2c,weight_loss,yes
O06328,C2375,2026-08-27,bar,12-bar box,marketplace,gym_regular,no
O06329,C2500,2026-08-27,bar,12-bar box,d2c,beginner,no
O06330,C2636,2026-08-27,bar,12-bar box,d2c,beginner,yes
O06331,C2702,2026-08-27,bar,12-bar box,d2c,gym_regular,no
O06332,C2717,2026-08-27,bar,12-bar box,d2c,gym_regular,yes
O06333,C2978,2026-08-27,bar,12-bar box,marketplace,beginner,no
O06334,C2980,2026-08-27,bar,12-bar box,marketplace,beginner,no
O06335,C3028,2026-08-27,bar,12-bar box,marketplace,endurance,no
O06336,C3062,2026-08-27,bar,12-bar box,marketplace,beginner,no
O06337,C3238,2026-08-27,bar,12-bar box,d2c,gym_regular,no
O06338,C3537,2026-08-27,bar,12-bar box,d2c,vegetarian,no
O06339,C3541,2026-08-27,bar,12-bar box,marketplace,vegetarian,no
O06340,C3666,2026-08-27,bar,12-bar box,marketplace,endurance,no
O06341,C3670,2026-08-27,bar,12-bar box,marketplace,gym_regular,no
O06342,C3809,2026-08-27,bar,12-bar box,marketplace,gym_regular,no
O06343,C0192,2026-08-28,bar,12-bar box,d2c,vegetarian,no
O06344,C0198,2026-08-28,bar,12-bar box,d2c,beginner,no
O06345,C0207,2026-08-28,bar,12-bar box,d2c,endurance,no
O06346,C0221,2026-08-28,bar,12-bar box,d2c,weight_loss,no
O06347,C0352,2026-08-28,bar,12-bar box,marketplace,gym_regular,no
O06348,C0537,2026-08-28,bar,12-bar box,d2c,gym_regular,no
O06349,C0586,2026-08-28,bar,12-bar box,marketplace,weight_loss,no
O06350,C0623,2026-08-28,bar,12-bar box,marketplace,gym_regular,no
O06351,C0720,2026-08-28,bar,12-bar box,marketplace,beginner,no
O06352,C0999,2026-08-28,bar,12-bar box,marketplace,gym_regular,no
O06353,C1025,2026-08-28,bar,12-bar box,d2c,gym_regular,yes
O06354,C1137,2026-08-28,bar,12-bar box,d2c,gym_regular,no
O06355,C1270,2026-08-28,bar,12-bar box,marketplace,endurance,no
O06356,C1347,2026-08-28,bar,12-bar box,d2c,gym_regular,yes
O06357,C1398,2026-08-28,bar,12-bar box,marketplace,gym_regular,no
O06358,C1430,2026-08-28,bar,12-bar box,d2c,weight_loss,yes
O06359,C1654,2026-08-28,bar,12-bar box,d2c,endurance,no
O06360,C1656,2026-08-28,bar,12-bar box,d2c,beginner,yes
O06361,C1668,2026-08-28,bar,12-bar box,d2c,gym_regular,no
O06362,C1790,2026-08-28,bar,12-bar box,marketplace,weight_loss,no
O06363,C2049,2026-08-28,bar,12-bar box,d2c,weight_loss,yes
O06364,C2135,2026-08-28,bar,12-bar box,d2c,vegetarian,yes
O06365,C2210,2026-08-28,bar,12-bar box,d2c,weight_loss,no
O06366,C2214,2026-08-28,bar,12-bar box,d2c,gym_regular,yes
O06367,C2304,2026-08-28,bar,12-bar box,d2c,gym_regular,yes
O06368,C2404,2026-08-28,bar,12-bar box,marketplace,endurance,no
O06369,C2433,2026-08-28,bar,12-bar box,marketplace,beginner,no
O06370,C2445,2026-08-28,bar,12-bar box,d2c,endurance,no
O06371,C2556,2026-08-28,bar,12-bar box,marketplace,endurance,no
O06372,C2681,2026-08-28,bar,12-bar box,marketplace,gym_regular,no
O06373,C2783,2026-08-28,bar,12-bar box,d2c,gym_regular,yes
O06374,C3230,2026-08-28,bar,12-bar box,marketplace,weight_loss,no
O06375,C3335,2026-08-28,bar,12-bar box,d2c,vegetarian,yes
O06376,C3375,2026-08-28,bar,12-bar box,d2c,gym_regular,no
O06377,C3521,2026-08-28,bar,12-bar box,d2c,endurance,no
O06378,C3602,2026-08-28,bar,12-bar box,d2c,weight_loss,no
O06379,C3616,2026-08-28,bar,12-bar box,d2c,gym_regular,no
O06380,C3637,2026-08-28,bar,12-bar box,d2c,gym_regular,yes
O06381,C3772,2026-08-28,bar,12-bar box,marketplace,weight_loss,no
O06382,C3948,2026-08-28,bar,12-bar box,d2c,weight_loss,no
O06383,C3961,2026-08-28,bar,12-bar box,marketplace,gym_regular,no
O06384,C0021,2026-08-29,bar,12-bar box,d2c,endurance,yes
O06385,C0030,2026-08-29,bar,12-bar box,d2c,weight_loss,yes
O06386,C0140,2026-08-29,bar,12-bar box,d2c,endurance,yes
O06387,C0333,2026-08-29,bar,12-bar box,d2c,gym_regular,no
O06388,C0430,2026-08-29,bar,12-bar box,marketplace,beginner,no
O06389,C0514,2026-08-29,bar,12-bar box,marketplace,vegetarian,no
O06390,C0522,2026-08-29,bar,12-bar box,marketplace,beginner,no
O06391,C0560,2026-08-29,bar,12-bar box,d2c,vegetarian,yes
O06392,C0614,2026-08-29,bar,12-bar box,d2c,vegetarian,yes
O06393,C0871,2026-08-29,bar,12-bar box,d2c,vegetarian,no
O06394,C1031,2026-08-29,bar,12-bar box,marketplace,gym_regular,no
O06395,C1070,2026-08-29,bar,12-bar box,d2c,vegetarian,no
O06396,C1118,2026-08-29,bar,12-bar box,marketplace,endurance,no
O06397,C1177,2026-08-29,bar,12-bar box,marketplace,weight_loss,no
O06398,C1254,2026-08-29,bar,12-bar box,d2c,vegetarian,yes
O06399,C1363,2026-08-29,bar,12-bar box,marketplace,beginner,no
O06400,C1435,2026-08-29,bar,12-bar box,d2c,beginner,yes
O06401,C1620,2026-08-29,bar,12-bar box,d2c,gym_regular,yes
O06402,C1636,2026-08-29,bar,12-bar box,marketplace,beginner,no
O06403,C1670,2026-08-29,bar,12-bar box,marketplace,endurance,no
O06404,C1705,2026-08-29,bar,12-bar box,d2c,beginner,no
O06405,C1742,2026-08-29,bar,12-bar box,d2c,endurance,no
O06406,C1862,2026-08-29,bar,12-bar box,d2c,vegetarian,yes
O06407,C2032,2026-08-29,bar,12-bar box,marketplace,vegetarian,no
O06408,C2071,2026-08-29,bar,12-bar box,d2c,vegetarian,yes
O06409,C2223,2026-08-29,bar,12-bar box,marketplace,gym_regular,no
O06410,C2557,2026-08-29,bar,12-bar box,d2c,weight_loss,no
O06411,C2801,2026-08-29,bar,12-bar box,d2c,gym_regular,no
O06412,C2925,2026-08-29,bar,12-bar box,marketplace,endurance,no
O06413,C3080,2026-08-29,bar,12-bar box,d2c,gym_regular,yes
O06414,C3364,2026-08-29,bar,12-bar box,marketplace,gym_regular,no
O06415,C3440,2026-08-29,bar,12-bar box,d2c,beginner,no
O06416,C3504,2026-08-29,bar,12-bar box,d2c,gym_regular,no
O06417,C3574,2026-08-29,bar,12-bar box,marketplace,gym_regular,no
O06418,C3587,2026-08-29,bar,12-bar box,d2c,gym_regular,yes
O06419,C3719,2026-08-29,bar,12-bar box,d2c,vegetarian,yes
O06420,C3722,2026-08-29,bar,12-bar box,marketplace,gym_regular,no
O06421,C3959,2026-08-29,bar,12-bar box,marketplace,gym_regular,no
O06422,C0016,2026-08-30,bar,12-bar box,d2c,vegetarian,yes
O06423,C0066,2026-08-30,bar,12-bar box,marketplace,gym_regular,no
O06424,C0085,2026-08-30,bar,12-bar box,d2c,weight_loss,no
O06425,C0230,2026-08-30,bar,12-bar box,d2c,beginner,no
O06426,C0659,2026-08-30,bar,12-bar box,marketplace,vegetarian,no
O06427,C0677,2026-08-30,bar,12-bar box,marketplace,beginner,no
O06428,C0730,2026-08-30,bar,12-bar box,d2c,gym_regular,yes
O06429,C0805,2026-08-30,bar,12-bar box,marketplace,weight_loss,no
O06430,C0859,2026-08-30,bar,12-bar box,d2c,beginner,yes
O06431,C0928,2026-08-30,bar,12-bar box,marketplace,vegetarian,no
O06432,C0989,2026-08-30,bar,12-bar box,d2c,gym_regular,yes
O06433,C0993,2026-08-30,bar,12-bar box,d2c,vegetarian,yes
O06434,C1029,2026-08-30,bar,12-bar box,marketplace,gym_regular,no
O06435,C1106,2026-08-30,bar,12-bar box,d2c,weight_loss,yes
O06436,C1154,2026-08-30,bar,12-bar box,d2c,endurance,yes
O06437,C1305,2026-08-30,bar,12-bar box,d2c,vegetarian,yes
O06438,C1402,2026-08-30,bar,12-bar box,d2c,weight_loss,no
O06439,C1408,2026-08-30,bar,12-bar box,marketplace,beginner,no
O06440,C1414,2026-08-30,bar,12-bar box,d2c,gym_regular,no
O06441,C1572,2026-08-30,bar,12-bar box,marketplace,beginner,no
O06442,C1631,2026-08-30,bar,12-bar box,marketplace,beginner,no
O06443,C1641,2026-08-30,bar,12-bar box,d2c,gym_regular,yes
O06444,C1643,2026-08-30,bar,12-bar box,marketplace,gym_regular,no
O06445,C1745,2026-08-30,bar,12-bar box,marketplace,beginner,no
O06446,C1794,2026-08-30,bar,12-bar box,d2c,gym_regular,yes
O06447,C1845,2026-08-30,bar,12-bar box,d2c,weight_loss,yes
O06448,C1944,2026-08-30,bar,12-bar box,marketplace,gym_regular,no
O06449,C2028,2026-08-30,bar,12-bar box,marketplace,vegetarian,no
O06450,C2208,2026-08-30,bar,12-bar box,marketplace,beginner,no
O06451,C2320,2026-08-30,bar,12-bar box,d2c,weight_loss,yes
O06452,C2448,2026-08-30,bar,12-bar box,marketplace,endurance,no
O06453,C2654,2026-08-30,bar,12-bar box,d2c,beginner,no
O06454,C2707,2026-08-30,bar,12-bar box,d2c,gym_regular,no
O06455,C3287,2026-08-30,bar,12-bar box,d2c,beginner,yes
O06456,C3337,2026-08-30,bar,12-bar box,d2c,gym_regular,yes
O06457,C3688,2026-08-30,bar,12-bar box,d2c,weight_loss,yes
O06458,C3721,2026-08-30,bar,12-bar box,marketplace,vegetarian,no
O06459,C3779,2026-08-30,bar,12-bar box,marketplace,beginner,no
O06460,C3813,2026-08-30,bar,12-bar box,d2c,endurance,yes
O06461,C3826,2026-08-30,bar,12-bar box,d2c,weight_loss,yes
O06462,C3829,2026-08-30,bar,12-bar box,d2c,gym_regular,no
O06463,C3837,2026-08-30,bar,12-bar box,d2c,vegetarian,yes
O06464,C3863,2026-08-30,bar,12-bar box,d2c,weight_loss,no
O06465,C3937,2026-08-30,bar,12-bar box,d2c,weight_loss,yes
O06466,C0041,2026-08-31,bar,12-bar box,d2c,vegetarian,yes
O06467,C0056,2026-08-31,bar,12-bar box,d2c,gym_regular,no
O06468,C0175,2026-08-31,bar,12-bar box,d2c,weight_loss,no
O06469,C0209,2026-08-31,bar,12-bar box,d2c,endurance,yes
O06470,C0334,2026-08-31,bar,12-bar box,d2c,weight_loss,yes
O06471,C0370,2026-08-31,bar,12-bar box,d2c,gym_regular,yes
O06472,C0435,2026-08-31,bar,12-bar box,marketplace,gym_regular,no
O06473,C0467,2026-08-31,bar,12-bar box,d2c,gym_regular,no
O06474,C0530,2026-08-31,bar,12-bar box,marketplace,beginner,no
O06475,C0722,2026-08-31,bar,12-bar box,d2c,weight_loss,no
O06476,C0794,2026-08-31,bar,12-bar box,d2c,gym_regular,yes
O06477,C0950,2026-08-31,bar,12-bar box,marketplace,gym_regular,no
O06478,C1005,2026-08-31,bar,12-bar box,d2c,weight_loss,yes
O06479,C1058,2026-08-31,bar,12-bar box,d2c,weight_loss,no
O06480,C1069,2026-08-31,bar,12-bar box,d2c,gym_regular,yes
O06481,C1111,2026-08-31,bar,12-bar box,d2c,beginner,no
O06482,C1140,2026-08-31,bar,12-bar box,d2c,gym_regular,yes
O06483,C1163,2026-08-31,bar,12-bar box,d2c,beginner,yes
O06484,C1365,2026-08-31,bar,12-bar box,d2c,vegetarian,yes
O06485,C1454,2026-08-31,bar,12-bar box,d2c,weight_loss,yes
O06486,C1638,2026-08-31,bar,12-bar box,d2c,gym_regular,yes
O06487,C1645,2026-08-31,bar,12-bar box,marketplace,vegetarian,no
O06488,C1646,2026-08-31,bar,12-bar box,marketplace,beginner,no
O06489,C1719,2026-08-31,bar,12-bar box,d2c,beginner,yes
O06490,C1729,2026-08-31,bar,12-bar box,d2c,gym_regular,no
O06491,C1923,2026-08-31,bar,12-bar box,d2c,vegetarian,yes
O06492,C2065,2026-08-31,bar,12-bar box,d2c,gym_regular,yes
O06493,C2098,2026-08-31,bar,12-bar box,d2c,endurance,no
O06494,C2219,2026-08-31,bar,12-bar box,d2c,beginner,yes
O06495,C2300,2026-08-31,bar,12-bar box,marketplace,endurance,no
O06496,C2361,2026-08-31,bar,12-bar box,d2c,vegetarian,yes
O06497,C2383,2026-08-31,bar,12-bar box,d2c,endurance,no
O06498,C2481,2026-08-31,bar,12-bar box,d2c,vegetarian,no
O06499,C2569,2026-08-31,bar,12-bar box,marketplace,beginner,no
O06500,C2631,2026-08-31,bar,12-bar box,marketplace,weight_loss,no
O06501,C2733,2026-08-31,bar,12-bar box,d2c,gym_regular,yes
O06502,C2877,2026-08-31,bar,12-bar box,d2c,beginner,yes
O06503,C3098,2026-08-31,bar,12-bar box,d2c,gym_regular,no
O06504,C3141,2026-08-31,bar,12-bar box,d2c,weight_loss,no
O06505,C3249,2026-08-31,bar,12-bar box,marketplace,gym_regular,no
O06506,C3277,2026-08-31,bar,12-bar box,marketplace,beginner,no
O06507,C3435,2026-08-31,bar,12-bar box,marketplace,gym_regular,no
O06508,C3590,2026-08-31,bar,12-bar box,d2c,weight_loss,yes
O06509,C3663,2026-08-31,bar,12-bar box,d2c,gym_regular,yes
O06510,C3824,2026-08-31,bar,12-bar box,d2c,endurance,yes
O06511,C3901,2026-08-31,bar,12-bar box,marketplace,gym_regular,no
O06512,C0106,2026-09-01,bar,12-bar box,d2c,weight_loss,no
O06513,C0194,2026-09-01,bar,12-bar box,d2c,weight_loss,yes
O06514,C0274,2026-09-01,bar,12-bar box,marketplace,weight_loss,no
O06515,C0373,2026-09-01,bar,12-bar box,d2c,vegetarian,no
O06516,C0444,2026-09-01,bar,12-bar box,marketplace,gym_regular,no
O06517,C0965,2026-09-01,bar,12-bar box,d2c,endurance,yes
O06518,C0979,2026-09-01,bar,12-bar box,d2c,gym_regular,no
O06519,C0990,2026-09-01,bar,12-bar box,marketplace,weight_loss,no
O06520,C1004,2026-09-01,bar,12-bar box,d2c,vegetarian,no
O06521,C1012,2026-09-01,bar,12-bar box,d2c,vegetarian,no
O06522,C1022,2026-09-01,bar,12-bar box,d2c,gym_regular,no
O06523,C1146,2026-09-01,bar,12-bar box,marketplace,endurance,no
O06524,C1241,2026-09-01,bar,12-bar box,marketplace,endurance,no
O06525,C1377,2026-09-01,bar,12-bar box,d2c,beginner,yes
O06526,C1391,2026-09-01,bar,12-bar box,d2c,weight_loss,no
O06527,C1400,2026-09-01,bar,12-bar box,d2c,weight_loss,no
O06528,C1480,2026-09-01,bar,12-bar box,marketplace,gym_regular,no
O06529,C1543,2026-09-01,bar,12-bar box,d2c,weight_loss,no
O06530,C1561,2026-09-01,bar,12-bar box,marketplace,weight_loss,no
O06531,C1630,2026-09-01,bar,12-bar box,d2c,endurance,yes
O06532,C1735,2026-09-01,bar,12-bar box,d2c,vegetarian,no
O06533,C1972,2026-09-01,bar,12-bar box,marketplace,weight_loss,no
O06534,C1999,2026-09-01,bar,12-bar box,marketplace,beginner,no
O06535,C2005,2026-09-01,bar,12-bar box,d2c,weight_loss,yes
O06536,C2046,2026-09-01,bar,12-bar box,d2c,gym_regular,yes
O06537,C2063,2026-09-01,bar,12-bar box,d2c,endurance,no
O06538,C2217,2026-09-01,bar,12-bar box,marketplace,beginner,no
O06539,C2321,2026-09-01,bar,12-bar box,d2c,gym_regular,yes
O06540,C2328,2026-09-01,bar,12-bar box,d2c,gym_regular,yes
O06541,C2332,2026-09-01,bar,12-bar box,d2c,gym_regular,yes
O06542,C2369,2026-09-01,bar,12-bar box,marketplace,weight_loss,no
O06543,C2371,2026-09-01,bar,12-bar box,d2c,gym_regular,no
O06544,C2380,2026-09-01,bar,12-bar box,marketplace,vegetarian,no
O06545,C2389,2026-09-01,bar,12-bar box,d2c,beginner,yes
O06546,C2414,2026-09-01,bar,12-bar box,d2c,gym_regular,no
O06547,C2424,2026-09-01,bar,12-bar box,d2c,gym_regular,yes
O06548,C2735,2026-09-01,bar,12-bar box,marketplace,gym_regular,no
O06549,C2888,2026-09-01,bar,12-bar box,d2c,beginner,yes
O06550,C2931,2026-09-01,bar,12-bar box,d2c,gym_regular,yes
O06551,C2936,2026-09-01,bar,12-bar box,d2c,endurance,yes
O06552,C3134,2026-09-01,bar,12-bar box,d2c,gym_regular,yes
O06553,C3280,2026-09-01,bar,12-bar box,d2c,gym_regular,yes
O06554,C3336,2026-09-01,bar,12-bar box,d2c,gym_regular,yes
O06555,C3507,2026-09-01,bar,12-bar box,d2c,weight_loss,no
O06556,C3702,2026-09-01,bar,12-bar box,d2c,beginner,yes
O06557,C3705,2026-09-01,bar,12-bar box,d2c,gym_regular,yes
O06558,C3712,2026-09-01,bar,12-bar box,d2c,gym_regular,yes
O06559,C3865,2026-09-01,bar,12-bar box,marketplace,gym_regular,no
O06560,C3943,2026-09-01,bar,12-bar box,d2c,weight_loss,no
O06561,C3994,2026-09-01,bar,12-bar box,d2c,gym_regular,no
O06562,C0020,2026-09-02,bar,12-bar box,d2c,gym_regular,yes
O06563,C0064,2026-09-02,bar,12-bar box,d2c,weight_loss,yes
O06564,C0276,2026-09-02,bar,12-bar box,d2c,gym_regular,yes
O06565,C0604,2026-09-02,bar,12-bar box,d2c,vegetarian,no
O06566,C0643,2026-09-02,bar,12-bar box,d2c,gym_regular,yes
O06567,C0787,2026-09-02,bar,12-bar box,d2c,gym_regular,yes
O06568,C0793,2026-09-02,bar,12-bar box,marketplace,gym_regular,no
O06569,C0916,2026-09-02,bar,12-bar box,d2c,gym_regular,no
O06570,C0955,2026-09-02,bar,12-bar box,d2c,vegetarian,yes
O06571,C1144,2026-09-02,bar,12-bar box,d2c,beginner,yes
O06572,C1156,2026-09-02,bar,12-bar box,d2c,vegetarian,yes
O06573,C1294,2026-09-02,bar,12-bar box,d2c,endurance,yes
O06574,C1319,2026-09-02,bar,12-bar box,d2c,vegetarian,yes
O06575,C1336,2026-09-02,bar,12-bar box,marketplace,beginner,no
O06576,C1369,2026-09-02,bar,12-bar box,marketplace,weight_loss,no
O06577,C1437,2026-09-02,bar,12-bar box,d2c,weight_loss,yes
O06578,C1530,2026-09-02,bar,12-bar box,marketplace,gym_regular,no
O06579,C1622,2026-09-02,bar,12-bar box,d2c,weight_loss,no
O06580,C1655,2026-09-02,bar,12-bar box,d2c,beginner,yes
O06581,C1692,2026-09-02,bar,12-bar box,marketplace,weight_loss,no
O06582,C1759,2026-09-02,bar,12-bar box,d2c,vegetarian,yes
O06583,C1987,2026-09-02,bar,12-bar box,d2c,vegetarian,no
O06584,C2013,2026-09-02,bar,12-bar box,d2c,gym_regular,no
O06585,C2103,2026-09-02,bar,12-bar box,d2c,gym_regular,no
O06586,C2144,2026-09-02,bar,12-bar box,d2c,weight_loss,yes
O06587,C2284,2026-09-02,bar,12-bar box,d2c,gym_regular,no
O06588,C2327,2026-09-02,bar,12-bar box,marketplace,vegetarian,no
O06589,C2390,2026-09-02,bar,12-bar box,d2c,vegetarian,yes
O06590,C2605,2026-09-02,bar,12-bar box,d2c,vegetarian,yes
O06591,C2817,2026-09-02,bar,12-bar box,marketplace,gym_regular,no
O06592,C2827,2026-09-02,bar,12-bar box,d2c,beginner,yes
O06593,C2878,2026-09-02,bar,12-bar box,d2c,weight_loss,yes
O06594,C3170,2026-09-02,bar,12-bar box,d2c,beginner,no
O06595,C3212,2026-09-02,bar,12-bar box,marketplace,vegetarian,no
O06596,C3382,2026-09-02,bar,12-bar box,marketplace,endurance,no
O06597,C3431,2026-09-02,bar,12-bar box,marketplace,beginner,no
O06598,C3453,2026-09-02,bar,12-bar box,d2c,vegetarian,yes
O06599,C3647,2026-09-02,bar,12-bar box,marketplace,endurance,no
O06600,C3910,2026-09-02,bar,12-bar box,d2c,beginner,yes
O06601,C3983,2026-09-02,bar,12-bar box,marketplace,gym_regular,no
O06602,C0011,2026-09-03,bar,12-bar box,d2c,beginner,yes
O06603,C0078,2026-09-03,bar,12-bar box,marketplace,beginner,no
O06604,C0147,2026-09-03,bar,12-bar box,marketplace,gym_regular,no
O06605,C0215,2026-09-03,bar,12-bar box,d2c,gym_regular,no
O06606,C0302,2026-09-03,bar,12-bar box,d2c,endurance,yes
O06607,C0497,2026-09-03,bar,12-bar box,marketplace,beginner,no
O06608,C0637,2026-09-03,bar,12-bar box,d2c,gym_regular,yes
O06609,C0675,2026-09-03,bar,12-bar box,marketplace,gym_regular,no
O06610,C0992,2026-09-03,bar,12-bar box,d2c,endurance,no
O06611,C1133,2026-09-03,bar,12-bar box,d2c,vegetarian,yes
O06612,C1204,2026-09-03,bar,12-bar box,marketplace,weight_loss,no
O06613,C1235,2026-09-03,bar,12-bar box,marketplace,weight_loss,no
O06614,C1298,2026-09-03,bar,12-bar box,marketplace,gym_regular,no
O06615,C1549,2026-09-03,bar,12-bar box,d2c,beginner,yes
O06616,C1555,2026-09-03,bar,12-bar box,d2c,beginner,yes
O06617,C1679,2026-09-03,bar,12-bar box,d2c,weight_loss,yes
O06618,C1682,2026-09-03,bar,12-bar box,d2c,gym_regular,no
O06619,C1817,2026-09-03,bar,12-bar box,marketplace,weight_loss,no
O06620,C1832,2026-09-03,bar,12-bar box,d2c,endurance,yes
O06621,C1844,2026-09-03,bar,12-bar box,marketplace,weight_loss,no
O06622,C1968,2026-09-03,bar,12-bar box,d2c,weight_loss,yes
O06623,C2061,2026-09-03,bar,12-bar box,d2c,gym_regular,yes
O06624,C2246,2026-09-03,bar,12-bar box,d2c,gym_regular,yes
O06625,C2418,2026-09-03,bar,12-bar box,d2c,vegetarian,yes
O06626,C2546,2026-09-03,bar,12-bar box,marketplace,weight_loss,no
O06627,C2588,2026-09-03,bar,12-bar box,marketplace,beginner,no
O06628,C2751,2026-09-03,bar,12-bar box,d2c,gym_regular,yes
O06629,C2840,2026-09-03,bar,12-bar box,d2c,gym_regular,yes
O06630,C2918,2026-09-03,bar,12-bar box,marketplace,gym_regular,no
O06631,C2968,2026-09-03,bar,12-bar box,marketplace,beginner,no
O06632,C2969,2026-09-03,bar,12-bar box,marketplace,gym_regular,no
O06633,C2996,2026-09-03,bar,12-bar box,d2c,beginner,yes
O06634,C3060,2026-09-03,bar,12-bar box,d2c,endurance,yes
O06635,C3099,2026-09-03,bar,12-bar box,d2c,weight_loss,no
O06636,C3256,2026-09-03,bar,12-bar box,d2c,gym_regular,yes
O06637,C3268,2026-09-03,bar,12-bar box,d2c,gym_regular,yes
O06638,C3328,2026-09-03,bar,12-bar box,marketplace,endurance,no
O06639,C3360,2026-09-03,bar,12-bar box,marketplace,gym_regular,no
O06640,C3392,2026-09-03,bar,12-bar box,d2c,gym_regular,no
O06641,C3467,2026-09-03,bar,12-bar box,d2c,beginner,yes
O06642,C3558,2026-09-03,bar,12-bar box,d2c,endurance,no
O06643,C3781,2026-09-03,bar,12-bar box,d2c,vegetarian,yes
O06644,C3840,2026-09-03,bar,12-bar box,marketplace,vegetarian,no
O06645,C3977,2026-09-03,bar,12-bar box,d2c,weight_loss,yes
O06646,C3987,2026-09-03,bar,12-bar box,marketplace,endurance,no
O06647,C0167,2026-09-04,bar,12-bar box,d2c,endurance,yes
O06648,C0561,2026-09-04,bar,12-bar box,d2c,beginner,no
O06649,C0685,2026-09-04,bar,12-bar box,marketplace,weight_loss,no
O06650,C0765,2026-09-04,bar,12-bar box,marketplace,gym_regular,no
O06651,C1512,2026-09-04,bar,12-bar box,marketplace,gym_regular,no
O06652,C1675,2026-09-04,bar,12-bar box,d2c,weight_loss,yes
O06653,C1785,2026-09-04,bar,12-bar box,marketplace,beginner,no
O06654,C1903,2026-09-04,bar,12-bar box,d2c,gym_regular,yes
O06655,C1918,2026-09-04,bar,12-bar box,d2c,gym_regular,yes
O06656,C2091,2026-09-04,bar,12-bar box,marketplace,weight_loss,no
O06657,C2116,2026-09-04,bar,12-bar box,d2c,vegetarian,yes
O06658,C2193,2026-09-04,bar,12-bar box,d2c,vegetarian,no
O06659,C2256,2026-09-04,bar,12-bar box,d2c,gym_regular,no
O06660,C2293,2026-09-04,bar,12-bar box,d2c,gym_regular,yes
O06661,C2305,2026-09-04,bar,12-bar box,d2c,vegetarian,yes
O06662,C2367,2026-09-04,bar,12-bar box,d2c,weight_loss,no
O06663,C2425,2026-09-04,bar,12-bar box,marketplace,weight_loss,no
O06664,C2459,2026-09-04,bar,12-bar box,d2c,gym_regular,no
O06665,C2524,2026-09-04,bar,12-bar box,d2c,beginner,no
O06666,C2584,2026-09-04,bar,12-bar box,d2c,endurance,yes
O06667,C2604,2026-09-04,bar,12-bar box,d2c,gym_regular,yes
O06668,C2734,2026-09-04,bar,12-bar box,d2c,beginner,yes
O06669,C2928,2026-09-04,bar,12-bar box,marketplace,beginner,no
O06670,C2988,2026-09-04,bar,12-bar box,marketplace,gym_regular,no
O06671,C3003,2026-09-04,bar,12-bar box,d2c,beginner,yes
O06672,C3064,2026-09-04,bar,12-bar box,d2c,endurance,yes
O06673,C3114,2026-09-04,bar,12-bar box,marketplace,vegetarian,no
O06674,C3122,2026-09-04,bar,12-bar box,marketplace,weight_loss,no
O06675,C3209,2026-09-04,bar,12-bar box,d2c,gym_regular,yes
O06676,C3411,2026-09-04,bar,12-bar box,marketplace,gym_regular,no
O06677,C3426,2026-09-04,bar,12-bar box,d2c,gym_regular,yes
O06678,C3481,2026-09-04,bar,12-bar box,marketplace,beginner,no
O06679,C3502,2026-09-04,bar,12-bar box,d2c,beginner,no
O06680,C3573,2026-09-04,bar,12-bar box,marketplace,endurance,no
O06681,C3620,2026-09-04,bar,12-bar box,marketplace,beginner,no
O06682,C3792,2026-09-04,bar,12-bar box,d2c,beginner,no
O06683,C3854,2026-09-04,bar,12-bar box,marketplace,weight_loss,no
O06684,C3934,2026-09-04,bar,12-bar box,marketplace,weight_loss,no
O06685,C0038,2026-09-05,bar,12-bar box,d2c,gym_regular,yes
O06686,C0188,2026-09-05,bar,12-bar box,d2c,weight_loss,no
O06687,C0201,2026-09-05,bar,12-bar box,marketplace,vegetarian,no
O06688,C0452,2026-09-05,bar,12-bar box,d2c,beginner,no
O06689,C0567,2026-09-05,bar,12-bar box,marketplace,vegetarian,no
O06690,C0570,2026-09-05,bar,12-bar box,d2c,weight_loss,yes
O06691,C0585,2026-09-05,bar,12-bar box,d2c,beginner,yes
O06692,C0724,2026-09-05,bar,12-bar box,marketplace,gym_regular,no
O06693,C0780,2026-09-05,bar,12-bar box,d2c,weight_loss,yes
O06694,C1045,2026-09-05,bar,12-bar box,marketplace,endurance,no
O06695,C1138,2026-09-05,bar,12-bar box,d2c,beginner,no
O06696,C1185,2026-09-05,bar,12-bar box,marketplace,vegetarian,no
O06697,C1224,2026-09-05,bar,12-bar box,marketplace,vegetarian,no
O06698,C1321,2026-09-05,bar,12-bar box,d2c,gym_regular,yes
O06699,C1417,2026-09-05,bar,12-bar box,d2c,beginner,yes
O06700,C1455,2026-09-05,bar,12-bar box,d2c,beginner,yes
O06701,C1473,2026-09-05,bar,12-bar box,d2c,weight_loss,yes
O06702,C1576,2026-09-05,bar,12-bar box,d2c,gym_regular,no
O06703,C1659,2026-09-05,bar,12-bar box,d2c,gym_regular,yes
O06704,C1854,2026-09-05,bar,12-bar box,d2c,endurance,yes
O06705,C2058,2026-09-05,bar,12-bar box,marketplace,endurance,no
O06706,C2175,2026-09-05,bar,12-bar box,marketplace,weight_loss,no
O06707,C2185,2026-09-05,bar,12-bar box,d2c,gym_regular,yes
O06708,C2268,2026-09-05,bar,12-bar box,marketplace,beginner,no
O06709,C2451,2026-09-05,bar,12-bar box,d2c,gym_regular,yes
O06710,C3041,2026-09-05,bar,12-bar box,marketplace,gym_regular,no
O06711,C3160,2026-09-05,bar,12-bar box,marketplace,vegetarian,no
O06712,C3172,2026-09-05,bar,12-bar box,d2c,vegetarian,yes
O06713,C3522,2026-09-05,bar,12-bar box,d2c,weight_loss,yes
O06714,C3661,2026-09-05,bar,12-bar box,marketplace,gym_regular,no
O06715,C3762,2026-09-05,bar,12-bar box,d2c,gym_regular,no
O06716,C3859,2026-09-05,bar,12-bar box,d2c,weight_loss,no
O06717,C3885,2026-09-05,bar,12-bar box,marketplace,weight_loss,no
O06718,C3952,2026-09-05,bar,12-bar box,d2c,weight_loss,yes
O06719,C3963,2026-09-05,bar,12-bar box,marketplace,weight_loss,no
O06720,C0110,2026-09-06,bar,12-bar box,d2c,gym_regular,yes
O06721,C0114,2026-09-06,bar,12-bar box,d2c,endurance,no
O06722,C0179,2026-09-06,bar,12-bar box,marketplace,endurance,no
O06723,C0441,2026-09-06,bar,12-bar box,d2c,gym_regular,no
O06724,C0590,2026-09-06,bar,12-bar box,d2c,gym_regular,yes
O06725,C0596,2026-09-06,bar,12-bar box,marketplace,beginner,no
O06726,C0863,2026-09-06,bar,12-bar box,d2c,beginner,no
O06727,C0895,2026-09-06,bar,12-bar box,marketplace,vegetarian,no
O06728,C1099,2026-09-06,bar,12-bar box,d2c,beginner,yes
O06729,C1107,2026-09-06,bar,12-bar box,d2c,vegetarian,yes
O06730,C1132,2026-09-06,bar,12-bar box,d2c,endurance,yes
O06731,C1388,2026-09-06,bar,12-bar box,d2c,weight_loss,yes
O06732,C1482,2026-09-06,bar,12-bar box,marketplace,weight_loss,no
O06733,C1528,2026-09-06,bar,12-bar box,d2c,gym_regular,yes
O06734,C1578,2026-09-06,bar,12-bar box,d2c,endurance,yes
O06735,C1610,2026-09-06,bar,12-bar box,d2c,beginner,no
O06736,C1723,2026-09-06,bar,12-bar box,d2c,gym_regular,yes
O06737,C1810,2026-09-06,bar,12-bar box,marketplace,beginner,no
O06738,C1979,2026-09-06,bar,12-bar box,d2c,beginner,no
O06739,C2245,2026-09-06,bar,12-bar box,d2c,gym_regular,yes
O06740,C2252,2026-09-06,bar,12-bar box,d2c,endurance,no
O06741,C2499,2026-09-06,bar,12-bar box,marketplace,endurance,no
O06742,C2574,2026-09-06,bar,12-bar box,marketplace,weight_loss,no
O06743,C2610,2026-09-06,bar,12-bar box,marketplace,gym_regular,no
O06744,C2730,2026-09-06,bar,12-bar box,marketplace,gym_regular,no
O06745,C2780,2026-09-06,bar,12-bar box,d2c,vegetarian,yes
O06746,C3219,2026-09-06,bar,12-bar box,marketplace,endurance,no
O06747,C3228,2026-09-06,bar,12-bar box,d2c,gym_regular,no
O06748,C3245,2026-09-06,bar,12-bar box,d2c,beginner,yes
O06749,C3303,2026-09-06,bar,12-bar box,marketplace,gym_regular,no
O06750,C3464,2026-09-06,bar,12-bar box,marketplace,vegetarian,no
O06751,C3498,2026-09-06,bar,12-bar box,marketplace,beginner,no
O06752,C3744,2026-09-06,bar,12-bar box,marketplace,gym_regular,no
O06753,C0153,2026-09-07,bar,12-bar box,d2c,vegetarian,no
O06754,C0325,2026-09-07,bar,12-bar box,d2c,beginner,yes
O06755,C0425,2026-09-07,bar,12-bar box,d2c,vegetarian,yes
O06756,C0427,2026-09-07,bar,12-bar box,marketplace,gym_regular,no
O06757,C0454,2026-09-07,bar,12-bar box,d2c,endurance,no
O06758,C0484,2026-09-07,bar,12-bar box,marketplace,beginner,no
O06759,C0576,2026-09-07,bar,12-bar box,d2c,weight_loss,no
O06760,C0589,2026-09-07,bar,12-bar box,marketplace,gym_regular,no
O06761,C0610,2026-09-07,bar,12-bar box,marketplace,beginner,no
O06762,C0612,2026-09-07,bar,12-bar box,marketplace,weight_loss,no
O06763,C0729,2026-09-07,bar,12-bar box,d2c,weight_loss,yes
O06764,C0743,2026-09-07,bar,12-bar box,d2c,weight_loss,yes
O06765,C0766,2026-09-07,bar,12-bar box,d2c,gym_regular,no
O06766,C0818,2026-09-07,bar,12-bar box,d2c,endurance,yes
O06767,C1255,2026-09-07,bar,12-bar box,marketplace,vegetarian,no
O06768,C1301,2026-09-07,bar,12-bar box,marketplace,gym_regular,no
O06769,C1339,2026-09-07,bar,12-bar box,d2c,gym_regular,no
O06770,C1342,2026-09-07,bar,12-bar box,d2c,endurance,yes
O06771,C1701,2026-09-07,bar,12-bar box,d2c,gym_regular,no
O06772,C1826,2026-09-07,bar,12-bar box,d2c,endurance,yes
O06773,C2060,2026-09-07,bar,12-bar box,d2c,weight_loss,yes
O06774,C2240,2026-09-07,bar,12-bar box,marketplace,vegetarian,no
O06775,C2286,2026-09-07,bar,12-bar box,d2c,vegetarian,yes
O06776,C2551,2026-09-07,bar,12-bar box,d2c,vegetarian,yes
O06777,C2729,2026-09-07,bar,12-bar box,d2c,gym_regular,yes
O06778,C2749,2026-09-07,bar,12-bar box,d2c,gym_regular,no
O06779,C2811,2026-09-07,bar,12-bar box,d2c,gym_regular,yes
O06780,C2891,2026-09-07,bar,12-bar box,d2c,gym_regular,no
O06781,C2932,2026-09-07,bar,12-bar box,d2c,vegetarian,yes
O06782,C3070,2026-09-07,bar,12-bar box,d2c,beginner,no
O06783,C3152,2026-09-07,bar,12-bar box,d2c,vegetarian,no
O06784,C3306,2026-09-07,bar,12-bar box,d2c,gym_regular,no
O06785,C3313,2026-09-07,bar,12-bar box,d2c,gym_regular,no
O06786,C3338,2026-09-07,bar,12-bar box,d2c,gym_regular,yes
O06787,C3432,2026-09-07,bar,12-bar box,d2c,gym_regular,yes
O06788,C3439,2026-09-07,bar,12-bar box,d2c,beginner,no
O06789,C3685,2026-09-07,bar,12-bar box,marketplace,beginner,no
O06790,C3691,2026-09-07,bar,12-bar box,d2c,vegetarian,no
O06791,C3706,2026-09-07,bar,12-bar box,d2c,weight_loss,yes
O06792,C3956,2026-09-07,bar,12-bar box,marketplace,gym_regular,no
O06793,C0149,2026-09-08,bar,12-bar box,d2c,vegetarian,yes
O06794,C0183,2026-09-08,bar,12-bar box,marketplace,gym_regular,no
O06795,C0227,2026-09-08,bar,12-bar box,d2c,gym_regular,no
O06796,C0243,2026-09-08,bar,12-bar box,marketplace,weight_loss,no
O06797,C0348,2026-09-08,bar,12-bar box,marketplace,vegetarian,no
O06798,C0387,2026-09-08,bar,12-bar box,marketplace,vegetarian,no
O06799,C0736,2026-09-08,bar,12-bar box,d2c,beginner,no
O06800,C0785,2026-09-08,bar,12-bar box,d2c,gym_regular,no
O06801,C0824,2026-09-08,bar,12-bar box,marketplace,beginner,no
O06802,C0848,2026-09-08,bar,12-bar box,d2c,gym_regular,yes
O06803,C0861,2026-09-08,bar,12-bar box,d2c,vegetarian,no
O06804,C0905,2026-09-08,bar,12-bar box,marketplace,vegetarian,no
O06805,C1167,2026-09-08,bar,12-bar box,d2c,gym_regular,no
O06806,C1271,2026-09-08,bar,12-bar box,d2c,gym_regular,yes
O06807,C1565,2026-09-08,bar,12-bar box,marketplace,weight_loss,no
O06808,C1673,2026-09-08,bar,12-bar box,d2c,gym_regular,yes
O06809,C1746,2026-09-08,bar,12-bar box,d2c,beginner,yes
O06810,C1927,2026-09-08,bar,12-bar box,d2c,weight_loss,yes
O06811,C1948,2026-09-08,bar,12-bar box,d2c,vegetarian,yes
O06812,C2021,2026-09-08,bar,12-bar box,d2c,gym_regular,yes
O06813,C2168,2026-09-08,bar,12-bar box,d2c,gym_regular,no
O06814,C2348,2026-09-08,bar,12-bar box,d2c,vegetarian,yes
O06815,C2461,2026-09-08,bar,12-bar box,marketplace,vegetarian,no
O06816,C2646,2026-09-08,bar,12-bar box,marketplace,gym_regular,no
O06817,C2648,2026-09-08,bar,12-bar box,marketplace,weight_loss,no
O06818,C2698,2026-09-08,bar,12-bar box,d2c,gym_regular,yes
O06819,C2824,2026-09-08,bar,12-bar box,d2c,endurance,no
O06820,C3115,2026-09-08,bar,12-bar box,d2c,weight_loss,yes
O06821,C3210,2026-09-08,bar,12-bar box,marketplace,weight_loss,no
O06822,C3419,2026-09-08,bar,12-bar box,marketplace,gym_regular,no
O06823,C3543,2026-09-08,bar,12-bar box,d2c,gym_regular,yes
O06824,C3610,2026-09-08,bar,12-bar box,d2c,vegetarian,yes
O06825,C3745,2026-09-08,bar,12-bar box,d2c,gym_regular,yes
O06826,C3752,2026-09-08,bar,12-bar box,d2c,gym_regular,yes
O06827,C3796,2026-09-08,bar,12-bar box,d2c,gym_regular,yes
O06828,C3852,2026-09-08,bar,12-bar box,d2c,endurance,yes
O06829,C0010,2026-09-09,bar,12-bar box,d2c,weight_loss,yes
O06830,C0206,2026-09-09,bar,12-bar box,d2c,vegetarian,no
O06831,C0268,2026-09-09,bar,12-bar box,marketplace,gym_regular,no
O06832,C0473,2026-09-09,bar,12-bar box,d2c,beginner,yes
O06833,C0673,2026-09-09,bar,12-bar box,marketplace,weight_loss,no
O06834,C0721,2026-09-09,bar,12-bar box,d2c,gym_regular,no
O06835,C0777,2026-09-09,bar,12-bar box,d2c,gym_regular,no
O06836,C0821,2026-09-09,bar,12-bar box,d2c,gym_regular,yes
O06837,C1047,2026-09-09,bar,12-bar box,d2c,gym_regular,yes
O06838,C1189,2026-09-09,bar,12-bar box,d2c,gym_regular,yes
O06839,C1242,2026-09-09,bar,12-bar box,d2c,gym_regular,yes
O06840,C1268,2026-09-09,bar,12-bar box,d2c,weight_loss,yes
O06841,C1283,2026-09-09,bar,12-bar box,d2c,weight_loss,no
O06842,C1379,2026-09-09,bar,12-bar box,marketplace,weight_loss,no
O06843,C1747,2026-09-09,bar,12-bar box,d2c,weight_loss,no
O06844,C1879,2026-09-09,bar,12-bar box,d2c,beginner,yes
O06845,C1882,2026-09-09,bar,12-bar box,d2c,endurance,yes
O06846,C1945,2026-09-09,bar,12-bar box,marketplace,beginner,no
O06847,C1995,2026-09-09,bar,12-bar box,d2c,weight_loss,no
O06848,C2067,2026-09-09,bar,12-bar box,marketplace,endurance,no
O06849,C2287,2026-09-09,bar,12-bar box,d2c,weight_loss,yes
O06850,C2349,2026-09-09,bar,12-bar box,d2c,weight_loss,no
O06851,C2687,2026-09-09,bar,12-bar box,marketplace,vegetarian,no
O06852,C2692,2026-09-09,bar,12-bar box,marketplace,beginner,no
O06853,C2946,2026-09-09,bar,12-bar box,marketplace,beginner,no
O06854,C3007,2026-09-09,bar,12-bar box,marketplace,endurance,no
O06855,C3067,2026-09-09,bar,12-bar box,d2c,vegetarian,no
O06856,C3116,2026-09-09,bar,12-bar box,marketplace,gym_regular,no
O06857,C3208,2026-09-09,bar,12-bar box,d2c,weight_loss,no
O06858,C3480,2026-09-09,bar,12-bar box,marketplace,gym_regular,no
O06859,C3510,2026-09-09,bar,12-bar box,marketplace,gym_regular,no
O06860,C3586,2026-09-09,bar,12-bar box,d2c,gym_regular,yes
O06861,C3589,2026-09-09,bar,12-bar box,d2c,weight_loss,yes
O06862,C3803,2026-09-09,bar,12-bar box,d2c,gym_regular,yes
O06863,C3864,2026-09-09,bar,12-bar box,marketplace,gym_regular,no
O06864,C0116,2026-09-10,bar,12-bar box,d2c,beginner,no
O06865,C0157,2026-09-10,bar,12-bar box,marketplace,weight_loss,no
O06866,C0208,2026-09-10,bar,12-bar box,d2c,weight_loss,yes
O06867,C0278,2026-09-10,bar,12-bar box,d2c,vegetarian,yes
O06868,C0468,2026-09-10,bar,12-bar box,d2c,weight_loss,yes
O06869,C0726,2026-09-10,bar,12-bar box,d2c,vegetarian,yes
O06870,C0913,2026-09-10,bar,12-bar box,d2c,weight_loss,yes
O06871,C1087,2026-09-10,bar,12-bar box,d2c,weight_loss,yes
O06872,C1233,2026-09-10,bar,12-bar box,marketplace,beginner,no
O06873,C1238,2026-09-10,bar,12-bar box,d2c,gym_regular,no
O06874,C1399,2026-09-10,bar,12-bar box,d2c,gym_regular,no
O06875,C1527,2026-09-10,bar,12-bar box,marketplace,endurance,no
O06876,C1629,2026-09-10,bar,12-bar box,d2c,gym_regular,yes
O06877,C1639,2026-09-10,bar,12-bar box,d2c,gym_regular,yes
O06878,C1897,2026-09-10,bar,12-bar box,d2c,beginner,yes
O06879,C2115,2026-09-10,bar,12-bar box,marketplace,gym_regular,no
O06880,C2127,2026-09-10,bar,12-bar box,d2c,beginner,yes
O06881,C2358,2026-09-10,bar,12-bar box,d2c,beginner,yes
O06882,C2482,2026-09-10,bar,12-bar box,d2c,gym_regular,yes
O06883,C2627,2026-09-10,bar,12-bar box,d2c,vegetarian,yes
O06884,C3100,2026-09-10,bar,12-bar box,d2c,gym_regular,no
O06885,C3103,2026-09-10,bar,12-bar box,marketplace,beginner,no
O06886,C3106,2026-09-10,bar,12-bar box,d2c,vegetarian,no
O06887,C3136,2026-09-10,bar,12-bar box,d2c,weight_loss,no
O06888,C3389,2026-09-10,bar,12-bar box,d2c,endurance,yes
O06889,C3513,2026-09-10,bar,12-bar box,marketplace,gym_regular,no
O06890,C3554,2026-09-10,bar,12-bar box,marketplace,weight_loss,no
O06891,C3582,2026-09-10,bar,12-bar box,d2c,gym_regular,no
O06892,C3703,2026-09-10,bar,12-bar box,marketplace,endurance,no
O06893,C0159,2026-09-11,bar,12-bar box,marketplace,gym_regular,no
O06894,C0471,2026-09-11,bar,12-bar box,d2c,gym_regular,no
O06895,C0558,2026-09-11,bar,12-bar box,d2c,vegetarian,yes
O06896,C0571,2026-09-11,bar,12-bar box,d2c,beginner,yes
O06897,C0611,2026-09-11,bar,12-bar box,marketplace,gym_regular,no
O06898,C0901,2026-09-11,bar,12-bar box,d2c,weight_loss,yes
O06899,C1188,2026-09-11,bar,12-bar box,d2c,gym_regular,yes
O06900,C1225,2026-09-11,bar,12-bar box,d2c,gym_regular,no
O06901,C1264,2026-09-11,bar,12-bar box,marketplace,gym_regular,no
O06902,C1378,2026-09-11,bar,12-bar box,d2c,beginner,yes
O06903,C1751,2026-09-11,bar,12-bar box,d2c,gym_regular,no
O06904,C1814,2026-09-11,bar,12-bar box,d2c,gym_regular,yes
O06905,C2101,2026-09-11,bar,12-bar box,d2c,gym_regular,no
O06906,C2105,2026-09-11,bar,12-bar box,d2c,vegetarian,yes
O06907,C2439,2026-09-11,bar,12-bar box,d2c,endurance,yes
O06908,C2539,2026-09-11,bar,12-bar box,d2c,vegetarian,no
O06909,C2564,2026-09-11,bar,12-bar box,d2c,gym_regular,yes
O06910,C2575,2026-09-11,bar,12-bar box,d2c,beginner,no
O06911,C2587,2026-09-11,bar,12-bar box,d2c,vegetarian,yes
O06912,C2593,2026-09-11,bar,12-bar box,d2c,weight_loss,yes
O06913,C2607,2026-09-11,bar,12-bar box,d2c,gym_regular,yes
O06914,C2674,2026-09-11,bar,12-bar box,d2c,weight_loss,yes
O06915,C2679,2026-09-11,bar,12-bar box,marketplace,gym_regular,no
O06916,C2685,2026-09-11,bar,12-bar box,marketplace,gym_regular,no
O06917,C2782,2026-09-11,bar,12-bar box,marketplace,gym_regular,no
O06918,C2847,2026-09-11,bar,12-bar box,d2c,gym_regular,yes
O06919,C2902,2026-09-11,bar,12-bar box,marketplace,weight_loss,no
O06920,C3118,2026-09-11,bar,12-bar box,marketplace,endurance,no
O06921,C3154,2026-09-11,bar,12-bar box,marketplace,weight_loss,no
O06922,C3201,2026-09-11,bar,12-bar box,marketplace,gym_regular,no
O06923,C3257,2026-09-11,bar,12-bar box,marketplace,vegetarian,no
O06924,C3356,2026-09-11,bar,12-bar box,marketplace,gym_regular,no
O06925,C3559,2026-09-11,bar,12-bar box,d2c,gym_regular,no
O06926,C3595,2026-09-11,bar,12-bar box,marketplace,weight_loss,no
O06927,C3940,2026-09-11,bar,12-bar box,marketplace,gym_regular,no
O06928,C0135,2026-09-12,bar,12-bar box,marketplace,gym_regular,no
O06929,C0295,2026-09-12,bar,12-bar box,d2c,gym_regular,no
O06930,C0404,2026-09-12,bar,12-bar box,marketplace,gym_regular,no
O06931,C0448,2026-09-12,bar,12-bar box,d2c,weight_loss,no
O06932,C0632,2026-09-12,bar,12-bar box,d2c,weight_loss,yes
O06933,C0662,2026-09-12,bar,12-bar box,d2c,endurance,yes
O06934,C0696,2026-09-12,bar,12-bar box,marketplace,weight_loss,no
O06935,C0749,2026-09-12,bar,12-bar box,d2c,vegetarian,no
O06936,C0841,2026-09-12,bar,12-bar box,d2c,weight_loss,yes
O06937,C0977,2026-09-12,bar,12-bar box,d2c,gym_regular,yes
O06938,C1149,2026-09-12,bar,12-bar box,d2c,gym_regular,yes
O06939,C1197,2026-09-12,bar,12-bar box,marketplace,gym_regular,no
O06940,C1201,2026-09-12,bar,12-bar box,d2c,vegetarian,no
O06941,C1218,2026-09-12,bar,12-bar box,d2c,endurance,no
O06942,C1418,2026-09-12,bar,12-bar box,d2c,gym_regular,yes
O06943,C1443,2026-09-12,bar,12-bar box,marketplace,beginner,no
O06944,C1489,2026-09-12,bar,12-bar box,d2c,vegetarian,no
O06945,C1681,2026-09-12,bar,12-bar box,marketplace,beginner,no
O06946,C1873,2026-09-12,bar,12-bar box,marketplace,beginner,no
O06947,C2024,2026-09-12,bar,12-bar box,d2c,beginner,yes
O06948,C2034,2026-09-12,bar,12-bar box,d2c,beginner,no
O06949,C2502,2026-09-12,bar,12-bar box,marketplace,weight_loss,no
O06950,C2552,2026-09-12,bar,12-bar box,d2c,gym_regular,yes
O06951,C2716,2026-09-12,bar,12-bar box,d2c,beginner,yes
O06952,C2905,2026-09-12,bar,12-bar box,d2c,gym_regular,yes
O06953,C2983,2026-09-12,bar,12-bar box,d2c,weight_loss,yes
O06954,C3002,2026-09-12,bar,12-bar box,marketplace,gym_regular,no
O06955,C3072,2026-09-12,bar,12-bar box,marketplace,weight_loss,no
O06956,C3073,2026-09-12,bar,12-bar box,d2c,beginner,yes
O06957,C3217,2026-09-12,bar,12-bar box,d2c,vegetarian,yes
O06958,C3369,2026-09-12,bar,12-bar box,d2c,weight_loss,yes
O06959,C3557,2026-09-12,bar,12-bar box,marketplace,beginner,no
O06960,C3609,2026-09-12,bar,12-bar box,d2c,endurance,yes
O06961,C3753,2026-09-12,bar,12-bar box,d2c,gym_regular,no
O06962,C3789,2026-09-12,bar,12-bar box,d2c,beginner,no
O06963,C0088,2026-09-13,bar,12-bar box,d2c,endurance,yes
O06964,C0142,2026-09-13,bar,12-bar box,d2c,gym_regular,yes
O06965,C0466,2026-09-13,bar,12-bar box,marketplace,vegetarian,no
O06966,C0482,2026-09-13,bar,12-bar box,d2c,gym_regular,yes
O06967,C0494,2026-09-13,bar,12-bar box,d2c,endurance,no
O06968,C0554,2026-09-13,bar,12-bar box,marketplace,beginner,no
O06969,C0775,2026-09-13,bar,12-bar box,d2c,gym_regular,yes
O06970,C0834,2026-09-13,bar,12-bar box,d2c,beginner,no
O06971,C0847,2026-09-13,bar,12-bar box,d2c,vegetarian,yes
O06972,C0856,2026-09-13,bar,12-bar box,d2c,gym_regular,yes
O06973,C0879,2026-09-13,bar,12-bar box,d2c,beginner,no
O06974,C1017,2026-09-13,bar,12-bar box,marketplace,beginner,no
O06975,C1088,2026-09-13,bar,12-bar box,d2c,vegetarian,yes
O06976,C1174,2026-09-13,bar,12-bar box,marketplace,vegetarian,no
O06977,C1250,2026-09-13,bar,12-bar box,d2c,vegetarian,yes
O06978,C1312,2026-09-13,bar,12-bar box,marketplace,vegetarian,no
O06979,C1421,2026-09-13,bar,12-bar box,marketplace,beginner,no
O06980,C1770,2026-09-13,bar,12-bar box,d2c,gym_regular,yes
O06981,C1783,2026-09-13,bar,12-bar box,d2c,vegetarian,yes
O06982,C1837,2026-09-13,bar,12-bar box,d2c,vegetarian,no
O06983,C2004,2026-09-13,bar,12-bar box,marketplace,gym_regular,no
O06984,C2016,2026-09-13,bar,12-bar box,d2c,gym_regular,yes
O06985,C2045,2026-09-13,bar,12-bar box,marketplace,beginner,no
O06986,C2074,2026-09-13,bar,12-bar box,d2c,weight_loss,yes
O06987,C2090,2026-09-13,bar,12-bar box,d2c,gym_regular,yes
O06988,C2138,2026-09-13,bar,12-bar box,d2c,endurance,yes
O06989,C2547,2026-09-13,bar,12-bar box,marketplace,gym_regular,no
O06990,C2642,2026-09-13,bar,12-bar box,d2c,gym_regular,yes
O06991,C2672,2026-09-13,bar,12-bar box,d2c,beginner,yes
O06992,C2837,2026-09-13,bar,12-bar box,marketplace,gym_regular,no
O06993,C2964,2026-09-13,bar,12-bar box,marketplace,weight_loss,no
O06994,C3087,2026-09-13,bar,12-bar box,marketplace,gym_regular,no
O06995,C3195,2026-09-13,bar,12-bar box,marketplace,vegetarian,no
O06996,C3272,2026-09-13,bar,12-bar box,marketplace,beginner,no
O06997,C3314,2026-09-13,bar,12-bar box,marketplace,endurance,no
O06998,C3352,2026-09-13,bar,12-bar box,d2c,beginner,yes
O06999,C3493,2026-09-13,bar,12-bar box,marketplace,beginner,no
O07000,C3657,2026-09-13,bar,12-bar box,d2c,weight_loss,no
O07001,C3767,2026-09-13,bar,12-bar box,marketplace,gym_regular,no
O07002,C3926,2026-09-13,bar,12-bar box,marketplace,vegetarian,no
O07003,C3964,2026-09-13,bar,12-bar box,marketplace,weight_loss,no
O07004,C3978,2026-09-13,bar,12-bar box,d2c,gym_regular,no
O07005,C0112,2026-09-14,bar,12-bar box,d2c,gym_regular,yes
O07006,C0202,2026-09-14,bar,12-bar box,d2c,gym_regular,yes
O07007,C0210,2026-09-14,bar,12-bar box,d2c,endurance,no
O07008,C0252,2026-09-14,bar,12-bar box,d2c,gym_regular,no
O07009,C0423,2026-09-14,bar,12-bar box,d2c,gym_regular,yes
O07010,C0424,2026-09-14,bar,12-bar box,d2c,gym_regular,yes
O07011,C0496,2026-09-14,bar,12-bar box,d2c,gym_regular,no
O07012,C0507,2026-09-14,bar,12-bar box,marketplace,gym_regular,no
O07013,C0546,2026-09-14,bar,12-bar box,marketplace,vegetarian,no
O07014,C0548,2026-09-14,bar,12-bar box,d2c,gym_regular,yes
O07015,C0553,2026-09-14,bar,12-bar box,d2c,endurance,yes
O07016,C0574,2026-09-14,bar,12-bar box,d2c,beginner,no
O07017,C0762,2026-09-14,bar,12-bar box,marketplace,beginner,no
O07018,C1020,2026-09-14,bar,12-bar box,d2c,gym_regular,yes
O07019,C1033,2026-09-14,bar,12-bar box,d2c,beginner,yes
O07020,C1110,2026-09-14,bar,12-bar box,d2c,gym_regular,no
O07021,C1183,2026-09-14,bar,12-bar box,d2c,beginner,yes
O07022,C1354,2026-09-14,bar,12-bar box,d2c,gym_regular,yes
O07023,C1357,2026-09-14,bar,12-bar box,d2c,gym_regular,yes
O07024,C1545,2026-09-14,bar,12-bar box,marketplace,weight_loss,no
O07025,C1985,2026-09-14,bar,12-bar box,d2c,weight_loss,yes
O07026,C2146,2026-09-14,bar,12-bar box,d2c,weight_loss,yes
O07027,C2368,2026-09-14,bar,12-bar box,d2c,gym_regular,yes
O07028,C2471,2026-09-14,bar,12-bar box,d2c,vegetarian,no
O07029,C2550,2026-09-14,bar,12-bar box,d2c,weight_loss,yes
O07030,C2621,2026-09-14,bar,12-bar box,d2c,gym_regular,yes
O07031,C2691,2026-09-14,bar,12-bar box,d2c,gym_regular,no
O07032,C2759,2026-09-14,bar,12-bar box,d2c,gym_regular,yes
O07033,C2819,2026-09-14,bar,12-bar box,marketplace,beginner,no
O07034,C3062,2026-09-14,bar,12-bar box,marketplace,beginner,no
O07035,C3132,2026-09-14,bar,12-bar box,d2c,endurance,no
O07036,C3310,2026-09-14,bar,12-bar box,d2c,endurance,yes
O07037,C3563,2026-09-14,bar,12-bar box,d2c,weight_loss,yes
O07038,C3704,2026-09-14,bar,12-bar box,d2c,vegetarian,no
O07039,C3728,2026-09-14,bar,12-bar box,d2c,beginner,no
O07040,C3919,2026-09-14,bar,12-bar box,d2c,beginner,yes
O07041,C0004,2026-09-15,bar,12-bar box,d2c,gym_regular,yes
O07042,C0096,2026-09-15,bar,12-bar box,d2c,vegetarian,no
O07043,C0380,2026-09-15,bar,12-bar box,marketplace,beginner,no
O07044,C0836,2026-09-15,bar,12-bar box,d2c,weight_loss,yes
O07045,C0915,2026-09-15,bar,12-bar box,d2c,gym_regular,yes
O07046,C0942,2026-09-15,bar,12-bar box,d2c,vegetarian,no
O07047,C1026,2026-09-15,bar,12-bar box,d2c,weight_loss,no
O07048,C1075,2026-09-15,bar,12-bar box,d2c,beginner,yes
O07049,C1207,2026-09-15,bar,12-bar box,d2c,gym_regular,no
O07050,C1398,2026-09-15,bar,12-bar box,marketplace,gym_regular,no
O07051,C1456,2026-09-15,bar,12-bar box,marketplace,gym_regular,no
O07052,C1585,2026-09-15,bar,12-bar box,d2c,beginner,yes
O07053,C1603,2026-09-15,bar,12-bar box,d2c,endurance,yes
O07054,C1902,2026-09-15,bar,12-bar box,d2c,vegetarian,no
O07055,C2086,2026-09-15,bar,12-bar box,d2c,gym_regular,yes
O07056,C2262,2026-09-15,bar,12-bar box,d2c,gym_regular,yes
O07057,C2398,2026-09-15,bar,12-bar box,d2c,weight_loss,no
O07058,C2426,2026-09-15,bar,12-bar box,marketplace,beginner,no
O07059,C2456,2026-09-15,bar,12-bar box,d2c,gym_regular,no
O07060,C2500,2026-09-15,bar,12-bar box,d2c,beginner,no
O07061,C2597,2026-09-15,bar,12-bar box,d2c,gym_regular,no
O07062,C2715,2026-09-15,bar,12-bar box,d2c,endurance,yes
O07063,C2800,2026-09-15,bar,12-bar box,d2c,gym_regular,no
O07064,C2962,2026-09-15,bar,12-bar box,d2c,gym_regular,yes
O07065,C3140,2026-09-15,bar,12-bar box,d2c,endurance,yes
O07066,C3182,2026-09-15,bar,12-bar box,d2c,gym_regular,yes
O07067,C3200,2026-09-15,bar,12-bar box,d2c,gym_regular,yes
O07068,C3255,2026-09-15,bar,12-bar box,marketplace,endurance,no
O07069,C3301,2026-09-15,bar,12-bar box,d2c,vegetarian,yes
O07070,C3497,2026-09-15,bar,12-bar box,d2c,endurance,yes
O07071,C3619,2026-09-15,bar,12-bar box,marketplace,endurance,no
O07072,C3664,2026-09-15,bar,12-bar box,d2c,gym_regular,yes
O07073,C3925,2026-09-15,bar,12-bar box,marketplace,beginner,no
O07074,C0100,2026-09-16,bar,12-bar box,d2c,gym_regular,no
O07075,C0288,2026-09-16,bar,12-bar box,d2c,vegetarian,yes
O07076,C0358,2026-09-16,bar,12-bar box,d2c,weight_loss,yes
O07077,C0394,2026-09-16,bar,12-bar box,marketplace,weight_loss,no
O07078,C0598,2026-09-16,bar,12-bar box,d2c,weight_loss,yes
O07079,C0617,2026-09-16,bar,12-bar box,d2c,gym_regular,yes
O07080,C0660,2026-09-16,bar,12-bar box,d2c,gym_regular,yes
O07081,C0720,2026-09-16,bar,12-bar box,marketplace,beginner,no
O07082,C0969,2026-09-16,bar,12-bar box,marketplace,weight_loss,no
O07083,C1186,2026-09-16,bar,12-bar box,d2c,endurance,no
O07084,C1274,2026-09-16,bar,12-bar box,marketplace,beginner,no
O07085,C1425,2026-09-16,bar,12-bar box,d2c,gym_regular,yes
O07086,C1450,2026-09-16,bar,12-bar box,d2c,beginner,yes
O07087,C1497,2026-09-16,bar,12-bar box,d2c,vegetarian,no
O07088,C1648,2026-09-16,bar,12-bar box,d2c,gym_regular,no
O07089,C1664,2026-09-16,bar,12-bar box,d2c,weight_loss,yes
O07090,C1711,2026-09-16,bar,12-bar box,d2c,beginner,yes
O07091,C1772,2026-09-16,bar,12-bar box,d2c,vegetarian,yes
O07092,C1805,2026-09-16,bar,12-bar box,d2c,gym_regular,yes
O07093,C1835,2026-09-16,bar,12-bar box,d2c,gym_regular,no
O07094,C1924,2026-09-16,bar,12-bar box,marketplace,gym_regular,no
O07095,C2359,2026-09-16,bar,12-bar box,marketplace,beginner,no
O07096,C2494,2026-09-16,bar,12-bar box,d2c,beginner,yes
O07097,C2606,2026-09-16,bar,12-bar box,d2c,weight_loss,no
O07098,C2696,2026-09-16,bar,12-bar box,d2c,weight_loss,yes
O07099,C2740,2026-09-16,bar,12-bar box,marketplace,beginner,no
O07100,C2879,2026-09-16,bar,12-bar box,d2c,gym_regular,yes
O07101,C3057,2026-09-16,bar,12-bar box,d2c,gym_regular,yes
O07102,C3171,2026-09-16,bar,12-bar box,d2c,vegetarian,yes
O07103,C3244,2026-09-16,bar,12-bar box,marketplace,weight_loss,no
O07104,C3276,2026-09-16,bar,12-bar box,d2c,weight_loss,yes
O07105,C3371,2026-09-16,bar,12-bar box,d2c,gym_regular,yes
O07106,C3378,2026-09-16,bar,12-bar box,marketplace,gym_regular,no
O07107,C3430,2026-09-16,bar,12-bar box,d2c,weight_loss,yes
O07108,C3725,2026-09-16,bar,12-bar box,d2c,beginner,no
O07109,C3882,2026-09-16,bar,12-bar box,d2c,vegetarian,no
O07110,C0012,2026-09-17,bar,12-bar box,d2c,gym_regular,yes
O07111,C0379,2026-09-17,bar,12-bar box,d2c,endurance,yes
O07112,C0416,2026-09-17,bar,12-bar box,d2c,weight_loss,yes
O07113,C0521,2026-09-17,bar,12-bar box,d2c,beginner,yes
O07114,C0670,2026-09-17,bar,12-bar box,d2c,vegetarian,no
O07115,C0771,2026-09-17,bar,12-bar box,d2c,vegetarian,yes
O07116,C0799,2026-09-17,bar,12-bar box,d2c,gym_regular,yes
O07117,C1155,2026-09-17,bar,12-bar box,d2c,gym_regular,yes
O07118,C1196,2026-09-17,bar,12-bar box,d2c,weight_loss,yes
O07119,C1343,2026-09-17,bar,12-bar box,d2c,weight_loss,yes
O07120,C1653,2026-09-17,bar,12-bar box,d2c,weight_loss,yes
O07121,C1678,2026-09-17,bar,12-bar box,d2c,gym_regular,yes
O07122,C1680,2026-09-17,bar,12-bar box,d2c,gym_regular,yes
O07123,C1699,2026-09-17,bar,12-bar box,d2c,beginner,no
O07124,C1705,2026-09-17,bar,12-bar box,d2c,beginner,no
O07125,C1731,2026-09-17,bar,12-bar box,d2c,gym_regular,yes
O07126,C1755,2026-09-17,bar,12-bar box,marketplace,gym_regular,no
O07127,C2109,2026-09-17,bar,12-bar box,d2c,beginner,yes
O07128,C2340,2026-09-17,bar,12-bar box,d2c,gym_regular,no
O07129,C2448,2026-09-17,bar,12-bar box,marketplace,endurance,no
O07130,C2633,2026-09-17,bar,12-bar box,marketplace,vegetarian,no
O07131,C2899,2026-09-17,bar,12-bar box,d2c,beginner,yes
O07132,C2907,2026-09-17,bar,12-bar box,d2c,weight_loss,yes
O07133,C3189,2026-09-17,bar,12-bar box,d2c,gym_regular,yes
O07134,C3224,2026-09-17,bar,12-bar box,d2c,endurance,yes
O07135,C3321,2026-09-17,bar,12-bar box,d2c,weight_loss,yes
O07136,C3355,2026-09-17,bar,12-bar box,d2c,gym_regular,no
O07137,C3364,2026-09-17,bar,12-bar box,marketplace,gym_regular,no
O07138,C3383,2026-09-17,bar,12-bar box,d2c,gym_regular,yes
O07139,C3421,2026-09-17,bar,12-bar box,d2c,beginner,yes
O07140,C3440,2026-09-17,bar,12-bar box,d2c,beginner,no
O07141,C3516,2026-09-17,bar,12-bar box,d2c,gym_regular,no
O07142,C3524,2026-09-17,bar,12-bar box,d2c,endurance,no
O07143,C3568,2026-09-17,bar,12-bar box,marketplace,endurance,no
O07144,C3651,2026-09-17,bar,12-bar box,marketplace,beginner,no
O07145,C3907,2026-09-17,bar,12-bar box,marketplace,vegetarian,no
O07146,C0313,2026-09-18,bar,12-bar box,d2c,gym_regular,yes
O07147,C0342,2026-09-18,bar,12-bar box,d2c,gym_regular,yes
O07148,C0405,2026-09-18,bar,12-bar box,d2c,gym_regular,yes
O07149,C0457,2026-09-18,bar,12-bar box,d2c,beginner,no
O07150,C0791,2026-09-18,bar,12-bar box,marketplace,gym_regular,no
O07151,C0855,2026-09-18,bar,12-bar box,d2c,weight_loss,yes
O07152,C0871,2026-09-18,bar,12-bar box,d2c,vegetarian,no
O07153,C0954,2026-09-18,bar,12-bar box,marketplace,gym_regular,no
O07154,C0956,2026-09-18,bar,12-bar box,d2c,weight_loss,yes
O07155,C0999,2026-09-18,bar,12-bar box,marketplace,gym_regular,no
O07156,C1034,2026-09-18,bar,12-bar box,marketplace,weight_loss,no
O07157,C1037,2026-09-18,bar,12-bar box,marketplace,weight_loss,no
O07158,C1458,2026-09-18,bar,12-bar box,marketplace,gym_regular,no
O07159,C1642,2026-09-18,bar,12-bar box,d2c,beginner,no
O07160,C1643,2026-09-18,bar,12-bar box,marketplace,gym_regular,no
O07161,C1672,2026-09-18,bar,12-bar box,d2c,beginner,no
O07162,C1696,2026-09-18,bar,12-bar box,marketplace,vegetarian,no
O07163,C1745,2026-09-18,bar,12-bar box,marketplace,beginner,no
O07164,C1756,2026-09-18,bar,12-bar box,d2c,vegetarian,yes
O07165,C1905,2026-09-18,bar,12-bar box,d2c,gym_regular,yes
O07166,C2053,2026-09-18,bar,12-bar box,d2c,endurance,no
O07167,C2141,2026-09-18,bar,12-bar box,marketplace,beginner,no
O07168,C2149,2026-09-18,bar,12-bar box,d2c,gym_regular,no
O07169,C2394,2026-09-18,bar,12-bar box,marketplace,gym_regular,no
O07170,C2695,2026-09-18,bar,12-bar box,d2c,weight_loss,yes
O07171,C2920,2026-09-18,bar,12-bar box,marketplace,endurance,no
O07172,C3086,2026-09-18,bar,12-bar box,d2c,vegetarian,no
O07173,C3354,2026-09-18,bar,12-bar box,marketplace,endurance,no
O07174,C3528,2026-09-18,bar,12-bar box,d2c,weight_loss,yes
O07175,C3604,2026-09-18,bar,12-bar box,d2c,gym_regular,yes
O07176,C3849,2026-09-18,bar,12-bar box,d2c,gym_regular,yes
O07177,C0144,2026-09-19,bar,12-bar box,d2c,weight_loss,yes
O07178,C0440,2026-09-19,bar,12-bar box,d2c,beginner,yes
O07179,C0450,2026-09-19,bar,12-bar box,d2c,weight_loss,no
O07180,C0764,2026-09-19,bar,12-bar box,d2c,endurance,no
O07181,C0946,2026-09-19,bar,12-bar box,marketplace,endurance,no
O07182,C0959,2026-09-19,bar,12-bar box,d2c,beginner,yes
O07183,C1162,2026-09-19,bar,12-bar box,marketplace,gym_regular,no
O07184,C1347,2026-09-19,bar,12-bar box,d2c,gym_regular,yes
O07185,C1384,2026-09-19,bar,12-bar box,d2c,weight_loss,no
O07186,C1649,2026-09-19,bar,12-bar box,marketplace,weight_loss,no
O07187,C1683,2026-09-19,bar,12-bar box,d2c,weight_loss,yes
O07188,C1790,2026-09-19,bar,12-bar box,marketplace,weight_loss,no
O07189,C1885,2026-09-19,bar,12-bar box,marketplace,gym_regular,no
O07190,C1952,2026-09-19,bar,12-bar box,d2c,vegetarian,yes
O07191,C1964,2026-09-19,bar,12-bar box,marketplace,gym_regular,no
O07192,C1972,2026-09-19,bar,12-bar box,marketplace,weight_loss,no
O07193,C2089,2026-09-19,bar,12-bar box,d2c,weight_loss,yes
O07194,C2155,2026-09-19,bar,12-bar box,d2c,beginner,yes
O07195,C2304,2026-09-19,bar,12-bar box,d2c,gym_regular,yes
O07196,C2370,2026-09-19,bar,12-bar box,d2c,gym_regular,yes
O07197,C2529,2026-09-19,bar,12-bar box,marketplace,endurance,no
O07198,C2841,2026-09-19,bar,12-bar box,d2c,gym_regular,no
O07199,C2863,2026-09-19,bar,12-bar box,d2c,beginner,yes
O07200,C3335,2026-09-19,bar,12-bar box,d2c,vegetarian,yes
O07201,C3515,2026-09-19,bar,12-bar box,d2c,endurance,no
O07202,C3533,2026-09-19,bar,12-bar box,d2c,gym_regular,no
O07203,C3637,2026-09-19,bar,12-bar box,d2c,gym_regular,yes
O07204,C3819,2026-09-19,bar,12-bar box,d2c,weight_loss,yes
O07205,C4000,2026-09-19,bar,12-bar box,d2c,beginner,no
O07206,C0029,2026-09-20,bar,12-bar box,marketplace,weight_loss,no
O07207,C0481,2026-09-20,bar,12-bar box,marketplace,gym_regular,no
O07208,C1113,2026-09-20,bar,12-bar box,d2c,vegetarian,yes
O07209,C1245,2026-09-20,bar,12-bar box,d2c,weight_loss,yes
O07210,C1393,2026-09-20,bar,12-bar box,d2c,gym_regular,yes
O07211,C1435,2026-09-20,bar,12-bar box,d2c,beginner,yes
O07212,C1480,2026-09-20,bar,12-bar box,marketplace,gym_regular,no
O07213,C1535,2026-09-20,bar,12-bar box,d2c,gym_regular,yes
O07214,C1543,2026-09-20,bar,12-bar box,d2c,weight_loss,no
O07215,C1561,2026-09-20,bar,12-bar box,marketplace,weight_loss,no
O07216,C1862,2026-09-20,bar,12-bar box,d2c,vegetarian,yes
O07217,C1935,2026-09-20,bar,12-bar box,d2c,weight_loss,no
O07218,C2062,2026-09-20,bar,12-bar box,marketplace,beginner,no
O07219,C2071,2026-09-20,bar,12-bar box,d2c,vegetarian,yes
O07220,C2190,2026-09-20,bar,12-bar box,marketplace,weight_loss,no
O07221,C2247,2026-09-20,bar,12-bar box,marketplace,vegetarian,no
O07222,C2253,2026-09-20,bar,12-bar box,d2c,gym_regular,yes
O07223,C2254,2026-09-20,bar,12-bar box,marketplace,weight_loss,no
O07224,C2318,2026-09-20,bar,12-bar box,d2c,gym_regular,no
O07225,C2371,2026-09-20,bar,12-bar box,d2c,gym_regular,no
O07226,C2595,2026-09-20,bar,12-bar box,d2c,gym_regular,yes
O07227,C2930,2026-09-20,bar,12-bar box,marketplace,beginner,no
O07228,C3028,2026-09-20,bar,12-bar box,marketplace,endurance,no
O07229,C3046,2026-09-20,bar,12-bar box,marketplace,beginner,no
O07230,C3110,2026-09-20,bar,12-bar box,d2c,gym_regular,yes
O07231,C3143,2026-09-20,bar,12-bar box,d2c,beginner,no
O07232,C3431,2026-09-20,bar,12-bar box,marketplace,beginner,no
O07233,C3507,2026-09-20,bar,12-bar box,d2c,weight_loss,no
O07234,C3541,2026-09-20,bar,12-bar box,marketplace,vegetarian,no
O07235,C3719,2026-09-20,bar,12-bar box,d2c,vegetarian,yes
O07236,C0021,2026-09-21,bar,12-bar box,d2c,endurance,yes
O07237,C0030,2026-09-21,bar,12-bar box,d2c,weight_loss,yes
O07238,C0273,2026-09-21,bar,12-bar box,marketplace,weight_loss,no
O07239,C0497,2026-09-21,bar,12-bar box,marketplace,beginner,no
O07240,C0560,2026-09-21,bar,12-bar box,d2c,vegetarian,yes
O07241,C0594,2026-09-21,bar,12-bar box,d2c,endurance,yes
O07242,C0623,2026-09-21,bar,12-bar box,marketplace,gym_regular,no
O07243,C1089,2026-09-21,bar,12-bar box,marketplace,weight_loss,no
O07244,C1094,2026-09-21,bar,12-bar box,marketplace,gym_regular,no
O07245,C1216,2026-09-21,bar,12-bar box,d2c,gym_regular,yes
O07246,C1333,2026-09-21,bar,12-bar box,d2c,vegetarian,yes
O07247,C1530,2026-09-21,bar,12-bar box,marketplace,gym_regular,no
O07248,C1620,2026-09-21,bar,12-bar box,d2c,gym_regular,yes
O07249,C1636,2026-09-21,bar,12-bar box,marketplace,beginner,no
O07250,C1656,2026-09-21,bar,12-bar box,d2c,beginner,yes
O07251,C1658,2026-09-21,bar,12-bar box,marketplace,weight_loss,no
O07252,C1742,2026-09-21,bar,12-bar box,d2c,endurance,no
O07253,C2033,2026-09-21,bar,12-bar box,marketplace,endurance,no
O07254,C2351,2026-09-21,bar,12-bar box,d2c,gym_regular,yes
O07255,C2466,2026-09-21,bar,12-bar box,d2c,gym_regular,no
O07256,C2556,2026-09-21,bar,12-bar box,marketplace,endurance,no
O07257,C2717,2026-09-21,bar,12-bar box,d2c,gym_regular,yes
O07258,C2792,2026-09-21,bar,12-bar box,d2c,gym_regular,yes
O07259,C2866,2026-09-21,bar,12-bar box,d2c,gym_regular,yes
O07260,C2933,2026-09-21,bar,12-bar box,d2c,gym_regular,yes
O07261,C3098,2026-09-21,bar,12-bar box,d2c,gym_regular,no
O07262,C3128,2026-09-21,bar,12-bar box,marketplace,gym_regular,no
O07263,C3392,2026-09-21,bar,12-bar box,d2c,gym_regular,no
O07264,C3602,2026-09-21,bar,12-bar box,d2c,weight_loss,no
O07265,C3799,2026-09-21,bar,12-bar box,marketplace,gym_regular,no
O07266,C3813,2026-09-21,bar,12-bar box,d2c,endurance,yes
O07267,C3912,2026-09-21,bar,12-bar box,marketplace,gym_regular,no
O07268,C0014,2026-09-22,bar,12-bar box,marketplace,gym_regular,no
O07269,C0037,2026-09-22,bar,12-bar box,d2c,gym_regular,yes
O07270,C0373,2026-09-22,bar,12-bar box,d2c,vegetarian,no
O07271,C0375,2026-09-22,bar,12-bar box,d2c,beginner,no
O07272,C0377,2026-09-22,bar,12-bar box,marketplace,beginner,no
O07273,C0538,2026-09-22,bar,12-bar box,d2c,gym_regular,no
O07274,C0592,2026-09-22,bar,12-bar box,marketplace,gym_regular,no
O07275,C0604,2026-09-22,bar,12-bar box,d2c,vegetarian,no
O07276,C0614,2026-09-22,bar,12-bar box,d2c,vegetarian,yes
O07277,C0709,2026-09-22,bar,12-bar box,d2c,endurance,yes
O07278,C0789,2026-09-22,bar,12-bar box,marketplace,weight_loss,no
O07279,C0937,2026-09-22,bar,12-bar box,marketplace,gym_regular,no
O07280,C1025,2026-09-22,bar,12-bar box,d2c,gym_regular,yes
O07281,C1058,2026-09-22,bar,12-bar box,d2c,weight_loss,no
O07282,C1204,2026-09-22,bar,12-bar box,marketplace,weight_loss,no
O07283,C1505,2026-09-22,bar,12-bar box,marketplace,gym_regular,no
O07284,C1817,2026-09-22,bar,12-bar box,marketplace,weight_loss,no
O07285,C1845,2026-09-22,bar,12-bar box,d2c,weight_loss,yes
O07286,C1901,2026-09-22,bar,12-bar box,d2c,gym_regular,yes
O07287,C1965,2026-09-22,bar,12-bar box,d2c,gym_regular,no
O07288,C2049,2026-09-22,bar,12-bar box,d2c,weight_loss,yes
O07289,C2153,2026-09-22,bar,12-bar box,d2c,vegetarian,yes
O07290,C2172,2026-09-22,bar,12-bar box,marketplace,gym_regular,no
O07291,C2361,2026-09-22,bar,12-bar box,d2c,vegetarian,yes
O07292,C2375,2026-09-22,bar,12-bar box,marketplace,gym_regular,no
O07293,C2636,2026-09-22,bar,12-bar box,d2c,beginner,yes
O07294,C2817,2026-09-22,bar,12-bar box,marketplace,gym_regular,no
O07295,C2981,2026-09-22,bar,12-bar box,d2c,beginner,no
O07296,C3258,2026-09-22,bar,12-bar box,marketplace,beginner,no
O07297,C3337,2026-09-22,bar,12-bar box,d2c,gym_regular,yes
O07298,C3537,2026-09-22,bar,12-bar box,d2c,vegetarian,no
O07299,C3587,2026-09-22,bar,12-bar box,d2c,gym_regular,yes
O07300,C3772,2026-09-22,bar,12-bar box,marketplace,weight_loss,no
O07301,C3809,2026-09-22,bar,12-bar box,marketplace,gym_regular,no
O07302,C3937,2026-09-22,bar,12-bar box,d2c,weight_loss,yes
O07303,C3984,2026-09-22,bar,12-bar box,d2c,gym_regular,yes
O07304,C0093,2026-09-23,bar,12-bar box,d2c,gym_regular,no
O07305,C0366,2026-09-23,bar,12-bar box,marketplace,beginner,no
O07306,C0444,2026-09-23,bar,12-bar box,marketplace,gym_regular,no
O07307,C0535,2026-09-23,bar,12-bar box,d2c,gym_regular,yes
O07308,C0543,2026-09-23,bar,12-bar box,d2c,weight_loss,no
O07309,C0805,2026-09-23,bar,12-bar box,marketplace,weight_loss,no
O07310,C1081,2026-09-23,bar,12-bar box,d2c,beginner,yes
O07311,C1140,2026-09-23,bar,12-bar box,d2c,gym_regular,yes
O07312,C1254,2026-09-23,bar,12-bar box,d2c,vegetarian,yes
O07313,C1289,2026-09-23,bar,12-bar box,d2c,weight_loss,yes
O07314,C1377,2026-09-23,bar,12-bar box,d2c,beginner,yes
O07315,C1408,2026-09-23,bar,12-bar box,marketplace,beginner,no
O07316,C1430,2026-09-23,bar,12-bar box,d2c,weight_loss,yes
O07317,C1553,2026-09-23,bar,12-bar box,d2c,vegetarian,no
O07318,C1576,2026-09-23,bar,12-bar box,d2c,gym_regular,no
O07319,C1584,2026-09-23,bar,12-bar box,d2c,gym_regular,yes
O07320,C1660,2026-09-23,bar,12-bar box,d2c,gym_regular,yes
O07321,C1933,2026-09-23,bar,12-bar box,d2c,weight_loss,no
O07322,C1987,2026-09-23,bar,12-bar box,d2c,vegetarian,no
O07323,C2065,2026-09-23,bar,12-bar box,d2c,gym_regular,yes
O07324,C2091,2026-09-23,bar,12-bar box,marketplace,weight_loss,no
O07325,C2135,2026-09-23,bar,12-bar box,d2c,vegetarian,yes
O07326,C2175,2026-09-23,bar,12-bar box,marketplace,weight_loss,no
O07327,C2214,2026-09-23,bar,12-bar box,d2c,gym_regular,yes
O07328,C2321,2026-09-23,bar,12-bar box,d2c,gym_regular,yes
O07329,C2332,2026-09-23,bar,12-bar box,d2c,gym_regular,yes
O07330,C2367,2026-09-23,bar,12-bar box,d2c,weight_loss,no
O07331,C2783,2026-09-23,bar,12-bar box,d2c,gym_regular,yes
O07332,C2877,2026-09-23,bar,12-bar box,d2c,beginner,yes
O07333,C3211,2026-09-23,bar,12-bar box,marketplace,beginner,no
O07334,C3249,2026-09-23,bar,12-bar box,marketplace,gym_regular,no
O07335,C3273,2026-09-23,bar,12-bar box,d2c,gym_regular,yes
O07336,C3345,2026-09-23,bar,12-bar box,marketplace,weight_loss,no
O07337,C3411,2026-09-23,bar,12-bar box,marketplace,gym_regular,no
O07338,C3666,2026-09-23,bar,12-bar box,marketplace,endurance,no
O07339,C3688,2026-09-23,bar,12-bar box,d2c,weight_loss,yes
O07340,C0137,2026-09-24,bar,12-bar box,d2c,gym_regular,yes
O07341,C0140,2026-09-24,bar,12-bar box,d2c,endurance,yes
O07342,C0175,2026-09-24,bar,12-bar box,d2c,weight_loss,no
O07343,C0179,2026-09-24,bar,12-bar box,marketplace,endurance,no
O07344,C0188,2026-09-24,bar,12-bar box,d2c,weight_loss,no
O07345,C0209,2026-09-24,bar,12-bar box,d2c,endurance,yes
O07346,C0321,2026-09-24,bar,12-bar box,marketplace,gym_regular,no
O07347,C0334,2026-09-24,bar,12-bar box,d2c,weight_loss,yes
O07348,C0515,2026-09-24,bar,12-bar box,marketplace,gym_regular,no
O07349,C0586,2026-09-24,bar,12-bar box,marketplace,weight_loss,no
O07350,C0730,2026-09-24,bar,12-bar box,d2c,gym_regular,yes
O07351,C0860,2026-09-24,bar,12-bar box,d2c,beginner,no
O07352,C1156,2026-09-24,bar,12-bar box,d2c,vegetarian,yes
O07353,C1541,2026-09-24,bar,12-bar box,d2c,weight_loss,no
O07354,C1654,2026-09-24,bar,12-bar box,d2c,endurance,no
O07355,C1655,2026-09-24,bar,12-bar box,d2c,beginner,yes
O07356,C2267,2026-09-24,bar,12-bar box,marketplace,beginner,no
O07357,C2409,2026-09-24,bar,12-bar box,d2c,weight_loss,yes
O07358,C2481,2026-09-24,bar,12-bar box,d2c,vegetarian,no
O07359,C2733,2026-09-24,bar,12-bar box,d2c,gym_regular,yes
O07360,C2969,2026-09-24,bar,12-bar box,marketplace,gym_regular,no
O07361,C2970,2026-09-24,bar,12-bar box,d2c,weight_loss,yes
O07362,C3033,2026-09-24,bar,12-bar box,d2c,beginner,no
O07363,C3080,2026-09-24,bar,12-bar box,d2c,gym_regular,yes
O07364,C3188,2026-09-24,bar,12-bar box,d2c,weight_loss,no
O07365,C3212,2026-09-24,bar,12-bar box,marketplace,vegetarian,no
O07366,C3247,2026-09-24,bar,12-bar box,d2c,endurance,no
O07367,C3502,2026-09-24,bar,12-bar box,d2c,beginner,no
O07368,C3558,2026-09-24,bar,12-bar box,d2c,endurance,no
O07369,C3721,2026-09-24,bar,12-bar box,marketplace,vegetarian,no
O07370,C3824,2026-09-24,bar,12-bar box,d2c,endurance,yes
O07371,C3901,2026-09-24,bar,12-bar box,marketplace,gym_regular,no
O07372,C3959,2026-09-24,bar,12-bar box,marketplace,gym_regular,no
O07373,C3963,2026-09-24,bar,12-bar box,marketplace,weight_loss,no
